country,year,CO2_per_capita
ABW,1990,7.5609999999999999
ABW,1991,7.9809999999999999
ABW,1992,7.8179999999999996
ABW,1993,9.1229999999999993
ABW,1994,8.9760000000000009
ABW,1995,9.3610000000000007
ABW,1996,9.1950000000000003
ABW,1997,9.3490000000000002
ABW,1998,9.6199999999999992
ABW,1999,9.3629999999999995
ABW,2000,26.786999999999999
ABW,2001,26.652000000000001
ABW,2002,26.66
ABW,2003,27.741
ABW,2004,28.062999999999999
ABW,2005,28.809999999999999
ABW,2006,28.420000000000002
ABW,2007,29.204999999999998
ABW,2008,27.157
ABW,2009,26.526
ABW,2010,25.030000000000001
ABW,2011,24.706
ABW,2012,13.212
ABW,2013,8.3949999999999996
ABW,2014,8.4350000000000005
ABW,2015,8.6150000000000002
ABW,2016,8.4109999999999996
ABW,2017,8.4199999999999999
ABW,2018,8.1579999999999995
ABW,2019,7.7670000000000003
ABW,2020,7.641
AFG,1990,0.16800000000000001
AFG,1991,0.156
AFG,1992,0.112
AFG,1993,0.10000000000000001
AFG,1994,0.088999999999999996
AFG,1995,0.083000000000000004
AFG,1996,0.076999999999999999
AFG,1997,0.070999999999999994
AFG,1998,0.067000000000000004
AFG,1999,0.055
AFG,2000,0.051999999999999998
AFG,2001,0.052999999999999999
AFG,2002,0.063
AFG,2003,0.069000000000000006
AFG,2004,0.052999999999999999
AFG,2005,0.076999999999999999
AFG,2006,0.085000000000000006
AFG,2007,0.108
AFG,2008,0.161
AFG,2009,0.23300000000000001
AFG,2010,0.29599999999999999
AFG,2011,0.38900000000000001
AFG,2012,0.318
AFG,2013,0.28100000000000003
AFG,2014,0.26500000000000001
AFG,2015,0.27700000000000002
AFG,2016,0.248
AFG,2017,0.26100000000000001
AFG,2018,0.27700000000000002
AFG,2019,0.27500000000000002
AFG,2020,0.28499999999999998
AGO,1990,0.438
AGO,1991,0.42099999999999999
AGO,1992,0.41599999999999998
AGO,1993,0.44800000000000001
AGO,1994,0.85699999999999998
AGO,1995,0.92100000000000004
AGO,1996,1.0760000000000001
AGO,1997,1.083
AGO,1998,1.089
AGO,1999,1.1020000000000001
AGO,2000,0.98799999999999999
AGO,2001,0.94999999999999996
AGO,2002,0.92800000000000005
AGO,2003,0.97399999999999998
AGO,2004,0.91500000000000004
AGO,2005,0.79800000000000004
AGO,2006,0.85699999999999998
AGO,2007,0.84599999999999997
AGO,2008,0.86899999999999999
AGO,2009,0.92200000000000004
AGO,2010,0.98699999999999999
AGO,2011,0.96599999999999997
AGO,2012,1.03
AGO,2013,0.98299999999999998
AGO,2014,0.96099999999999997
AGO,2015,0.97699999999999998
AGO,2016,0.873
AGO,2017,0.78100000000000003
AGO,2018,0.74399999999999999
AGO,2019,0.68600000000000005
AGO,2020,0.495
ALB,1990,1.6839999999999999
ALB,1991,1.3069999999999999
ALB,1992,0.76700000000000002
ALB,1993,0.71299999999999997
ALB,1994,0.58799999999999997
ALB,1995,0.64100000000000001
ALB,1996,0.622
ALB,1997,0.47799999999999998
ALB,1998,0.54700000000000004
ALB,1999,0.93700000000000006
ALB,2000,0.95499999999999996
ALB,2001,1.0229999999999999
ALB,2002,1.196
ALB,2003,1.3799999999999999
ALB,2004,1.3480000000000001
ALB,2005,1.385
ALB,2006,1.282
ALB,2007,1.3240000000000001
ALB,2008,1.486
ALB,2009,1.476
ALB,2010,1.645
ALB,2011,1.778
ALB,2012,1.694
ALB,2013,1.839
ALB,2014,2.0910000000000002
ALB,2015,1.6259999999999999
ALB,2016,1.5720000000000001
ALB,2017,1.8440000000000001
ALB,2018,1.7949999999999999
ALB,2019,1.712
ALB,2020,1.694
AND,1990,7.6600000000000001
AND,1991,7.109
AND,1992,6.6929999999999996
AND,1993,6.4260000000000002
AND,1994,6.2359999999999998
AND,1995,6.6479999999999997
AND,1996,7.0979999999999999
AND,1997,7.1900000000000004
AND,1998,7.5069999999999997
AND,1999,7.8040000000000003
AND,2000,7.9749999999999996
AND,2001,7.9539999999999997
AND,2002,7.9859999999999998
AND,2003,7.6959999999999997
AND,2004,7.5899999999999999
AND,2005,7.476
AND,2006,6.8579999999999997
AND,2007,6.5759999999999996
AND,2008,6.4489999999999998
AND,2009,6.157
AND,2010,6.4000000000000004
AND,2011,6.3109999999999999
AND,2012,6.3399999999999999
AND,2013,6.3319999999999999
AND,2014,6.2590000000000003
AND,2015,6.4450000000000003
AND,2016,6.5469999999999997
AND,2017,6.4059999999999997
AND,2018,6.6280000000000001
AND,2019,6.4189999999999996
AND,2020,4.8760000000000003
ARE,1990,27.346
ARE,1991,28.353999999999999
ARE,1992,27.428999999999998
ARE,1993,29.626000000000001
ARE,1994,32.363999999999997
ARE,1995,29.931999999999999
ARE,1996,29.195
ARE,1997,26.015999999999998
ARE,1998,26.516999999999999
ARE,1999,23.835000000000001
ARE,2000,32.137999999999998
ARE,2001,27.364999999999998
ARE,2002,21.536000000000001
ARE,2003,25.547000000000001
ARE,2004,25.393999999999998
ARE,2005,24.710999999999999
ARE,2006,24.5
ARE,2007,23.841999999999999
ARE,2008,24.597999999999999
ARE,2009,25.210000000000001
ARE,2010,26.786000000000001
ARE,2011,27.574000000000002
ARE,2012,27.786999999999999
ARE,2013,27.347999999999999
ARE,2014,26.045000000000002
ARE,2015,25.943000000000001
ARE,2016,25.234999999999999
ARE,2017,21.279
ARE,2018,21.837
ARE,2019,21.760000000000002
ARE,2020,22.783000000000001
ARG,1990,3.4249999999999998
ARG,1991,3.5430000000000001
ARG,1992,3.6059999999999999
ARG,1993,3.456
ARG,1994,3.4239999999999999
ARG,1995,3.5760000000000001
ARG,1996,3.7010000000000001
ARG,1997,3.7999999999999998
ARG,1998,3.835
ARG,1999,4.032
ARG,2000,3.8519999999999999
ARG,2001,3.5880000000000001
ARG,2002,3.2850000000000001
ARG,2003,3.4980000000000002
ARG,2004,4.0510000000000002
ARG,2005,4.1239999999999997
ARG,2006,4.4000000000000004
ARG,2007,4.3419999999999996
ARG,2008,4.641
ARG,2009,4.3659999999999997
ARG,2010,4.508
ARG,2011,4.5499999999999998
ARG,2012,4.5469999999999997
ARG,2013,4.4509999999999996
ARG,2014,4.3819999999999997
ARG,2015,4.4119999999999999
ARG,2016,4.3280000000000003
ARG,2017,4.2240000000000002
ARG,2018,4.0869999999999997
ARG,2019,4.0119999999999996
ARG,2020,3.6429999999999998
ARM,1990,2.5350000000000001
ARM,1991,2.0430000000000001
ARM,1992,1.6020000000000001
ARM,1993,0.72699999999999998
ARM,1994,0.79800000000000004
ARM,1995,1.0169999999999999
ARM,1996,0.76300000000000001
ARM,1997,1.002
ARM,1998,1.0660000000000001
ARM,1999,0.95999999999999996
ARM,2000,1.117
ARM,2001,1.145
ARM,2002,1.0069999999999999
ARM,2003,1.137
ARM,2004,1.2210000000000001
ARM,2005,1.456
ARM,2006,1.472
ARM,2007,1.714
ARM,2008,1.883
ARM,2009,1.4810000000000001
ARM,2010,1.452
ARM,2011,1.7
ARM,2012,1.9670000000000001
ARM,2013,1.8939999999999999
ARM,2014,1.9179999999999999
ARM,2015,1.8720000000000001
ARM,2016,1.784
ARM,2017,1.899
ARM,2018,2.0009999999999999
ARM,2019,2.1640000000000001
ARM,2020,2.351
ATG,1990,3.8330000000000002
ATG,1991,3.9289999999999998
ATG,1992,3.867
ATG,1993,3.9100000000000001
ATG,1994,4
ATG,1995,3.9750000000000001
ATG,1996,4.1040000000000001
ATG,1997,4.3310000000000004
ATG,1998,4.452
ATG,1999,4.6740000000000004
ATG,2000,4.7430000000000003
ATG,2001,4.9119999999999999
ATG,2002,5.2309999999999999
ATG,2003,5.5499999999999998
ATG,2004,5.7240000000000002
ATG,2005,6.0279999999999996
ATG,2006,6.4080000000000004
ATG,2007,6.5460000000000003
ATG,2008,6.4950000000000001
ATG,2009,6.6150000000000002
ATG,2010,6.4400000000000004
ATG,2011,6.3220000000000001
ATG,2012,6.3810000000000002
ATG,2013,6.3230000000000004
ATG,2014,6.3970000000000002
ATG,2015,6.4740000000000002
ATG,2016,6.5970000000000004
ATG,2017,6.641
ATG,2018,6.7690000000000001
ATG,2019,6.9770000000000003
ATG,2020,6.7009999999999996
AUS,1990,16.236000000000001
AUS,1991,16.103000000000002
AUS,1992,16.207999999999998
AUS,1993,16.294
AUS,1994,16.405000000000001
AUS,1995,16.853000000000002
AUS,1996,17.036000000000001
AUS,1997,17.306000000000001
AUS,1998,17.861000000000001
AUS,1999,18.184999999999999
AUS,2000,18.288
AUS,2001,18.469000000000001
AUS,2002,18.495000000000001
AUS,2003,18.707999999999998
AUS,2004,19.056000000000001
AUS,2005,18.975000000000001
AUS,2006,19.007000000000001
AUS,2007,19.036000000000001
AUS,2008,18.917999999999999
AUS,2009,18.683
AUS,2010,18.292999999999999
AUS,2011,17.966000000000001
AUS,2012,17.722000000000001
AUS,2013,17.122
AUS,2014,16.638999999999999
AUS,2015,16.727
AUS,2016,16.838000000000001
AUS,2017,16.716000000000001
AUS,2018,16.512
AUS,2019,16.283000000000001
AUS,2020,15.481
AUT,1990,8.0980000000000008
AUT,1991,8.4809999999999999
AUT,1992,7.6879999999999997
AUT,1993,7.6779999999999999
AUT,1994,7.694
AUT,1995,8.0579999999999998
AUT,1996,8.468
AUT,1997,8.4450000000000003
AUT,1998,8.3900000000000006
AUT,1999,8.2149999999999999
AUT,2000,8.2620000000000005
AUT,2001,8.7279999999999998
AUT,2002,8.9079999999999995
AUT,2003,9.5299999999999994
AUT,2004,9.5079999999999991
AUT,2005,9.6120000000000001
AUT,2006,9.2859999999999996
AUT,2007,8.9299999999999997
AUT,2008,8.827
AUT,2009,8.0649999999999995
AUT,2010,8.6069999999999993
AUT,2011,8.327
AUT,2012,7.9770000000000003
AUT,2013,7.9889999999999999
AUT,2014,7.5060000000000002
AUT,2015,7.6769999999999996
AUT,2016,7.6929999999999996
AUT,2017,7.9100000000000001
AUT,2018,7.5289999999999999
AUT,2019,7.6509999999999998
AUT,2020,6.9699999999999998
AZE,1990,7.101
AZE,1991,6.8460000000000001
AZE,1992,7.585
AZE,1993,6.4509999999999996
AZE,1994,5.5129999999999999
AZE,1995,4.3150000000000004
AZE,1996,3.9900000000000002
AZE,1997,3.7599999999999998
AZE,1998,3.96
AZE,1999,3.5579999999999998
AZE,2000,3.641
AZE,2001,3.444
AZE,2002,3.431
AZE,2003,3.629
AZE,2004,3.7989999999999999
AZE,2005,3.9769999999999999
AZE,2006,3.9630000000000001
AZE,2007,3.4020000000000001
AZE,2008,3.694
AZE,2009,3.2170000000000001
AZE,2010,3.012
AZE,2011,3.2639999999999998
AZE,2012,3.4950000000000001
AZE,2013,3.5310000000000001
AZE,2014,3.5659999999999998
AZE,2015,3.556
AZE,2016,3.5190000000000001
AZE,2017,3.4809999999999999
AZE,2018,3.444
AZE,2019,3.734
AZE,2020,3.5590000000000002
BDI,1990,0.036999999999999998
BDI,1991,0.042000000000000003
BDI,1992,0.036999999999999998
BDI,1993,0.040000000000000001
BDI,1994,0.041000000000000002
BDI,1995,0.039
BDI,1996,0.040000000000000001
BDI,1997,0.041000000000000002
BDI,1998,0.040000000000000001
BDI,1999,0.040000000000000001
BDI,2000,0.042000000000000003
BDI,2001,0.031
BDI,2002,0.031
BDI,2003,0.024
BDI,2004,0.027
BDI,2005,0.021000000000000001
BDI,2006,0.024
BDI,2007,0.023
BDI,2008,0.024
BDI,2009,0.024
BDI,2010,0.035999999999999997
BDI,2011,0.042999999999999997
BDI,2012,0.039
BDI,2013,0.042000000000000003
BDI,2014,0.033000000000000002
BDI,2015,0.032000000000000001
BDI,2016,0.037999999999999999
BDI,2017,0.044999999999999998
BDI,2018,0.053999999999999999
BDI,2019,0.056000000000000001
BDI,2020,0.058999999999999997
BEL,1990,12.081
BEL,1991,12.340999999999999
BEL,1992,12.196
BEL,1993,12.042999999999999
BEL,1994,12.34
BEL,1995,12.426
BEL,1996,12.75
BEL,1997,12.180999999999999
BEL,1998,12.766
BEL,1999,12.195
BEL,2000,12.366
BEL,2001,12.257
BEL,2002,12.279
BEL,2003,12.364000000000001
BEL,2004,12.359999999999999
BEL,2005,11.992000000000001
BEL,2006,11.746
BEL,2007,11.34
BEL,2008,11.224
BEL,2009,9.9700000000000006
BEL,2010,10.475
BEL,2011,9.5259999999999998
BEL,2012,9.2270000000000003
BEL,2013,9.2129999999999992
BEL,2014,8.6600000000000001
BEL,2015,8.9870000000000001
BEL,2016,8.8079999999999998
BEL,2017,8.7270000000000003
BEL,2018,8.7720000000000002
BEL,2019,8.6850000000000005
BEL,2020,7.9080000000000004
BEN,1990,0.11
BEN,1991,0.114
BEN,1992,0.11899999999999999
BEN,1993,0.13700000000000001
BEN,1994,0.14999999999999999
BEN,1995,0.154
BEN,1996,0.185
BEN,1997,0.186
BEN,1998,0.16400000000000001
BEN,1999,0.20899999999999999
BEN,2000,0.20399999999999999
BEN,2001,0.22700000000000001
BEN,2002,0.27500000000000002
BEN,2003,0.30299999999999999
BEN,2004,0.318
BEN,2005,0.29499999999999998
BEN,2006,0.38500000000000001
BEN,2007,0.439
BEN,2008,0.42499999999999999
BEN,2009,0.44400000000000001
BEN,2010,0.47799999999999998
BEN,2011,0.44400000000000001
BEN,2012,0.42299999999999999
BEN,2013,0.42599999999999999
BEN,2014,0.433
BEN,2015,0.46800000000000003
BEN,2016,0.45400000000000001
BEN,2017,0.46100000000000002
BEN,2018,0.45800000000000002
BEN,2019,0.41399999999999998
BEN,2020,0.42399999999999999
BFA,1990,0.065000000000000002
BFA,1991,0.068000000000000005
BFA,1992,0.066000000000000003
BFA,1993,0.064000000000000001
BFA,1994,0.065000000000000002
BFA,1995,0.064000000000000001
BFA,1996,0.068000000000000005
BFA,1997,0.070000000000000007
BFA,1998,0.074999999999999997
BFA,1999,0.089999999999999997
BFA,2000,0.078
BFA,2001,0.086999999999999994
BFA,2002,0.084000000000000005
BFA,2003,0.090999999999999998
BFA,2004,0.082000000000000003
BFA,2005,0.079000000000000001
BFA,2006,0.085000000000000006
BFA,2007,0.109
BFA,2008,0.11899999999999999
BFA,2009,0.11700000000000001
BFA,2010,0.123
BFA,2011,0.129
BFA,2012,0.152
BFA,2013,0.159
BFA,2014,0.157
BFA,2015,0.19900000000000001
BFA,2016,0.20599999999999999
BFA,2017,0.23200000000000001
BFA,2018,0.25600000000000001
BFA,2019,0.26800000000000002
BFA,2020,0.26200000000000001
BGD,1990,0.126
BGD,1991,0.13
BGD,1992,0.13300000000000001
BGD,1993,0.13600000000000001
BGD,1994,0.14599999999999999
BGD,1995,0.17199999999999999
BGD,1996,0.17199999999999999
BGD,1997,0.182
BGD,1998,0.17899999999999999
BGD,1999,0.19
BGD,2000,0.19700000000000001
BGD,2001,0.22700000000000001
BGD,2002,0.23000000000000001
BGD,2003,0.23799999999999999
BGD,2004,0.252
BGD,2005,0.26100000000000001
BGD,2006,0.28499999999999998
BGD,2007,0.28799999999999998
BGD,2008,0.30299999999999999
BGD,2009,0.32600000000000001
BGD,2010,0.35499999999999998
BGD,2011,0.36199999999999999
BGD,2012,0.38500000000000001
BGD,2013,0.41399999999999998
BGD,2014,0.42799999999999999
BGD,2015,0.48299999999999998
BGD,2016,0.50800000000000001
BGD,2017,0.53400000000000003
BGD,2018,0.53000000000000003
BGD,2019,0.57499999999999996
BGD,2020,0.57599999999999996
BGR,1990,8.6869999999999994
BGR,1991,7.0750000000000002
BGR,1992,6.7009999999999996
BGR,1993,6.8959999999999999
BGR,1994,6.6989999999999998
BGR,1995,6.9299999999999997
BGR,1996,7.0510000000000002
BGR,1997,6.7910000000000004
BGR,1998,6.5259999999999998
BGR,1999,5.7480000000000002
BGR,2000,5.6870000000000003
BGR,2001,6.1829999999999998
BGR,2002,5.8689999999999998
BGR,2003,6.4699999999999998
BGR,2004,6.3920000000000003
BGR,2005,6.5759999999999996
BGR,2006,6.7850000000000001
BGR,2007,7.3380000000000001
BGR,2008,7.1689999999999996
BGR,2009,6.1100000000000003
BGR,2010,6.4290000000000003
BGR,2011,7.1980000000000004
BGR,2012,6.5979999999999999
BGR,2013,5.8620000000000001
BGR,2014,6.2530000000000001
BGR,2015,6.7050000000000001
BGR,2016,6.3620000000000001
BGR,2017,6.7060000000000004
BGR,2018,6.1929999999999996
BGR,2019,6.0490000000000004
BGR,2020,5.274
BHR,1990,22.327000000000002
BHR,1991,21.300000000000001
BHR,1992,18.989999999999998
BHR,1993,29.757999999999999
BHR,1994,24.832000000000001
BHR,1995,24.853999999999999
BHR,1996,26.195
BHR,1997,27.597000000000001
BHR,1998,28.582999999999998
BHR,1999,27.885000000000002
BHR,2000,28.672999999999998
BHR,2001,28.114999999999998
BHR,2002,26.736999999999998
BHR,2003,25.856000000000002
BHR,2004,24.331
BHR,2005,26.256
BHR,2006,24.166
BHR,2007,25.18
BHR,2008,26.344000000000001
BHR,2009,23.773
BHR,2010,24.02
BHR,2011,23.654
BHR,2012,22.364999999999998
BHR,2013,24.838999999999999
BHR,2014,23.59
BHR,2015,23.744
BHR,2016,22.129000000000001
BHR,2017,22.210999999999999
BHR,2018,21.832999999999998
BHR,2019,25.318999999999999
BHR,2020,25.238
BHS,1990,7.3289999999999997
BHS,1991,7.1130000000000004
BHS,1992,6.5350000000000001
BHS,1993,5.9859999999999998
BHS,1994,5.968
BHS,1995,6.101
BHS,1996,5.9219999999999997
BHS,1997,5.173
BHS,1998,6.3090000000000002
BHS,1999,6.3620000000000001
BHS,2000,6.2569999999999997
BHS,2001,5.9340000000000002
BHS,2002,6.1319999999999997
BHS,2003,6.1680000000000001
BHS,2004,6.0279999999999996
BHS,2005,5.54
BHS,2006,5.3220000000000001
BHS,2007,5.2990000000000004
BHS,2008,5.3609999999999998
BHS,2009,5.9379999999999997
BHS,2010,6.0720000000000001
BHS,2011,5.6769999999999996
BHS,2012,5.4550000000000001
BHS,2013,5.2599999999999998
BHS,2014,5.3959999999999999
BHS,2015,5.79
BHS,2016,5.7880000000000003
BHS,2017,6.4550000000000001
BHS,2018,6.2510000000000003
BHS,2019,6.3869999999999996
BHS,2020,5.1829999999999998
BIH,1990,4.4669999999999996
BIH,1991,3.1539999999999999
BIH,1992,3.5489999999999999
BIH,1993,3.222
BIH,1994,0.85999999999999999
BIH,1995,0.91700000000000004
BIH,1996,1.0940000000000001
BIH,1997,2.0819999999999999
BIH,1998,2.5800000000000001
BIH,1999,2.5019999999999998
BIH,2000,3.294
BIH,2001,3.173
BIH,2002,3.3839999999999999
BIH,2003,3.4359999999999999
BIH,2004,3.734
BIH,2005,3.9169999999999998
BIH,2006,4.2789999999999999
BIH,2007,4.3540000000000001
BIH,2008,5.0549999999999997
BIH,2009,5.2930000000000001
BIH,2010,5.548
BIH,2011,6.351
BIH,2012,6.032
BIH,2013,6.0380000000000003
BIH,2014,5.4169999999999998
BIH,2015,5.2469999999999999
BIH,2016,6.258
BIH,2017,6.4610000000000003
BIH,2018,6.5190000000000001
BIH,2019,6.2199999999999998
BIH,2020,6.3140000000000001
BLR,1990,10.648
BLR,1991,10.220000000000001
BLR,1992,9.1600000000000001
BLR,1993,7.8769999999999998
BLR,1994,6.6459999999999999
BLR,1995,5.9829999999999997
BLR,1996,6.085
BLR,1997,6.0949999999999998
BLR,1998,5.9699999999999998
BLR,1999,5.7850000000000001
BLR,2000,5.5060000000000002
BLR,2001,5.444
BLR,2002,5.4640000000000004
BLR,2003,5.6349999999999998
BLR,2004,5.9960000000000004
BLR,2005,6.1440000000000001
BLR,2006,6.4329999999999998
BLR,2007,6.3029999999999999
BLR,2008,6.6040000000000001
BLR,2009,6.3769999999999998
BLR,2010,6.5869999999999997
BLR,2011,6.4770000000000003
BLR,2012,6.6139999999999999
BLR,2013,6.7779999999999996
BLR,2014,6.7249999999999996
BLR,2015,6.2009999999999996
BLR,2016,6.1260000000000003
BLR,2017,6.2599999999999998
BLR,2018,6.5579999999999998
BLR,2019,6.5890000000000004
BLR,2020,6.3230000000000004
BLZ,1990,1.7010000000000001
BLZ,1991,2.1739999999999999
BLZ,1992,1.861
BLZ,1993,1.9359999999999999
BLZ,1994,1.877
BLZ,1995,1.8480000000000001
BLZ,1996,1.4630000000000001
BLZ,1997,1.786
BLZ,1998,1.643
BLZ,1999,1.4930000000000001
BLZ,2000,1.643
BLZ,2001,1.8
BLZ,2002,1.6890000000000001
BLZ,2003,1.639
BLZ,2004,1.4430000000000001
BLZ,2005,1.4930000000000001
BLZ,2006,1.54
BLZ,2007,1.5960000000000001
BLZ,2008,1.4199999999999999
BLZ,2009,1.641
BLZ,2010,1.6819999999999999
BLZ,2011,1.746
BLZ,2012,1.413
BLZ,2013,1.3839999999999999
BLZ,2014,1.4390000000000001
BLZ,2015,1.923
BLZ,2016,1.8480000000000001
BLZ,2017,1.7869999999999999
BLZ,2018,1.7350000000000001
BLZ,2019,1.994
BLZ,2020,1.6719999999999999
BMU,1990,8.7170000000000005
BMU,1991,9.2850000000000001
BMU,1992,7.9009999999999998
BMU,1993,9.1549999999999994
BMU,1994,8.9719999999999995
BMU,1995,8.9220000000000006
BMU,1996,8.8179999999999996
BMU,1997,8.7040000000000006
BMU,1998,8.577
BMU,1999,8.3900000000000006
BMU,2000,8.391
BMU,2001,8.5250000000000004
BMU,2002,8.9589999999999996
BMU,2003,8.9830000000000005
BMU,2004,9.3100000000000005
BMU,2005,9.2870000000000008
BMU,2006,10.433999999999999
BMU,2007,11.568
BMU,2008,10.183999999999999
BMU,2009,7.4329999999999998
BMU,2010,9.484
BMU,2011,6.9539999999999997
BMU,2012,5.7549999999999999
BMU,2013,8.4120000000000008
BMU,2014,10.493
BMU,2015,8.5419999999999998
BMU,2016,9.6989999999999998
BMU,2017,10.081
BMU,2018,10.903
BMU,2019,9.2560000000000002
BMU,2020,6.7699999999999996
BOL,1990,1.405
BOL,1991,1.4430000000000001
BOL,1992,1.484
BOL,1993,1.5249999999999999
BOL,1994,1.2490000000000001
BOL,1995,1.147
BOL,1996,1.25
BOL,1997,1.4359999999999999
BOL,1998,1.355
BOL,1999,1.294
BOL,2000,0.98099999999999998
BOL,2001,1
BOL,2002,1.1699999999999999
BOL,2003,1.214
BOL,2004,1.2010000000000001
BOL,2005,1.3180000000000001
BOL,2006,1.2989999999999999
BOL,2007,1.3149999999999999
BOL,2008,1.3220000000000001
BOL,2009,1.361
BOL,2010,1.454
BOL,2011,1.5509999999999999
BOL,2012,1.671
BOL,2013,1.6639999999999999
BOL,2014,1.8340000000000001
BOL,2015,1.8069999999999999
BOL,2016,1.901
BOL,2017,1.9550000000000001
BOL,2018,1.956
BOL,2019,1.9370000000000001
BOL,2020,1.55
BRA,1990,1.466
BRA,1991,1.512
BRA,1992,1.514
BRA,1993,1.5580000000000001
BRA,1994,1.595
BRA,1995,1.661
BRA,1996,1.762
BRA,1997,1.8420000000000001
BRA,1998,1.8759999999999999
BRA,1999,1.907
BRA,2000,1.9550000000000001
BRA,2001,1.9630000000000001
BRA,2002,1.948
BRA,2003,1.9079999999999999
BRA,2004,1.9790000000000001
BRA,2005,1.9730000000000001
BRA,2006,1.976
BRA,2007,2.0710000000000002
BRA,2008,2.1680000000000001
BRA,2009,2.0289999999999999
BRA,2010,2.2730000000000001
BRA,2011,2.3650000000000002
BRA,2012,2.5270000000000001
BRA,2013,2.6779999999999999
BRA,2014,2.7810000000000001
BRA,2015,2.6190000000000002
BRA,2016,2.4199999999999999
BRA,2017,2.4289999999999998
BRA,2018,2.3119999999999998
BRA,2019,2.298
BRA,2020,2.1469999999999998
BRB,1990,4.0110000000000001
BRB,1991,4.5629999999999997
BRB,1992,4.4729999999999999
BRB,1993,3.5840000000000001
BRB,1994,3.593
BRB,1995,3.903
BRB,1996,4.0019999999999998
BRB,1997,4.4039999999999999
BRB,1998,4.6779999999999999
BRB,1999,4.9580000000000002
BRB,2000,4.9950000000000001
BRB,2001,4.9820000000000002
BRB,2002,4.9850000000000003
BRB,2003,5.1109999999999998
BRB,2004,5.1879999999999997
BRB,2005,5.3179999999999996
BRB,2006,5.4480000000000004
BRB,2007,5.415
BRB,2008,6.3559999999999999
BRB,2009,6.2000000000000002
BRB,2010,5.6920000000000002
BRB,2011,5.8890000000000002
BRB,2012,5.6120000000000001
BRB,2013,5.5460000000000003
BRB,2014,4.9130000000000003
BRB,2015,4.7839999999999998
BRB,2016,4.9050000000000002
BRB,2017,4.9939999999999998
BRB,2018,5.1539999999999999
BRB,2019,4.9500000000000002
BRB,2020,4.4569999999999999
BRN,1990,19.617999999999999
BRN,1991,25.994
BRN,1992,24.712
BRN,1993,21.126000000000001
BRN,1994,18.629999999999999
BRN,1995,20.207000000000001
BRN,1996,19.989000000000001
BRN,1997,20.234999999999999
BRN,1998,17.911000000000001
BRN,1999,18.716000000000001
BRN,2000,18.032
BRN,2001,17.273
BRN,2002,15.539999999999999
BRN,2003,17.710999999999999
BRN,2004,16.907
BRN,2005,15.124000000000001
BRN,2006,19.588999999999999
BRN,2007,21.777000000000001
BRN,2008,24.260000000000002
BRN,2009,20.119
BRN,2010,20.434999999999999
BRN,2011,23.925000000000001
BRN,2012,23.423999999999999
BRN,2013,18.545999999999999
BRN,2014,21.190000000000001
BRN,2015,16.420999999999999
BRN,2016,17.852
BRN,2017,21.510000000000002
BRN,2018,21.335999999999999
BRN,2019,21.605
BRN,2020,24.937000000000001
BTN,1990,0.315
BTN,1991,0.31
BTN,1992,0.372
BTN,1993,0.32800000000000001
BTN,1994,0.38300000000000001
BTN,1995,0.45400000000000001
BTN,1996,0.54400000000000004
BTN,1997,0.69799999999999995
BTN,1998,0.67600000000000005
BTN,1999,0.66200000000000003
BTN,2000,0.66500000000000004
BTN,2001,0.75900000000000001
BTN,2002,0.79100000000000004
BTN,2003,0.77500000000000002
BTN,2004,0.67000000000000004
BTN,2005,0.82499999999999996
BTN,2006,0.61299999999999999
BTN,2007,0.58499999999999996
BTN,2008,0.94199999999999995
BTN,2009,0.98399999999999999
BTN,2010,1.2909999999999999
BTN,2011,1.419
BTN,2012,1.603
BTN,2013,1.75
BTN,2014,1.8169999999999999
BTN,2015,1.9359999999999999
BTN,2016,2.0859999999999999
BTN,2017,2.1859999999999999
BTN,2018,2.214
BTN,2019,2.0459999999999998
BTN,2020,1.5760000000000001
BWA,1990,2.0680000000000001
BWA,1991,1.9630000000000001
BWA,1992,2.012
BWA,1993,2.25
BWA,1994,2.0750000000000002
BWA,1995,2.0310000000000001
BWA,1996,1.794
BWA,1997,1.7809999999999999
BWA,1998,2.0800000000000001
BWA,1999,1.923
BWA,2000,2.2519999999999998
BWA,2001,2.2469999999999999
BWA,2002,2.278
BWA,2003,2.1539999999999999
BWA,2004,2.1549999999999998
BWA,2005,2.226
BWA,2006,2.2050000000000001
BWA,2007,2.2120000000000002
BWA,2008,2.3090000000000002
BWA,2009,1.9370000000000001
BWA,2010,2.2320000000000002
BWA,2011,1.9430000000000001
BWA,2012,2.4079999999999999
BWA,2013,2.645
BWA,2014,3.1539999999999999
BWA,2015,2.4590000000000001
BWA,2016,2.8370000000000002
BWA,2017,3.117
BWA,2018,3.3239999999999998
BWA,2019,3.21
BWA,2020,2.617
CAF,1990,0.064000000000000001
CAF,1991,0.064000000000000001
CAF,1992,0.063
CAF,1993,0.063
CAF,1994,0.064000000000000001
CAF,1995,0.062
CAF,1996,0.062
CAF,1997,0.060999999999999999
CAF,1998,0.060999999999999999
CAF,1999,0.062
CAF,2000,0.032000000000000001
CAF,2001,0.035999999999999997
CAF,2002,0.029000000000000001
CAF,2003,0.028000000000000001
CAF,2004,0.029999999999999999
CAF,2005,0.029999999999999999
CAF,2006,0.032000000000000001
CAF,2007,0.034000000000000002
CAF,2008,0.033000000000000002
CAF,2009,0.034000000000000002
CAF,2010,0.037999999999999999
CAF,2011,0.034000000000000002
CAF,2012,0.040000000000000001
CAF,2013,0.021999999999999999
CAF,2014,0.029000000000000001
CAF,2015,0.042000000000000003
CAF,2016,0.050999999999999997
CAF,2017,0.059999999999999998
CAF,2018,0.056000000000000001
CAF,2019,0.063
CAF,2020,0.066000000000000003
CAN,1990,16.481999999999999
CAN,1991,15.974
CAN,1992,16.259
CAN,1993,16.096
CAN,1994,16.414999999999999
CAN,1995,16.678000000000001
CAN,1996,17.058
CAN,1997,17.366
CAN,1998,17.462
CAN,1999,17.774000000000001
CAN,2000,18.344000000000001
CAN,2001,17.908000000000001
CAN,2002,17.893000000000001
CAN,2003,18.254999999999999
CAN,2004,17.934999999999999
CAN,2005,17.582999999999998
CAN,2006,17.286999999999999
CAN,2007,17.827999999999999
CAN,2008,17.167000000000002
CAN,2009,15.997
CAN,2010,16.209
CAN,2011,16.288
CAN,2012,16.085999999999999
CAN,2013,16.109999999999999
CAN,2014,15.853999999999999
CAN,2015,15.654999999999999
CAN,2016,15.231
CAN,2017,15.395
CAN,2018,15.42
CAN,2019,15.324999999999999
CAN,2020,13.733000000000001
CHE,1990,6.5759999999999996
CHE,1991,6.7869999999999999
CHE,1992,6.6929999999999996
CHE,1993,6.2859999999999996
CHE,1994,6.101
CHE,1995,6.1660000000000004
CHE,1996,6.2370000000000001
CHE,1997,6.0720000000000001
CHE,1998,6.2759999999999998
CHE,1999,6.2210000000000001
CHE,2000,6.0720000000000001
CHE,2001,6.2389999999999999
CHE,2002,5.9720000000000004
CHE,2003,6.0890000000000004
CHE,2004,6.125
CHE,2005,6.1589999999999998
CHE,2006,6.0659999999999998
CHE,2007,5.7460000000000004
CHE,2008,5.8499999999999996
CHE,2009,5.625
CHE,2010,5.7549999999999999
CHE,2011,5.1769999999999996
CHE,2012,5.2809999999999997
CHE,2013,5.3369999999999997
CHE,2014,4.7919999999999998
CHE,2015,4.6779999999999999
CHE,2016,4.6840000000000002
CHE,2017,4.5229999999999997
CHE,2018,4.3380000000000001
CHE,2019,4.2930000000000001
CHE,2020,3.9750000000000001
CHL,1990,2.4489999999999998
CHL,1991,2.2610000000000001
CHL,1992,2.3050000000000002
CHL,1993,2.4180000000000001
CHL,1994,2.653
CHL,1995,2.8610000000000002
CHL,1996,3.2730000000000001
CHL,1997,3.746
CHL,1998,3.7850000000000001
CHL,1999,4.0090000000000003
CHL,2000,3.7730000000000001
CHL,2001,3.3740000000000001
CHL,2002,3.4580000000000002
CHL,2003,3.4380000000000002
CHL,2004,3.6579999999999999
CHL,2005,3.738
CHL,2006,3.8799999999999999
CHL,2007,4.2270000000000003
CHL,2008,4.1900000000000004
CHL,2009,3.8780000000000001
CHL,2010,4.1529999999999996
CHL,2011,4.4989999999999997
CHL,2012,4.5449999999999999
CHL,2013,4.6210000000000004
CHL,2014,4.343
CHL,2015,4.5309999999999997
CHL,2016,4.6120000000000001
CHL,2017,4.5330000000000004
CHL,2018,4.4690000000000003
CHL,2019,4.7910000000000004
CHL,2020,4.1390000000000002
CHN,1990,2.153
CHN,1991,2.2370000000000001
CHN,1992,2.306
CHN,1993,2.4340000000000002
CHN,1994,2.5590000000000002
CHN,1995,2.7469999999999999
CHN,1996,2.843
CHN,1997,2.8300000000000001
CHN,1998,2.6819999999999999
CHN,1999,2.8170000000000002
CHN,2000,2.8700000000000001
CHN,2001,2.9119999999999999
CHN,2002,3.1850000000000001
CHN,2003,3.7349999999999999
CHN,2004,4.0019999999999998
CHN,2005,4.4900000000000002
CHN,2006,4.9210000000000003
CHN,2007,5.2610000000000001
CHN,2008,5.617
CHN,2009,5.8710000000000004
CHN,2010,6.3700000000000001
CHN,2011,6.9989999999999997
CHN,2012,7.1319999999999997
CHN,2013,7.21
CHN,2014,7.1879999999999997
CHN,2015,7.0609999999999999
CHN,2016,6.9429999999999996
CHN,2017,7.0800000000000001
CHN,2018,7.2919999999999998
CHN,2019,7.5259999999999998
CHN,2020,7.641
CIV,1990,0.39200000000000002
CIV,1991,0.34000000000000002
CIV,1992,0.29099999999999998
CIV,1993,0.371
CIV,1994,0.28899999999999998
CIV,1995,0.41899999999999998
CIV,1996,0.48699999999999999
CIV,1997,0.44900000000000001
CIV,1998,0.40500000000000003
CIV,1999,0.35399999999999998
CIV,2000,0.375
CIV,2001,0.42099999999999999
CIV,2002,0.39900000000000002
CIV,2003,0.27700000000000002
CIV,2004,0.377
CIV,2005,0.377
CIV,2006,0.33500000000000002
CIV,2007,0.316
CIV,2008,0.312
CIV,2009,0.25700000000000001
CIV,2010,0.27700000000000002
CIV,2011,0.28399999999999997
CIV,2012,0.36399999999999999
CIV,2013,0.40400000000000003
CIV,2014,0.40400000000000003
CIV,2015,0.378
CIV,2016,0.46100000000000002
CIV,2017,0.44900000000000001
CIV,2018,0.379
CIV,2019,0.374
CIV,2020,0.38100000000000001
CMR,1990,0.23000000000000001
CMR,1991,0.22900000000000001
CMR,1992,0.22600000000000001
CMR,1993,0.23200000000000001
CMR,1994,0.38400000000000001
CMR,1995,0.41199999999999998
CMR,1996,0.44500000000000001
CMR,1997,0.39000000000000001
CMR,1998,0.38
CMR,1999,0.35899999999999999
CMR,2000,0.375
CMR,2001,0.36299999999999999
CMR,2002,0.34000000000000002
CMR,2003,0.35299999999999998
CMR,2004,0.34300000000000003
CMR,2005,0.318
CMR,2006,0.313
CMR,2007,0.40999999999999998
CMR,2008,0.39400000000000002
CMR,2009,0.44800000000000001
CMR,2010,0.42599999999999999
CMR,2011,0.40100000000000002
CMR,2012,0.36599999999999999
CMR,2013,0.36699999999999999
CMR,2014,0.39800000000000002
CMR,2015,0.433
CMR,2016,0.42499999999999999
CMR,2017,0.39700000000000002
CMR,2018,0.39700000000000002
CMR,2019,0.377
CMR,2020,0.371
COD,1990,0.11600000000000001
COD,1991,0.083000000000000004
COD,1992,0.071999999999999995
COD,1993,0.065000000000000002
COD,1994,0.065000000000000002
COD,1995,0.070000000000000007
COD,1996,0.076999999999999999
COD,1997,0.067000000000000004
COD,1998,0.058000000000000003
COD,1999,0.044999999999999998
COD,2000,0.034000000000000002
COD,2001,0.032000000000000001
COD,2002,0.032000000000000001
COD,2003,0.037999999999999999
COD,2004,0.035999999999999997
COD,2005,0.039
COD,2006,0.039
COD,2007,0.042000000000000003
COD,2008,0.042000000000000003
COD,2009,0.036999999999999998
COD,2010,0.040000000000000001
COD,2011,0.042999999999999997
COD,2012,0.037999999999999999
COD,2013,0.051999999999999998
COD,2014,0.065000000000000002
COD,2015,0.040000000000000001
COD,2016,0.032000000000000001
COD,2017,0.034000000000000002
COD,2018,0.042000000000000003
COD,2019,0.043999999999999997
COD,2020,0.044999999999999998
COG,1990,0.42299999999999999
COG,1991,0.442
COG,1992,0.51200000000000001
COG,1993,0.44700000000000001
COG,1994,1.266
COG,1995,1.173
COG,1996,1.4279999999999999
COG,1997,1.673
COG,1998,1.3109999999999999
COG,1999,1.2909999999999999
COG,2000,1.359
COG,2001,1.2769999999999999
COG,2002,0.81200000000000006
COG,2003,0.94599999999999995
COG,2004,0.995
COG,2005,1.177
COG,2006,1.2470000000000001
COG,2007,1.0700000000000001
COG,2008,1.038
COG,2009,1.155
COG,2010,1.2330000000000001
COG,2011,1.095
COG,2012,1.0589999999999999
COG,2013,1.2130000000000001
COG,2014,1.1000000000000001
COG,2015,1.1060000000000001
COG,2016,1.097
COG,2017,1.056
COG,2018,1.194
COG,2019,1.2989999999999999
COG,2020,1.335
COL,1990,1.7529999999999999
COL,1991,1.71
COL,1992,1.8169999999999999
COL,1993,1.837
COL,1994,1.907
COL,1995,1.6579999999999999
COL,1996,1.635
COL,1997,1.754
COL,1998,1.7350000000000001
COL,1999,1.4379999999999999
COL,2000,1.4379999999999999
COL,2001,1.4219999999999999
COL,2002,1.3740000000000001
COL,2003,1.393
COL,2004,1.3080000000000001
COL,2005,1.4299999999999999
COL,2006,1.4630000000000001
COL,2007,1.403
COL,2008,1.5309999999999999
COL,2009,1.621
COL,2010,1.6850000000000001
COL,2011,1.661
COL,2012,1.7210000000000001
COL,2013,1.873
COL,2014,1.9770000000000001
COL,2015,1.9379999999999999
COL,2016,1.931
COL,2017,1.734
COL,2018,1.8520000000000001
COL,2019,1.9830000000000001
COL,2020,1.823
COM,1990,0.14000000000000001
COM,1991,0.14499999999999999
COM,1992,0.14999999999999999
COM,1993,0.14699999999999999
COM,1994,0.152
COM,1995,0.157
COM,1996,0.154
COM,1997,0.159
COM,1998,0.17000000000000001
COM,1999,0.18099999999999999
COM,2000,0.191
COM,2001,0.19400000000000001
COM,2002,0.19
COM,2003,0.23799999999999999
COM,2004,0.25900000000000001
COM,2005,0.24099999999999999
COM,2006,0.27900000000000003
COM,2007,0.17199999999999999
COM,2008,0.17499999999999999
COM,2009,0.21099999999999999
COM,2010,0.246
COM,2011,0.214
COM,2012,0.22600000000000001
COM,2013,0.26300000000000001
COM,2014,0.23200000000000001
COM,2015,0.247
COM,2016,0.27700000000000002
COM,2017,0.34899999999999998
COM,2018,0.37
COM,2019,0.39600000000000002
COM,2020,0.46100000000000002
CPV,1990,0.47799999999999998
CPV,1991,0.42899999999999999
CPV,1992,0.45600000000000002
CPV,1993,0.41899999999999998
CPV,1994,0.42899999999999999
CPV,1995,0.47299999999999998
CPV,1996,0.51700000000000002
CPV,1997,0.52500000000000002
CPV,1998,0.55000000000000004
CPV,1999,0.64000000000000001
CPV,2000,0.65500000000000003
CPV,2001,0.75600000000000001
CPV,2002,0.82399999999999995
CPV,2003,0.875
CPV,2004,0.89400000000000002
CPV,2005,0.92100000000000004
CPV,2006,1.008
CPV,2007,1.0189999999999999
CPV,2008,0.94299999999999995
CPV,2009,1.0349999999999999
CPV,2010,1.0920000000000001
CPV,2011,1.204
CPV,2012,0.97999999999999998
CPV,2013,0.96599999999999997
CPV,2014,0.95799999999999996
CPV,2015,0.96499999999999997
CPV,2016,1.0369999999999999
CPV,2017,1.1140000000000001
CPV,2018,1.113
CPV,2019,1.226
CPV,2020,1.0109999999999999
CRI,1990,0.93200000000000005
CRI,1991,1.0249999999999999
CRI,1992,1.137
CRI,1993,1.153
CRI,1994,1.5029999999999999
CRI,1995,1.355
CRI,1996,1.2909999999999999
CRI,1997,1.3240000000000001
CRI,1998,1.3779999999999999
CRI,1999,1.4019999999999999
CRI,2000,1.363
CRI,2001,1.4059999999999999
CRI,2002,1.5249999999999999
CRI,2003,1.583
CRI,2004,1.6180000000000001
CRI,2005,1.5629999999999999
CRI,2006,1.6140000000000001
CRI,2007,1.8049999999999999
CRI,2008,1.7869999999999999
CRI,2009,1.71
CRI,2010,1.6379999999999999
CRI,2011,1.5780000000000001
CRI,2012,1.5469999999999999
CRI,2013,1.6080000000000001
CRI,2014,1.6160000000000001
CRI,2015,1.526
CRI,2016,1.609
CRI,2017,1.6259999999999999
CRI,2018,1.607
CRI,2019,1.532
CRI,2020,1.3420000000000001
CUB,1990,2.7879999999999998
CUB,1991,2.516
CUB,1992,1.9239999999999999
CUB,1993,1.825
CUB,1994,1.968
CUB,1995,2.093
CUB,1996,2.1259999999999999
CUB,1997,2.2570000000000001
CUB,1998,2.2029999999999998
CUB,1999,2.2120000000000002
CUB,2000,2.2770000000000001
CUB,2001,2.2149999999999999
CUB,2002,2.2530000000000001
CUB,2003,2.2799999999999998
CUB,2004,2.1829999999999998
CUB,2005,2.282
CUB,2006,2.375
CUB,2007,2.2789999999999999
CUB,2008,2.456
CUB,2009,2.5019999999999998
CUB,2010,2.9249999999999998
CUB,2011,2.573
CUB,2012,2.6080000000000001
CUB,2013,2.4689999999999999
CUB,2014,2.4249999999999998
CUB,2015,2.5800000000000001
CUB,2016,2.4649999999999999
CUB,2017,2.1829999999999998
CUB,2018,2.0499999999999998
CUB,2019,2.0070000000000001
CUB,2020,1.9039999999999999
CUW,1990,30.812999999999999
CUW,1991,24.634
CUW,1992,20.341999999999999
CUW,1993,31.523
CUW,1994,30.384
CUW,1995,30.259
CUW,1996,28.515000000000001
CUW,1997,30.093
CUW,1998,1.677
CUW,1999,12.704000000000001
CUW,2000,34.109999999999999
CUW,2001,34.921999999999997
CUW,2002,33.401000000000003
CUW,2003,32.969000000000001
CUW,2004,34.156999999999996
CUW,2005,33.514000000000003
CUW,2006,34.655000000000001
CUW,2007,38.719999999999999
CUW,2008,36.975000000000001
CUW,2009,37.579999999999998
CUW,2010,25.713000000000001
CUW,2011,32.451999999999998
CUW,2012,39.076000000000001
CUW,2013,36.366
CUW,2014,41.182000000000002
CUW,2015,44.002000000000002
CUW,2016,36.969999999999999
CUW,2017,29.481999999999999
CUW,2018,23.809000000000001
CUW,2019,12.641
CUW,2020,10.852
CYP,1990,5.8959999999999999
CYP,1991,6.4290000000000003
CYP,1992,6.798
CYP,1993,6.9640000000000004
CYP,1994,7.0970000000000004
CYP,1995,6.7990000000000004
CYP,1996,7.0609999999999999
CYP,1997,7.0220000000000002
CYP,1998,7.2130000000000001
CYP,1999,7.3700000000000001
CYP,2000,7.4989999999999997
CYP,2001,7.2389999999999999
CYP,2002,7.3079999999999998
CYP,2003,7.5640000000000001
CYP,2004,7.6500000000000004
CYP,2005,7.6740000000000004
CYP,2006,7.7610000000000001
CYP,2007,7.9000000000000004
CYP,2008,7.9660000000000002
CYP,2009,7.6059999999999999
CYP,2010,7.157
CYP,2011,6.7969999999999997
CYP,2012,6.2309999999999999
CYP,2013,5.556
CYP,2014,5.766
CYP,2015,5.7009999999999996
CYP,2016,5.9409999999999998
CYP,2017,5.9550000000000001
CYP,2018,5.7640000000000002
CYP,2019,5.6929999999999996
CYP,2020,5.3010000000000002
CZE,1990,15.944000000000001
CZE,1991,14.449
CZE,1992,14.129
CZE,1993,13.577999999999999
CZE,1994,12.853
CZE,1995,12.763999999999999
CZE,1996,13.114000000000001
CZE,1997,12.737
CZE,1998,12.247
CZE,1999,11.381
CZE,2000,12.429
CZE,2001,12.428000000000001
CZE,2002,12.109
CZE,2003,12.449
CZE,2004,12.504
CZE,2005,12.228999999999999
CZE,2006,12.279
CZE,2007,12.417
CZE,2008,11.845000000000001
CZE,2009,11.032999999999999
CZE,2010,11.226000000000001
CZE,2011,10.974
CZE,2012,10.59
CZE,2013,10.151999999999999
CZE,2014,9.9109999999999996
CZE,2015,9.9760000000000009
CZE,2016,10.125
CZE,2017,10.220000000000001
CZE,2018,10.079000000000001
CZE,2019,9.5690000000000008
CZE,2020,8.6880000000000006
DEU,1990,13.233000000000001
DEU,1991,12.664
DEU,1992,11.978
DEU,1993,11.773999999999999
DEU,1994,11.535
DEU,1995,11.460000000000001
DEU,1996,11.666
DEU,1997,11.305999999999999
DEU,1998,11.260999999999999
DEU,1999,10.962999999999999
DEU,2000,10.99
DEU,2001,11.170999999999999
DEU,2002,10.952
DEU,2003,10.894
DEU,2004,10.678000000000001
DEU,2005,10.577999999999999
DEU,2006,10.85
DEU,2007,10.407999999999999
DEU,2008,10.561
DEU,2009,9.7609999999999992
DEU,2010,10.228
DEU,2011,9.9499999999999993
DEU,2012,10.061
DEU,2013,10.263
DEU,2014,9.7400000000000002
DEU,2015,9.7569999999999997
DEU,2016,9.6419999999999995
DEU,2017,9.4410000000000007
DEU,2018,9.1010000000000009
DEU,2019,8.4809999999999999
DEU,2020,7.7389999999999999
DJI,1990,0.51200000000000001
DJI,1991,0.47599999999999998
DJI,1992,0.48599999999999999
DJI,1993,0.495
DJI,1994,0.47899999999999998
DJI,1995,0.49199999999999999
DJI,1996,0.46899999999999997
DJI,1997,0.496
DJI,1998,0.55500000000000005
DJI,1999,0.53600000000000003
DJI,2000,0.48999999999999999
DJI,2001,0.47499999999999998
DJI,2002,0.502
DJI,2003,0.51800000000000002
DJI,2004,0.49199999999999999
DJI,2005,0.49299999999999999
DJI,2006,0.48399999999999999
DJI,2007,0.52000000000000002
DJI,2008,0.55400000000000005
DJI,2009,0.48599999999999999
DJI,2010,0.55500000000000005
DJI,2011,0.33200000000000002
DJI,2012,0.30299999999999999
DJI,2013,0.38700000000000001
DJI,2014,0.41599999999999998
DJI,2015,0.495
DJI,2016,0.41199999999999998
DJI,2017,0.39200000000000002
DJI,2018,0.44
DJI,2019,0.496
DJI,2020,0.41899999999999998
DMA,1990,0.84199999999999997
DMA,1991,0.84599999999999997
DMA,1992,0.84499999999999997
DMA,1993,0.89700000000000002
DMA,1994,1.002
DMA,1995,1.1599999999999999
DMA,1996,1.056
DMA,1997,1.163
DMA,1998,1.113
DMA,1999,1.1699999999999999
DMA,2000,1.4970000000000001
DMA,2001,1.609
DMA,2002,1.5
DMA,2003,1.71
DMA,2004,2.081
DMA,2005,2.1850000000000001
DMA,2006,2.0760000000000001
DMA,2007,2.5009999999999999
DMA,2008,2.4470000000000001
DMA,2009,2.7130000000000001
DMA,2010,2.4470000000000001
DMA,2011,2.1749999999999998
DMA,2012,2.3849999999999998
DMA,2013,2.2589999999999999
DMA,2014,2.395
DMA,2015,2.4969999999999999
DMA,2016,2.4729999999999999
DMA,2017,2.246
DMA,2018,2.4180000000000001
DMA,2019,2.536
DMA,2020,2.331
DNK,1990,10.401999999999999
DNK,1991,12.436999999999999
DNK,1992,11.279
DNK,1993,11.673999999999999
DNK,1994,12.422000000000001
DNK,1995,11.781000000000001
DNK,1996,14.231
DNK,1997,12.382
DNK,1998,11.545
DNK,1999,11.021000000000001
DNK,2000,10.17
DNK,2001,10.430999999999999
DNK,2002,10.334
DNK,2003,11.25
DNK,2004,10.195
DNK,2005,9.5090000000000003
DNK,2006,10.943
DNK,2007,10.016999999999999
DNK,2008,9.3300000000000001
DNK,2009,8.8450000000000006
DNK,2010,8.8659999999999997
DNK,2011,7.9409999999999998
DNK,2012,7.1280000000000001
DNK,2013,7.4370000000000003
DNK,2014,6.657
DNK,2015,6.1769999999999996
DNK,2016,6.4450000000000003
DNK,2017,6.0129999999999999
DNK,2018,5.9729999999999999
DNK,2019,5.3230000000000004
DNK,2020,4.8529999999999998
DOM,1990,1.2490000000000001
DOM,1991,1.3049999999999999
DOM,1992,1.397
DOM,1993,1.474
DOM,1994,1.522
DOM,1995,1.913
DOM,1996,2.0489999999999999
DOM,1997,2.1080000000000001
DOM,1998,2.137
DOM,1999,2.1040000000000001
DOM,2000,2.206
DOM,2001,2.1880000000000002
DOM,2002,2.3580000000000001
DOM,2003,2.367
DOM,2004,1.895
DOM,2005,1.9350000000000001
DOM,2006,2.0369999999999999
DOM,2007,2.1059999999999999
DOM,2008,2.1139999999999999
DOM,2009,2.0310000000000001
DOM,2010,2.0819999999999999
DOM,2011,2.1040000000000001
DOM,2012,2.0760000000000001
DOM,2013,2.0449999999999999
DOM,2014,2.0609999999999999
DOM,2015,2.2029999999999998
DOM,2016,2.2879999999999998
DOM,2017,2.1989999999999998
DOM,2018,2.3380000000000001
DOM,2019,2.613
DOM,2020,2.383
DZA,1990,2.9910000000000001
DZA,1991,3
DZA,1992,2.9769999999999999
DZA,1993,2.9809999999999999
DZA,1994,3.1499999999999999
DZA,1995,3.3690000000000002
DZA,1996,3.4289999999999998
DZA,1997,2.9590000000000001
DZA,1998,3.5179999999999998
DZA,1999,2.9729999999999999
DZA,2000,2.7360000000000002
DZA,2001,2.7450000000000001
DZA,2002,2.8239999999999998
DZA,2003,2.9239999999999999
DZA,2004,2.7839999999999998
DZA,2005,3.3090000000000002
DZA,2006,3.0870000000000002
DZA,2007,3.1459999999999999
DZA,2008,3.1190000000000002
DZA,2009,3.278
DZA,2010,3.2570000000000001
DZA,2011,3.3799999999999999
DZA,2012,3.6019999999999999
DZA,2013,3.6840000000000002
DZA,2014,3.8879999999999999
DZA,2015,4.0060000000000002
DZA,2016,3.875
DZA,2017,3.964
DZA,2018,4.1040000000000001
DZA,2019,4.2140000000000004
DZA,2020,3.8860000000000001
ECU,1990,1.575
ECU,1991,1.514
ECU,1992,2.0129999999999999
ECU,1993,2.1629999999999998
ECU,1994,1.2609999999999999
ECU,1995,2.0299999999999998
ECU,1996,2.145
ECU,1997,1.6180000000000001
ECU,1998,1.887
ECU,1999,1.764
ECU,2000,1.651
ECU,2001,1.8149999999999999
ECU,2002,1.8919999999999999
ECU,2003,2.028
ECU,2004,2.1539999999999999
ECU,2005,2.214
ECU,2006,2.1139999999999999
ECU,2007,2.3999999999999999
ECU,2008,2.0920000000000001
ECU,2009,2.2810000000000001
ECU,2010,2.419
ECU,2011,2.5110000000000001
ECU,2012,2.4079999999999999
ECU,2013,2.5110000000000001
ECU,2014,2.7290000000000001
ECU,2015,2.5390000000000001
ECU,2016,2.3860000000000001
ECU,2017,2.339
ECU,2018,2.2549999999999999
ECU,2019,2.3119999999999998
ECU,2020,1.851
EGY,1990,1.248
EGY,1991,1.24
EGY,1992,1.2589999999999999
EGY,1993,1.444
EGY,1994,1.361
EGY,1995,1.492
EGY,1996,1.448
EGY,1997,1.621
EGY,1998,1.7769999999999999
EGY,1999,1.776
EGY,2000,1.954
EGY,2001,1.6930000000000001
EGY,2002,1.6839999999999999
EGY,2003,1.9259999999999999
EGY,2004,1.911
EGY,2005,2.0579999999999998
EGY,2006,2.157
EGY,2007,2.2450000000000001
EGY,2008,2.2810000000000001
EGY,2009,2.3460000000000001
EGY,2010,2.2730000000000001
EGY,2011,2.4340000000000002
EGY,2012,2.2810000000000001
EGY,2013,2.298
EGY,2014,2.3300000000000001
EGY,2015,2.2759999999999998
EGY,2016,2.4119999999999999
EGY,2017,2.4430000000000001
EGY,2018,2.2890000000000001
EGY,2019,2.1760000000000002
EGY,2020,2.2530000000000001
ERI,1990,
ERI,1991,
ERI,1992,
ERI,1993,
ERI,1994,0.37
ERI,1995,0.39000000000000001
ERI,1996,0.40500000000000003
ERI,1997,0.35699999999999998
ERI,1998,0.26900000000000002
ERI,1999,0.27800000000000002
ERI,2000,0.26900000000000002
ERI,2001,0.27600000000000002
ERI,2002,0.21299999999999999
ERI,2003,0.313
ERI,2004,0.24399999999999999
ERI,2005,0.22
ERI,2006,0.16800000000000001
ERI,2007,0.155
ERI,2008,0.14099999999999999
ERI,2009,0.154
ERI,2010,0.159
ERI,2011,0.193
ERI,2012,0.20000000000000001
ERI,2013,0.185
ERI,2014,0.184
ERI,2015,0.17999999999999999
ERI,2016,0.17699999999999999
ERI,2017,0.17599999999999999
ERI,2018,0.193
ERI,2019,0.19900000000000001
ERI,2020,0.19500000000000001
ESP,1990,5.8689999999999998
ESP,1991,6.1040000000000001
ESP,1992,6.2830000000000004
ESP,1993,6.0300000000000002
ESP,1994,6.3070000000000004
ESP,1995,6.6180000000000003
ESP,1996,6.2770000000000001
ESP,1997,6.5529999999999999
ESP,1998,6.7370000000000001
ESP,1999,7.2779999999999996
ESP,2000,7.5389999999999997
ESP,2001,7.5410000000000004
ESP,2002,7.9279999999999999
ESP,2003,7.8940000000000001
ESP,2004,8.1449999999999996
ESP,2005,8.359
ESP,2006,8.0289999999999999
ESP,2007,8.0510000000000002
ESP,2008,7.2519999999999998
ESP,2009,6.351
ESP,2010,6.0330000000000004
ESP,2011,6.0270000000000001
ESP,2012,5.9009999999999998
ESP,2013,5.3799999999999999
ESP,2014,5.4290000000000003
ESP,2015,5.7889999999999997
ESP,2016,5.5540000000000003
ESP,2017,5.835
ESP,2018,5.702
ESP,2019,5.2850000000000001
ESP,2020,4.4409999999999998
EST,1990,23.503
EST,1991,21.806000000000001
EST,1992,15.85
EST,1993,12.917999999999999
EST,1994,13.579000000000001
EST,1995,12.427
EST,1996,13.266999999999999
EST,1997,13.135999999999999
EST,1998,11.999000000000001
EST,1999,11.349
EST,2000,11.074
EST,2001,11.432
EST,2002,11.134
EST,2003,12.584
EST,2004,12.712
EST,2005,12.614000000000001
EST,2006,12.205
EST,2007,14.866
EST,2008,13.324
EST,2009,10.794
EST,2010,14.244
EST,2011,14.275
EST,2012,13.429
EST,2013,14.898
EST,2014,14.289999999999999
EST,2015,12.004
EST,2016,13.247999999999999
EST,2017,14.131
EST,2018,13.465
EST,2019,9.2609999999999992
EST,2020,6.9180000000000001
ETH,1990,0.063
ETH,1991,0.059999999999999998
ETH,1992,0.057000000000000002
ETH,1993,0.056000000000000001
ETH,1994,0.040000000000000001
ETH,1995,0.043999999999999997
ETH,1996,0.047
ETH,1997,0.049000000000000002
ETH,1998,0.050000000000000003
ETH,1999,0.047
ETH,2000,0.050999999999999997
ETH,2001,0.060999999999999999
ETH,2002,0.062
ETH,2003,0.066000000000000003
ETH,2004,0.068000000000000005
ETH,2005,0.063
ETH,2006,0.066000000000000003
ETH,2007,0.070000000000000007
ETH,2008,0.074999999999999997
ETH,2009,0.072999999999999995
ETH,2010,0.070000000000000007
ETH,2011,0.079000000000000001
ETH,2012,0.083000000000000004
ETH,2013,0.099000000000000005
ETH,2014,0.114
ETH,2015,0.121
ETH,2016,0.13400000000000001
ETH,2017,0.13300000000000001
ETH,2018,0.14299999999999999
ETH,2019,0.14799999999999999
ETH,2020,0.14099999999999999
FIN,1990,11.414999999999999
FIN,1991,11.007999999999999
FIN,1992,10.763999999999999
FIN,1993,11.116
FIN,1994,12.132999999999999
FIN,1995,11.379
FIN,1996,12.496
FIN,1997,12.199
FIN,1998,11.518000000000001
FIN,1999,11.398
FIN,2000,11.015000000000001
FIN,2001,12.051
FIN,2002,12.507999999999999
FIN,2003,13.938000000000001
FIN,2004,13.186999999999999
FIN,2005,10.877000000000001
FIN,2006,12.983000000000001
FIN,2007,12.624000000000001
FIN,2008,11.032999999999999
FIN,2009,10.474
FIN,2010,11.949999999999999
FIN,2011,10.513
FIN,2012,9.4489999999999998
FIN,2013,9.5090000000000003
FIN,2014,8.7189999999999994
FIN,2015,8.0649999999999995
FIN,2016,8.5980000000000008
FIN,2017,8.1069999999999993
FIN,2018,8.2919999999999998
FIN,2019,7.6870000000000003
FIN,2020,6.8209999999999997
FJI,1990,1.036
FJI,1991,0.83999999999999997
FJI,1992,0.93000000000000005
FJI,1993,0.92200000000000004
FJI,1994,0.91000000000000003
FJI,1995,0.92200000000000004
FJI,1996,0.98599999999999999
FJI,1997,0.94099999999999995
FJI,1998,0.90400000000000003
FJI,1999,0.90900000000000003
FJI,2000,0.96899999999999997
FJI,2001,1.1819999999999999
FJI,2002,0.97399999999999998
FJI,2003,1.1459999999999999
FJI,2004,1.4870000000000001
FJI,2005,1.159
FJI,2006,1.292
FJI,2007,1.208
FJI,2008,0.876
FJI,2009,0.77500000000000002
FJI,2010,1.131
FJI,2011,1.0189999999999999
FJI,2012,0.99299999999999999
FJI,2013,1.1319999999999999
FJI,2014,1.286
FJI,2015,1.5920000000000001
FJI,2016,1.4630000000000001
FJI,2017,1.583
FJI,2018,1.6140000000000001
FJI,2019,1.6499999999999999
FJI,2020,1.498
FRA,1990,6.9290000000000003
FRA,1991,7.3179999999999996
FRA,1992,7.0960000000000001
FRA,1993,6.7279999999999998
FRA,1994,6.585
FRA,1995,6.6500000000000004
FRA,1996,6.9089999999999998
FRA,1997,6.7619999999999996
FRA,1998,7.0490000000000004
FRA,1999,6.9909999999999997
FRA,2000,6.8499999999999996
FRA,2001,6.8710000000000004
FRA,2002,6.7469999999999999
FRA,2003,6.7990000000000004
FRA,2004,6.7690000000000001
FRA,2005,6.7560000000000002
FRA,2006,6.5540000000000003
FRA,2007,6.3499999999999996
FRA,2008,6.2089999999999996
FRA,2009,5.8849999999999998
FRA,2010,5.9459999999999997
FRA,2011,5.5720000000000001
FRA,2012,5.5899999999999999
FRA,2013,5.5910000000000002
FRA,2014,5.0670000000000002
FRA,2015,5.1159999999999997
FRA,2016,5.1550000000000002
FRA,2017,5.1829999999999998
FRA,2018,4.931
FRA,2019,4.8120000000000003
FRA,2020,4.2720000000000002
FRO,1990,14.802
FRO,1991,14.081
FRO,1992,14.085000000000001
FRO,1993,12.9
FRO,1994,13.016
FRO,1995,13.031000000000001
FRO,1996,13.510999999999999
FRO,1997,13.154
FRO,1998,13.866
FRO,1999,14.010999999999999
FRO,2000,15.077
FRO,2001,16.474
FRO,2002,15.563000000000001
FRO,2003,15.444000000000001
FRO,2004,15.558999999999999
FRO,2005,14.917999999999999
FRO,2006,13.989000000000001
FRO,2007,14.279
FRO,2008,13.061999999999999
FRO,2009,11.858000000000001
FRO,2010,13.000999999999999
FRO,2011,11.766
FRO,2012,12.337
FRO,2013,13.428000000000001
FRO,2014,12.31
FRO,2015,12.433999999999999
FRO,2016,12.644
FRO,2017,13.994999999999999
FRO,2018,14.208
FRO,2019,14.269
FRO,2020,14.414999999999999
FSM,1990,
FSM,1991,
FSM,1992,1.2929999999999999
FSM,1993,1.3340000000000001
FSM,1994,1.411
FSM,1995,1.595
FSM,1996,1.655
FSM,1997,1.748
FSM,1998,1.8420000000000001
FSM,1999,1.706
FSM,2000,1.6020000000000001
FSM,2001,1.4670000000000001
FSM,2002,1.3360000000000001
FSM,2003,1.4359999999999999
FSM,2004,1.2769999999999999
FSM,2005,1.0189999999999999
FSM,2006,1.026
FSM,2007,1.167
FSM,2008,1.0429999999999999
FSM,2009,1.357
FSM,2010,0.95399999999999996
FSM,2011,1.089
FSM,2012,1.1879999999999999
FSM,2013,1.254
FSM,2014,1.284
FSM,2015,1.3140000000000001
FSM,2016,1.3100000000000001
FSM,2017,1.3049999999999999
FSM,2018,1.3
FSM,2019,1.296
FSM,2020,1.288
GAB,1990,4.5590000000000002
GAB,1991,4.4729999999999999
GAB,1992,4.7350000000000003
GAB,1993,4.665
GAB,1994,4.149
GAB,1995,4.6479999999999997
GAB,1996,5.109
GAB,1997,4.6779999999999999
GAB,1998,5.3250000000000002
GAB,1999,4.8380000000000001
GAB,2000,4.8040000000000003
GAB,2001,4.9480000000000004
GAB,2002,4.6470000000000002
GAB,2003,4.8799999999999999
GAB,2004,4.492
GAB,2005,4.2519999999999998
GAB,2006,3.6749999999999998
GAB,2007,3.2370000000000001
GAB,2008,3.347
GAB,2009,3.1920000000000002
GAB,2010,3.214
GAB,2011,3.0569999999999999
GAB,2012,2.7160000000000002
GAB,2013,2.7130000000000001
GAB,2014,2.863
GAB,2015,2.8279999999999998
GAB,2016,2.6720000000000002
GAB,2017,2.5499999999999998
GAB,2018,2.5150000000000001
GAB,2019,2.4729999999999999
GAB,2020,2.427
GBR,1990,10.493
GBR,1991,10.587999999999999
GBR,1992,10.289
GBR,1993,10.016999999999999
GBR,1994,9.8960000000000008
GBR,1995,9.7349999999999994
GBR,1996,10.065
GBR,1997,9.6280000000000001
GBR,1998,9.6980000000000004
GBR,1999,9.5459999999999994
GBR,2000,9.6349999999999998
GBR,2001,9.7490000000000006
GBR,2002,9.4100000000000001
GBR,2003,9.5559999999999992
GBR,2004,9.5299999999999994
GBR,2005,9.4120000000000008
GBR,2006,9.3010000000000002
GBR,2007,9.093
GBR,2008,8.7850000000000001
GBR,2009,7.9050000000000002
GBR,2010,8.125
GBR,2011,7.3959999999999999
GBR,2012,7.6219999999999999
GBR,2013,7.4180000000000001
GBR,2014,6.7649999999999997
GBR,2015,6.4610000000000003
GBR,2016,6.0620000000000003
GBR,2017,5.8380000000000001
GBR,2018,5.6890000000000001
GBR,2019,5.4349999999999996
GBR,2020,4.8440000000000003
GEO,1990,2.7250000000000001
GEO,1991,2.714
GEO,1992,2.6680000000000001
GEO,1993,1.909
GEO,1994,1.169
GEO,1995,0.46000000000000002
GEO,1996,0.84099999999999997
GEO,1997,0.93999999999999995
GEO,1998,1.0629999999999999
GEO,1999,0.95299999999999996
GEO,2000,1.0389999999999999
GEO,2001,0.88400000000000001
GEO,2002,0.81100000000000005
GEO,2003,0.91300000000000003
GEO,2004,1.0549999999999999
GEO,2005,1.2529999999999999
GEO,2006,1.5700000000000001
GEO,2007,1.6659999999999999
GEO,2008,1.458
GEO,2009,1.575
GEO,2010,1.6140000000000001
GEO,2011,2.02
GEO,2012,2.1600000000000001
GEO,2013,2.1080000000000001
GEO,2014,2.3879999999999999
GEO,2015,2.5819999999999999
GEO,2016,2.6480000000000001
GEO,2017,2.6520000000000001
GEO,2018,2.6059999999999999
GEO,2019,2.77
GEO,2020,2.734
GHA,1990,0.22800000000000001
GHA,1991,0.247
GHA,1992,0.20000000000000001
GHA,1993,0.23000000000000001
GHA,1994,0.26700000000000002
GHA,1995,0.26600000000000001
GHA,1996,0.27300000000000002
GHA,1997,0.30199999999999999
GHA,1998,0.29899999999999999
GHA,1999,0.29299999999999998
GHA,2000,0.27100000000000002
GHA,2001,0.29599999999999999
GHA,2002,0.313
GHA,2003,0.314
GHA,2004,0.29499999999999998
GHA,2005,0.27200000000000002
GHA,2006,0.37
GHA,2007,0.38
GHA,2008,0.34300000000000003
GHA,2009,0.27600000000000002
GHA,2010,0.35099999999999998
GHA,2011,0.39600000000000002
GHA,2012,0.47299999999999998
GHA,2013,0.46000000000000002
GHA,2014,0.47299999999999998
GHA,2015,0.50800000000000001
GHA,2016,0.47399999999999998
GHA,2017,0.41399999999999998
GHA,2018,0.496
GHA,2019,0.52500000000000002
GHA,2020,0.60099999999999998
GIN,1990,0.14999999999999999
GIN,1991,0.14799999999999999
GIN,1992,0.14699999999999999
GIN,1993,0.14599999999999999
GIN,1994,0.14799999999999999
GIN,1995,0.14799999999999999
GIN,1996,0.152
GIN,1997,0.156
GIN,1998,0.16200000000000001
GIN,1999,0.16800000000000001
GIN,2000,0.17100000000000001
GIN,2001,0.17799999999999999
GIN,2002,0.182
GIN,2003,0.186
GIN,2004,0.19
GIN,2005,0.193
GIN,2006,0.19600000000000001
GIN,2007,0.19900000000000001
GIN,2008,0.19800000000000001
GIN,2009,0.20599999999999999
GIN,2010,0.23599999999999999
GIN,2011,0.23999999999999999
GIN,2012,0.219
GIN,2013,0.186
GIN,2014,0.20699999999999999
GIN,2015,0.20899999999999999
GIN,2016,0.224
GIN,2017,0.39100000000000001
GIN,2018,0.29699999999999999
GIN,2019,0.315
GIN,2020,0.33100000000000002
GMB,1990,0.188
GMB,1991,0.17999999999999999
GMB,1992,0.17299999999999999
GMB,1993,0.17599999999999999
GMB,1994,0.17000000000000001
GMB,1995,0.17100000000000001
GMB,1996,0.16900000000000001
GMB,1997,0.16700000000000001
GMB,1998,0.17599999999999999
GMB,1999,0.19400000000000001
GMB,2000,0.189
GMB,2001,0.20100000000000001
GMB,2002,0.19600000000000001
GMB,2003,0.19
GMB,2004,0.19700000000000001
GMB,2005,0.191
GMB,2006,0.20300000000000001
GMB,2007,0.19700000000000001
GMB,2008,0.20000000000000001
GMB,2009,0.20000000000000001
GMB,2010,0.224
GMB,2011,0.223
GMB,2012,0.221
GMB,2013,0.20399999999999999
GMB,2014,0.23400000000000001
GMB,2015,0.26200000000000001
GMB,2016,0.25800000000000001
GMB,2017,0.255
GMB,2018,0.27000000000000002
GMB,2019,0.28899999999999998
GMB,2020,0.27800000000000002
GNB,1990,0.098000000000000004
GNB,1991,0.096000000000000002
GNB,1992,0.092999999999999999
GNB,1993,0.092999999999999999
GNB,1994,0.090999999999999998
GNB,1995,0.091999999999999998
GNB,1996,0.086999999999999994
GNB,1997,0.10100000000000001
GNB,1998,0.073999999999999996
GNB,1999,0.082000000000000003
GNB,2000,0.042000000000000003
GNB,2001,0.037999999999999999
GNB,2002,0.048000000000000001
GNB,2003,0.056000000000000001
GNB,2004,0.033000000000000002
GNB,2005,0.066000000000000003
GNB,2006,0.083000000000000004
GNB,2007,0.058000000000000003
GNB,2008,0.079000000000000001
GNB,2009,0.065000000000000002
GNB,2010,0.065000000000000002
GNB,2011,0.068000000000000005
GNB,2012,0.069000000000000006
GNB,2013,0.084000000000000005
GNB,2014,0.082000000000000003
GNB,2015,0.085999999999999993
GNB,2016,0.091999999999999998
GNB,2017,0.098000000000000004
GNB,2018,0.10299999999999999
GNB,2019,0.13
GNB,2020,0.155
GNQ,1990,0.13100000000000001
GNQ,1991,0.13400000000000001
GNQ,1992,0.129
GNQ,1993,0.13100000000000001
GNQ,1994,2.089
GNQ,1995,2.1419999999999999
GNQ,1996,2.29
GNQ,1997,3.2010000000000001
GNQ,1998,3.5779999999999998
GNQ,1999,3.7629999999999999
GNQ,2000,3.8380000000000001
GNQ,2001,4.1219999999999999
GNQ,2002,3.4649999999999999
GNQ,2003,3.6909999999999998
GNQ,2004,6.8200000000000003
GNQ,2005,6.5510000000000002
GNQ,2006,6.2329999999999997
GNQ,2007,5.5129999999999999
GNQ,2008,5.4640000000000004
GNQ,2009,4.2999999999999998
GNQ,2010,5.3630000000000004
GNQ,2011,4.8849999999999998
GNQ,2012,5.3150000000000004
GNQ,2013,6.0679999999999996
GNQ,2014,5.4589999999999996
GNQ,2015,4.8209999999999997
GNQ,2016,4.9980000000000002
GNQ,2017,4.3620000000000001
GNQ,2018,4.3520000000000003
GNQ,2019,3.3010000000000002
GNQ,2020,3.722
GRC,1990,8.1329999999999991
GRC,1991,8.0920000000000005
GRC,1992,8.202
GRC,1993,8.0939999999999994
GRC,1994,8.2579999999999991
GRC,1995,8.2669999999999995
GRC,1996,8.4309999999999992
GRC,1997,8.8309999999999995
GRC,1998,9.2379999999999995
GRC,1999,9.1289999999999996
GRC,2000,9.5500000000000007
GRC,2001,9.7170000000000005
GRC,2002,9.6419999999999995
GRC,2003,9.9890000000000008
GRC,2004,10.000999999999999
GRC,2005,10.371
GRC,2006,10.205
GRC,2007,10.369999999999999
GRC,2008,10.028
GRC,2009,9.391
GRC,2010,8.7509999999999994
GRC,2011,8.5069999999999997
GRC,2012,8.2720000000000002
GRC,2013,7.4500000000000002
GRC,2014,7.2190000000000003
GRC,2015,6.9240000000000004
GRC,2016,6.6219999999999999
GRC,2017,6.96
GRC,2018,6.6890000000000001
GRC,2019,6.133
GRC,2020,5.194
GRD,1990,1.0629999999999999
GRD,1991,1.0900000000000001
GRD,1992,1.1539999999999999
GRD,1993,1.2170000000000001
GRD,1994,1.385
GRD,1995,1.446
GRD,1996,1.4710000000000001
GRD,1997,1.6000000000000001
GRD,1998,1.659
GRD,1999,1.7849999999999999
GRD,2000,1.7390000000000001
GRD,2001,1.798
GRD,2002,1.859
GRD,2003,1.952
GRD,2004,1.877
GRD,2005,1.97
GRD,2006,2.0289999999999999
GRD,2007,2.1549999999999998
GRD,2008,2.3460000000000001
GRD,2009,2.2389999999999999
GRD,2010,2.298
GRD,2011,2.2229999999999999
GRD,2012,2.371
GRD,2013,2.6469999999999998
GRD,2014,2.1190000000000002
GRD,2015,2.2679999999999998
GRD,2016,2.387
GRD,2017,2.5390000000000001
GRD,2018,2.6600000000000001
GRD,2019,2.8740000000000001
GRD,2020,2.488
GRL,1990,11.217000000000001
GRL,1991,10.933
GRL,1992,10.673999999999999
GRL,1993,9.7780000000000005
GRL,1994,8.8840000000000003
GRL,1995,9.5570000000000004
GRL,1996,10.648
GRL,1997,11.000999999999999
GRL,1998,10.619
GRL,1999,10.581
GRL,2000,11.866
GRL,2001,10.948
GRL,2002,10.234
GRL,2003,11.435
GRL,2004,10.936999999999999
GRL,2005,11.000999999999999
GRL,2006,11.313000000000001
GRL,2007,11.182
GRL,2008,11.531000000000001
GRL,2009,10.207000000000001
GRL,2010,11.666
GRL,2011,12.401999999999999
GRL,2012,9.6310000000000002
GRL,2013,9.9450000000000003
GRL,2014,8.9420000000000002
GRL,2015,9.7699999999999996
GRL,2016,9.0800000000000001
GRL,2017,9.5540000000000003
GRL,2018,9.3360000000000003
GRL,2019,9.3770000000000007
GRL,2020,9.7940000000000005
GTM,1990,0.51600000000000001
GTM,1991,0.51300000000000001
GTM,1992,0.60799999999999998
GTM,1993,0.56999999999999995
GTM,1994,0.66100000000000003
GTM,1995,0.68700000000000006
GTM,1996,0.61799999999999999
GTM,1997,0.68700000000000006
GTM,1998,0.77400000000000002
GTM,1999,0.77700000000000002
GTM,2000,0.83299999999999996
GTM,2001,0.84799999999999998
GTM,2002,0.873
GTM,2003,0.83099999999999996
GTM,2004,0.86299999999999999
GTM,2005,0.92000000000000004
GTM,2006,0.91100000000000003
GTM,2007,0.88800000000000001
GTM,2008,0.77000000000000002
GTM,2009,0.82499999999999996
GTM,2010,0.746
GTM,2011,0.74199999999999999
GTM,2012,0.752
GTM,2013,0.81200000000000006
GTM,2014,0.85599999999999998
GTM,2015,0.96699999999999997
GTM,2016,1.016
GTM,2017,1.026
GTM,2018,1.089
GTM,2019,1.1259999999999999
GTM,2020,0.98799999999999999
GUY,1990,1.5049999999999999
GUY,1991,1.48
GUY,1992,1.3879999999999999
GUY,1993,1.387
GUY,1994,1.929
GUY,1995,2.0630000000000002
GUY,1996,2.1779999999999999
GUY,1997,2.3700000000000001
GUY,1998,2.3940000000000001
GUY,1999,2.4009999999999998
GUY,2000,2.2850000000000001
GUY,2001,2.2770000000000001
GUY,2002,2.2410000000000001
GUY,2003,2.4489999999999998
GUY,2004,2.528
GUY,2005,2.1240000000000001
GUY,2006,1.9890000000000001
GUY,2007,2.3530000000000002
GUY,2008,2.258
GUY,2009,2.5329999999999999
GUY,2010,2.5139999999999998
GUY,2011,2.6219999999999999
GUY,2012,2.6219999999999999
GUY,2013,2.5350000000000001
GUY,2014,2.6179999999999999
GUY,2015,2.5880000000000001
GUY,2016,2.8929999999999998
GUY,2017,2.8079999999999998
GUY,2018,2.9300000000000002
GUY,2019,3.2749999999999999
GUY,2020,3.839
HKG,1990,4.8819999999999997
HKG,1991,5.0570000000000004
HKG,1992,5.7160000000000002
HKG,1993,5.8920000000000003
HKG,1994,5.1440000000000001
HKG,1995,5.0620000000000003
HKG,1996,4.5869999999999997
HKG,1997,4.7530000000000001
HKG,1998,5.9690000000000003
HKG,1999,6.431
HKG,2000,5.931
HKG,2001,5.5039999999999996
HKG,2002,5.718
HKG,2003,6.2300000000000004
HKG,2004,5.9749999999999996
HKG,2005,6.2729999999999997
HKG,2006,6.0469999999999997
HKG,2007,6.25
HKG,2008,6.0949999999999998
HKG,2009,5.8860000000000001
HKG,2010,5.641
HKG,2011,6.0410000000000004
HKG,2012,5.9349999999999996
HKG,2013,6.0999999999999996
HKG,2014,6.2149999999999999
HKG,2015,5.7560000000000002
HKG,2016,5.8540000000000001
HKG,2017,5.6989999999999998
HKG,2018,5.702
HKG,2019,5.5970000000000004
HKG,2020,4.4740000000000002
HND,1990,0.503
HND,1991,0.49299999999999999
HND,1992,0.53200000000000003
HND,1993,0.54200000000000004
HND,1994,0.57899999999999996
HND,1995,0.66800000000000004
HND,1996,0.65600000000000003
HND,1997,0.66100000000000003
HND,1998,0.77200000000000002
HND,1999,0.73499999999999999
HND,2000,0.76500000000000001
HND,2001,0.83799999999999997
HND,2002,0.85699999999999998
HND,2003,0.93899999999999995
HND,2004,0.98599999999999999
HND,2005,0.91400000000000003
HND,2006,1.0049999999999999
HND,2007,1.0489999999999999
HND,2008,1.0649999999999999
HND,2009,0.98099999999999998
HND,2010,0.96899999999999997
HND,2011,1.0369999999999999
HND,2012,1.0449999999999999
HND,2013,1.0489999999999999
HND,2014,1.0489999999999999
HND,2015,1.1799999999999999
HND,2016,1.056
HND,2017,1.0640000000000001
HND,2018,1.0109999999999999
HND,2019,1.1020000000000001
HND,2020,0.98599999999999999
HRV,1990,4.7329999999999997
HRV,1991,3.5230000000000001
HRV,1992,3.4249999999999998
HRV,1993,3.5539999999999998
HRV,1994,3.4340000000000002
HRV,1995,3.6400000000000001
HRV,1996,3.7999999999999998
HRV,1997,4.1219999999999999
HRV,1998,4.2830000000000004
HRV,1999,4.5789999999999997
HRV,2000,4.5430000000000001
HRV,2001,4.8300000000000001
HRV,2002,5.0899999999999999
HRV,2003,5.3929999999999998
HRV,2004,5.3019999999999996
HRV,2005,5.4000000000000004
HRV,2006,5.444
HRV,2007,5.7469999999999999
HRV,2008,5.4500000000000002
HRV,2009,5.0460000000000003
HRV,2010,4.8769999999999998
HRV,2011,4.8159999999999998
HRV,2012,4.4729999999999999
HRV,2013,4.3369999999999997
HRV,2014,4.1829999999999998
HRV,2015,4.2530000000000001
HRV,2016,4.3710000000000004
HRV,2017,4.5869999999999997
HRV,2018,4.3959999999999999
HRV,2019,4.4699999999999998
HRV,2020,4.2670000000000003
HTI,1990,0.14499999999999999
HTI,1991,0.13900000000000001
HTI,1992,0.124
HTI,1993,0.094
HTI,1994,0.025000000000000001
HTI,1995,0.11600000000000001
HTI,1996,0.13200000000000001
HTI,1997,0.17199999999999999
HTI,1998,0.154
HTI,1999,0.156
HTI,2000,0.19700000000000001
HTI,2001,0.17299999999999999
HTI,2002,0.20699999999999999
HTI,2003,0.193
HTI,2004,0.184
HTI,2005,0.189
HTI,2006,0.189
HTI,2007,0.188
HTI,2008,0.184
HTI,2009,0.19400000000000001
HTI,2010,0.217
HTI,2011,0.22900000000000001
HTI,2012,0.22500000000000001
HTI,2013,0.26400000000000001
HTI,2014,0.26000000000000001
HTI,2015,0.252
HTI,2016,0.27900000000000003
HTI,2017,0.28999999999999998
HTI,2018,0.31
HTI,2019,0.28100000000000003
HTI,2020,0.28999999999999998
HUN,1990,7.0730000000000004
HUN,1991,6.7279999999999998
HUN,1992,6.0049999999999999
HUN,1993,6.0819999999999999
HUN,1994,5.9850000000000003
HUN,1995,5.9539999999999997
HUN,1996,6.1230000000000002
HUN,1997,6
HUN,1998,5.9749999999999996
HUN,1999,6.0250000000000004
HUN,2000,5.7160000000000002
HUN,2001,5.8849999999999998
HUN,2002,5.8040000000000003
HUN,2003,6.0949999999999998
HUN,2004,5.9470000000000001
HUN,2005,5.9749999999999996
HUN,2006,5.923
HUN,2007,5.8250000000000002
HUN,2008,5.7089999999999996
HUN,2009,5.1449999999999996
HUN,2010,5.21
HUN,2011,5.0419999999999998
HUN,2012,4.7110000000000003
HUN,2013,4.3970000000000002
HUN,2014,4.4249999999999998
HUN,2015,4.7329999999999997
HUN,2016,4.7949999999999999
HUN,2017,5.0510000000000002
HUN,2018,5.0510000000000002
HUN,2019,5.0309999999999997
HUN,2020,4.8319999999999999
IDN,1990,0.84499999999999997
IDN,1991,0.93600000000000005
IDN,1992,1.0489999999999999
IDN,1993,1.1120000000000001
IDN,1994,1.115
IDN,1995,1.1120000000000001
IDN,1996,1.244
IDN,1997,1.3540000000000001
IDN,1998,1.1639999999999999
IDN,1999,1.3700000000000001
IDN,2000,1.3009999999999999
IDN,2001,1.446
IDN,2002,1.3879999999999999
IDN,2003,1.506
IDN,2004,1.504
IDN,2005,1.5049999999999999
IDN,2006,1.4810000000000001
IDN,2007,1.635
IDN,2008,1.5209999999999999
IDN,2009,1.639
IDN,2010,1.8080000000000001
IDN,2011,2.0059999999999998
IDN,2012,2.0409999999999999
IDN,2013,1.929
IDN,2014,1.9239999999999999
IDN,2015,2.105
IDN,2016,2.0710000000000002
IDN,2017,2.1360000000000001
IDN,2018,2.25
IDN,2019,2.4409999999999998
IDN,2020,2.2679999999999998
IND,1990,0.66800000000000004
IND,1991,0.69599999999999995
IND,1992,0.72599999999999998
IND,1993,0.73399999999999999
IND,1994,0.75900000000000001
IND,1995,0.79200000000000004
IND,1996,0.84099999999999997
IND,1997,0.85899999999999999
IND,1998,0.85999999999999999
IND,1999,0.92600000000000005
IND,2000,0.93300000000000005
IND,2001,0.92900000000000005
IND,2002,0.94099999999999995
IND,2003,0.95699999999999996
IND,2004,0.999
IND,2005,1.0349999999999999
IND,2006,1.103
IND,2007,1.1699999999999999
IND,2008,1.234
IND,2009,1.3160000000000001
IND,2010,1.3500000000000001
IND,2011,1.3999999999999999
IND,2012,1.5069999999999999
IND,2013,1.54
IND,2014,1.637
IND,2015,1.681
IND,2016,1.75
IND,2017,1.784
IND,2018,1.8879999999999999
IND,2019,1.8799999999999999
IND,2020,1.7270000000000001
IRL,1990,9.375
IRL,1991,9.5280000000000005
IRL,1992,9.4130000000000003
IRL,1993,9.4280000000000008
IRL,1994,9.7040000000000006
IRL,1995,9.9299999999999997
IRL,1996,10.298
IRL,1997,10.567
IRL,1998,10.968999999999999
IRL,1999,11.308999999999999
IRL,2000,11.9
IRL,2001,12.324
IRL,2002,11.73
IRL,2003,11.441000000000001
IRL,2004,11.353999999999999
IRL,2005,11.587999999999999
IRL,2006,11.15
IRL,2007,10.847
IRL,2008,10.558
IRL,2009,9.3030000000000008
IRL,2010,9.1669999999999998
IRL,2011,8.3100000000000005
IRL,2012,8.3089999999999993
IRL,2013,8.0609999999999999
IRL,2014,7.9109999999999996
IRL,2015,8.2330000000000005
IRL,2016,8.4920000000000009
IRL,2017,8.1159999999999997
IRL,2018,7.9880000000000004
IRL,2019,7.54
IRL,2020,7.0350000000000001
IRN,1990,3.6160000000000001
IRN,1991,3.718
IRN,1992,3.73
IRN,1993,3.8599999999999999
IRN,1994,4.3049999999999997
IRN,1995,4.3550000000000004
IRN,1996,4.399
IRN,1997,4.2309999999999999
IRN,1998,4.7370000000000001
IRN,1999,5.7220000000000004
IRN,2000,5.5289999999999999
IRN,2001,5.7809999999999997
IRN,2002,5.8380000000000001
IRN,2003,5.976
IRN,2004,6.2930000000000001
IRN,2005,6.4989999999999997
IRN,2006,6.8259999999999996
IRN,2007,6.806
IRN,2008,6.9989999999999997
IRN,2009,7.1070000000000002
IRN,2010,7.2530000000000001
IRN,2011,7.3529999999999998
IRN,2012,7.5499999999999998
IRN,2013,7.5860000000000003
IRN,2014,7.9039999999999999
IRN,2015,7.7699999999999996
IRN,2016,7.6920000000000002
IRN,2017,8.1899999999999995
IRN,2018,7.7160000000000002
IRN,2019,8.3539999999999992
IRN,2020,8.4990000000000006
IRQ,1990,2.8260000000000001
IRQ,1991,2.5609999999999999
IRQ,1992,3.2250000000000001
IRQ,1993,3.2949999999999999
IRQ,1994,3.802
IRQ,1995,3.8340000000000001
IRQ,1996,3.48
IRQ,1997,3.4399999999999999
IRQ,1998,3.5390000000000001
IRQ,1999,3.4870000000000001
IRQ,2000,3.4279999999999999
IRQ,2001,3.8420000000000001
IRQ,2002,3.7330000000000001
IRQ,2003,3.7839999999999998
IRQ,2004,4.0979999999999999
IRQ,2005,4.0229999999999997
IRQ,2006,3.4540000000000002
IRQ,2007,2.161
IRQ,2008,3.2559999999999998
IRQ,2009,3.5
IRQ,2010,3.6720000000000002
IRQ,2011,3.8410000000000002
IRQ,2012,3.9830000000000001
IRQ,2013,4.016
IRQ,2014,3.762
IRQ,2015,3.7949999999999999
IRQ,2016,3.9809999999999999
IRQ,2017,4.2569999999999997
IRQ,2018,4.6230000000000002
IRQ,2019,4.6559999999999997
IRQ,2020,4.0860000000000003
ISL,1990,8.7189999999999994
ISL,1991,8.157
ISL,1992,8.6150000000000002
ISL,1993,9.0999999999999996
ISL,1994,8.8300000000000001
ISL,1995,9.2289999999999992
ISL,1996,9.3800000000000008
ISL,1997,9.6549999999999994
ISL,1998,9.625
ISL,1999,10.239000000000001
ISL,2000,10.426
ISL,2001,10.051
ISL,2002,10.403
ISL,2003,10.308
ISL,2004,10.635
ISL,2005,10.026
ISL,2006,10.380000000000001
ISL,2007,11.212
ISL,2008,12.004
ISL,2009,11.708
ISL,2010,11.398999999999999
ISL,2011,10.978
ISL,2012,10.906000000000001
ISL,2013,10.772
ISL,2014,10.519
ISL,2015,10.699
ISL,2016,10.411
ISL,2017,10.510999999999999
ISL,2018,10.388
ISL,2019,9.8490000000000002
ISL,2020,9.1069999999999993
ISR,1990,7.8819999999999997
ISR,1991,7.5629999999999997
ISR,1992,8.4890000000000008
ISR,1993,8.6969999999999992
ISR,1994,9.1010000000000009
ISR,1995,9.3119999999999994
ISR,1996,9.4440000000000008
ISR,1997,9.7170000000000005
ISR,1998,9.673
ISR,1999,9.2089999999999996
ISR,2000,9.7390000000000008
ISR,2001,10.068
ISR,2002,9.2840000000000007
ISR,2003,9.5980000000000008
ISR,2004,8.8710000000000004
ISR,2005,8.4019999999999992
ISR,2006,9.0809999999999995
ISR,2007,9.0199999999999996
ISR,2008,9.5980000000000008
ISR,2009,8.8620000000000001
ISR,2010,9.3079999999999998
ISR,2011,9.1809999999999992
ISR,2012,9.8300000000000001
ISR,2013,8.1419999999999995
ISR,2014,7.633
ISR,2015,7.8150000000000004
ISR,2016,7.4500000000000002
ISR,2017,7.0380000000000003
ISR,2018,7.0490000000000004
ISR,2019,6.8090000000000002
ISR,2020,6.7370000000000001
ITA,1990,7.6840000000000002
ITA,1991,7.6699999999999999
ITA,1992,7.6660000000000004
ITA,1993,7.5259999999999998
ITA,1994,7.3929999999999998
ITA,1995,7.8150000000000004
ITA,1996,7.7469999999999999
ITA,1997,7.8440000000000003
ITA,1998,8.0540000000000003
ITA,1999,8.1319999999999997
ITA,2000,8.1989999999999998
ITA,2001,8.1959999999999997
ITA,2002,8.3089999999999993
ITA,2003,8.5749999999999993
ITA,2004,8.6059999999999999
ITA,2005,8.5670000000000002
ITA,2006,8.4429999999999996
ITA,2007,8.2859999999999996
ITA,2008,8.0280000000000005
ITA,2009,7.0789999999999997
ITA,2010,7.2409999999999997
ITA,2011,7.0220000000000002
ITA,2012,6.665
ITA,2013,6.0910000000000002
ITA,2014,5.7590000000000003
ITA,2015,5.9640000000000004
ITA,2016,5.9219999999999997
ITA,2017,5.8399999999999999
ITA,2018,5.7910000000000004
ITA,2019,5.6479999999999997
ITA,2020,5.0510000000000002
JAM,1990,3.1629999999999998
JAM,1991,3.2280000000000002
JAM,1992,3.1789999999999998
JAM,1993,3.266
JAM,1994,3.3079999999999998
JAM,1995,3.669
JAM,1996,3.8370000000000002
JAM,1997,3.952
JAM,1998,3.7719999999999998
JAM,1999,3.8450000000000002
JAM,2000,3.9550000000000001
JAM,2001,4.0300000000000002
JAM,2002,3.8639999999999999
JAM,2003,4.0149999999999997
JAM,2004,3.9569999999999999
JAM,2005,3.875
JAM,2006,4.2850000000000001
JAM,2007,3.9609999999999999
JAM,2008,3.9540000000000002
JAM,2009,2.8999999999999999
JAM,2010,2.7930000000000001
JAM,2011,2.98
JAM,2012,2.8450000000000002
JAM,2013,3.0419999999999998
JAM,2014,2.7469999999999999
JAM,2015,2.843
JAM,2016,2.895
JAM,2017,2.7589999999999999
JAM,2018,2.8580000000000001
JAM,2019,3.343
JAM,2020,2.4249999999999998
JOR,1990,2.9239999999999999
JOR,1991,2.552
JOR,1992,2.9529999999999998
JOR,1993,2.762
JOR,1994,2.964
JOR,1995,2.831
JOR,1996,2.8650000000000002
JOR,1997,2.835
JOR,1998,2.798
JOR,1999,2.742
JOR,2000,2.859
JOR,2001,2.8839999999999999
JOR,2002,2.9750000000000001
JOR,2003,3.008
JOR,2004,3.2309999999999999
JOR,2005,3.448
JOR,2006,3.2410000000000001
JOR,2007,3.1779999999999999
JOR,2008,3.0030000000000001
JOR,2009,3.0169999999999999
JOR,2010,2.8559999999999999
JOR,2011,2.8620000000000001
JOR,2012,3.1720000000000002
JOR,2013,3.0110000000000001
JOR,2014,2.976
JOR,2015,2.7029999999999998
JOR,2016,2.4929999999999999
JOR,2017,2.548
JOR,2018,2.4300000000000002
JOR,2019,2.302
JOR,2020,1.8979999999999999
JPN,1990,9.359
JPN,1991,9.4160000000000004
JPN,1992,9.4499999999999993
JPN,1993,9.3670000000000009
JPN,1994,9.7629999999999999
JPN,1995,9.8339999999999996
JPN,1996,9.9120000000000008
JPN,1997,9.8279999999999994
JPN,1998,9.4930000000000003
JPN,1999,9.7639999999999993
JPN,2000,9.9209999999999994
JPN,2001,9.7899999999999991
JPN,2002,10.005000000000001
JPN,2003,10.055999999999999
JPN,2004,10.007999999999999
JPN,2005,10.057
JPN,2006,9.8710000000000004
JPN,2007,10.141
JPN,2008,9.5869999999999997
JPN,2009,9.0510000000000002
JPN,2010,9.4480000000000004
JPN,2011,9.8460000000000001
JPN,2012,10.178000000000001
JPN,2013,10.271000000000001
JPN,2014,9.8859999999999992
JPN,2015,9.5850000000000009
JPN,2016,9.4359999999999999
JPN,2017,9.3209999999999997
JPN,2018,8.9710000000000001
JPN,2019,8.6980000000000004
JPN,2020,8.2129999999999992
KAZ,1990,15.587999999999999
KAZ,1991,15.071999999999999
KAZ,1992,13.473000000000001
KAZ,1993,12.015000000000001
KAZ,1994,10.247999999999999
KAZ,1995,10.069000000000001
KAZ,1996,9.4250000000000007
KAZ,1997,9.1809999999999992
KAZ,1998,9.3059999999999992
KAZ,1999,7.6840000000000002
KAZ,2000,9.173
KAZ,2001,8.8620000000000001
KAZ,2002,10.013
KAZ,2003,11.114000000000001
KAZ,2004,11.702
KAZ,2005,12.428000000000001
KAZ,2006,13.638999999999999
KAZ,2007,13.884
KAZ,2008,13.763999999999999
KAZ,2009,13.429
KAZ,2010,14.734999999999999
KAZ,2011,13.955
KAZ,2012,14.172000000000001
KAZ,2013,14.441000000000001
KAZ,2014,16.789999999999999
KAZ,2015,16.757999999999999
KAZ,2016,16.431000000000001
KAZ,2017,17.033999999999999
KAZ,2018,17.408000000000001
KAZ,2019,15.411
KAZ,2020,14.464
KEN,1990,0.253
KEN,1991,0.20300000000000001
KEN,1992,0.22600000000000001
KEN,1993,0.251
KEN,1994,0.252
KEN,1995,0.28299999999999997
KEN,1996,0.33900000000000002
KEN,1997,0.29299999999999998
KEN,1998,0.34599999999999997
KEN,1999,0.33700000000000002
KEN,2000,0.33900000000000002
KEN,2001,0.29199999999999998
KEN,2002,0.23999999999999999
KEN,2003,0.20000000000000001
KEN,2004,0.22
KEN,2005,0.23599999999999999
KEN,2006,0.25900000000000001
KEN,2007,0.25600000000000001
KEN,2008,0.25800000000000001
KEN,2009,0.30199999999999999
KEN,2010,0.28499999999999998
KEN,2011,0.28599999999999998
KEN,2012,0.25600000000000001
KEN,2013,0.27000000000000002
KEN,2014,0.28699999999999998
KEN,2015,0.32300000000000001
KEN,2016,0.33800000000000002
KEN,2017,0.32900000000000001
KEN,2018,0.33900000000000002
KEN,2019,0.35499999999999998
KEN,2020,0.38300000000000001
KGZ,1990,4.306
KGZ,1991,3.508
KGZ,1992,2.3999999999999999
KGZ,1993,1.8300000000000001
KGZ,1994,1.3220000000000001
KGZ,1995,0.95599999999999996
KGZ,1996,1.1819999999999999
KGZ,1997,1.147
KGZ,1998,1.202
KGZ,1999,0.93400000000000005
KGZ,2000,0.91000000000000003
KGZ,2001,0.76000000000000001
KGZ,2002,0.96099999999999997
KGZ,2003,1.042
KGZ,2004,1.1160000000000001
KGZ,2005,1.052
KGZ,2006,1.0329999999999999
KGZ,2007,1.228
KGZ,2008,1.3999999999999999
KGZ,2009,1.2430000000000001
KGZ,2010,1.157
KGZ,2011,1.3620000000000001
KGZ,2012,1.7709999999999999
KGZ,2013,1.679
KGZ,2014,1.7350000000000001
KGZ,2015,1.71
KGZ,2016,1.575
KGZ,2017,1.5049999999999999
KGZ,2018,1.762
KGZ,2019,1.393
KGZ,2020,1.2529999999999999
KHM,1990,0.17100000000000001
KHM,1991,0.17000000000000001
KHM,1992,0.16600000000000001
KHM,1993,0.161
KHM,1994,0.154
KHM,1995,0.14999999999999999
KHM,1996,0.14000000000000001
KHM,1997,0.127
KHM,1998,0.156
KHM,1999,0.154
KHM,2000,0.16
KHM,2001,0.17699999999999999
KHM,2002,0.16800000000000001
KHM,2003,0.17299999999999999
KHM,2004,0.16900000000000001
KHM,2005,0.16400000000000001
KHM,2006,0.20899999999999999
KHM,2007,0.252
KHM,2008,0.28000000000000003
KHM,2009,0.32100000000000001
KHM,2010,0.34899999999999998
KHM,2011,0.35799999999999998
KHM,2012,0.373
KHM,2013,0.371
KHM,2014,0.435
KHM,2015,0.52400000000000002
KHM,2016,0.67100000000000004
KHM,2017,0.752
KHM,2018,0.85599999999999998
KHM,2019,1.1299999999999999
KHM,2020,1.2549999999999999
KIR,1990,0.29399999999999998
KIR,1991,0.28799999999999998
KIR,1992,0.33000000000000002
KIR,1993,0.372
KIR,1994,0.36599999999999999
KIR,1995,0.36099999999999999
KIR,1996,0.39900000000000002
KIR,1997,0.34799999999999998
KIR,1998,0.34200000000000003
KIR,1999,0.33600000000000002
KIR,2000,0.41299999999999998
KIR,2001,0.36499999999999999
KIR,2002,0.437
KIR,2003,0.42799999999999999
KIR,2004,0.45800000000000002
KIR,2005,0.48599999999999999
KIR,2006,0.51300000000000001
KIR,2007,0.503
KIR,2008,0.45700000000000002
KIR,2009,0.44700000000000001
KIR,2010,0.53900000000000003
KIR,2011,0.497
KIR,2012,0.48899999999999999
KIR,2013,0.48299999999999998
KIR,2014,0.47699999999999998
KIR,2015,0.502
KIR,2016,0.46400000000000002
KIR,2017,0.57899999999999996
KIR,2018,0.56999999999999995
KIR,2019,0.56200000000000006
KIR,2020,0.55200000000000005
KNA,1990,2.6259999999999999
KNA,1991,2.6309999999999998
KNA,1992,2.698
KNA,1993,2.7519999999999998
KNA,1994,2.8929999999999998
KNA,1995,2.9420000000000002
KNA,1996,3.0739999999999998
KNA,1997,3.2040000000000002
KNA,1998,3.4129999999999998
KNA,1999,3.5310000000000001
KNA,2000,3.8039999999999998
KNA,2001,3.8410000000000002
KNA,2002,4.2169999999999996
KNA,2003,4.2030000000000003
KNA,2004,4.5069999999999997
KNA,2005,4.1799999999999997
KNA,2006,4.3250000000000002
KNA,2007,4.6260000000000003
KNA,2008,4.6139999999999999
KNA,2009,4.6829999999999998
KNA,2010,4.6900000000000004
KNA,2011,4.8419999999999996
KNA,2012,4.75
KNA,2013,4.7460000000000004
KNA,2014,4.8220000000000001
KNA,2015,4.9000000000000004
KNA,2016,5.0570000000000004
KNA,2017,5.1369999999999996
KNA,2018,5.2969999999999997
KNA,2019,5.5380000000000003
KNA,2020,5.157
KOR,1990,5.6829999999999998
KOR,1991,6.2039999999999997
KOR,1992,6.7160000000000002
KOR,1993,7.3559999999999999
KOR,1994,7.8810000000000002
KOR,1995,8.4570000000000007
KOR,1996,9.2249999999999996
KOR,1997,9.6859999999999999
KOR,1998,8.1769999999999996
KOR,1999,8.8279999999999994
KOR,2000,9.4079999999999995
KOR,2001,9.6850000000000005
KOR,2002,10.065
KOR,2003,10.212
KOR,2004,10.302
KOR,2005,10.422000000000001
KOR,2006,10.488
KOR,2007,10.829000000000001
KOR,2008,11.015000000000001
KOR,2009,11.077999999999999
KOR,2010,12.186999999999999
KOR,2011,12.69
KOR,2012,12.66
KOR,2013,12.673999999999999
KOR,2014,12.452999999999999
KOR,2015,12.439
KOR,2016,12.435
KOR,2017,12.712999999999999
KOR,2018,12.977
KOR,2019,12.481
KOR,2020,11.523999999999999
KWT,1990,22.472999999999999
KWT,1991,364.791
KWT,1992,18.155000000000001
KWT,1993,29.401
KWT,1994,34.405999999999999
KWT,1995,33.460000000000001
KWT,1996,29.919
KWT,1997,31.753
KWT,1998,28.687999999999999
KWT,1999,28.992000000000001
KWT,2000,28.126999999999999
KWT,2001,29.440000000000001
KWT,2002,29.181999999999999
KWT,2003,29.617999999999999
KWT,2004,30.526
KWT,2005,33.357999999999997
KWT,2006,32.232999999999997
KWT,2007,30.821000000000002
KWT,2008,31.847999999999999
KWT,2009,31.777000000000001
KWT,2010,30.481999999999999
KWT,2011,27.818999999999999
KWT,2012,30.327000000000002
KWT,2013,23.675000000000001
KWT,2014,20.457999999999998
KWT,2015,24.337
KWT,2016,25.978999999999999
KWT,2017,24.071999999999999
KWT,2018,23.696999999999999
KWT,2019,23.559000000000001
KWT,2020,20.477
LAO,1990,0.11899999999999999
LAO,1991,0.123
LAO,1992,0.13
LAO,1993,0.13
LAO,1994,0.13100000000000001
LAO,1995,0.13600000000000001
LAO,1996,0.14899999999999999
LAO,1997,0.154
LAO,1998,0.156
LAO,1999,0.158
LAO,2000,0.17699999999999999
LAO,2001,0.192
LAO,2002,0.20799999999999999
LAO,2003,0.214
LAO,2004,0.222
LAO,2005,0.22800000000000001
LAO,2006,0.29499999999999998
LAO,2007,0.30299999999999999
LAO,2008,0.34699999999999998
LAO,2009,0.42699999999999999
LAO,2010,0.47399999999999998
LAO,2011,0.48199999999999998
LAO,2012,0.51100000000000001
LAO,2013,0.63500000000000001
LAO,2014,0.65400000000000003
LAO,2015,1.3500000000000001
LAO,2016,2.375
LAO,2017,2.7959999999999998
LAO,2018,2.8730000000000002
LAO,2019,2.5339999999999998
LAO,2020,2.4900000000000002
LBN,1990,2.1890000000000001
LBN,1991,2.2120000000000002
LBN,1992,2.5960000000000001
LBN,1993,2.71
LBN,1994,2.8559999999999999
LBN,1995,3.0939999999999999
LBN,1996,3.161
LBN,1997,3.6749999999999998
LBN,1998,3.895
LBN,1999,3.8610000000000002
LBN,2000,3.5720000000000001
LBN,2001,3.7269999999999999
LBN,2002,3.6389999999999998
LBN,2003,4.0940000000000003
LBN,2004,3.742
LBN,2005,3.5649999999999999
LBN,2006,3.113
LBN,2007,2.8380000000000001
LBN,2008,3.536
LBN,2009,4.1980000000000004
LBN,2010,3.9670000000000001
LBN,2011,3.976
LBN,2012,4.2649999999999997
LBN,2013,3.859
LBN,2014,3.7799999999999998
LBN,2015,3.9750000000000001
LBN,2016,4.181
LBN,2017,4.516
LBN,2018,4.3129999999999997
LBN,2019,4.3390000000000004
LBN,2020,4.1550000000000002
LBR,1990,0.20499999999999999
LBR,1991,0.191
LBR,1992,0.189
LBR,1993,0.19400000000000001
LBR,1994,0.193
LBR,1995,0.192
LBR,1996,0.191
LBR,1997,0.185
LBR,1998,0.17699999999999999
LBR,1999,0.13300000000000001
LBR,2000,0.13700000000000001
LBR,2001,0.13700000000000001
LBR,2002,0.14000000000000001
LBR,2003,0.14799999999999999
LBR,2004,0.17199999999999999
LBR,2005,0.19700000000000001
LBR,2006,0.192
LBR,2007,0.17100000000000001
LBR,2008,0.13900000000000001
LBR,2009,0.13200000000000001
LBR,2010,0.17499999999999999
LBR,2011,0.19500000000000001
LBR,2012,0.20899999999999999
LBR,2013,0.19600000000000001
LBR,2014,0.161
LBR,2015,0.14999999999999999
LBR,2016,0.13600000000000001
LBR,2017,0.13800000000000001
LBR,2018,0.123
LBR,2019,0.185
LBR,2020,0.151
LBY,1990,8.2140000000000004
LBY,1991,9.3789999999999996
LBY,1992,7.9790000000000001
LBY,1993,8.1780000000000008
LBY,1994,10.651
LBY,1995,11.125999999999999
LBY,1996,10.818
LBY,1997,10.224
LBY,1998,10.048
LBY,1999,9.6319999999999997
LBY,2000,10.036
LBY,2001,9.8290000000000006
LBY,2002,9.5350000000000001
LBY,2003,9.8729999999999993
LBY,2004,9.9109999999999996
LBY,2005,9.5559999999999992
LBY,2006,8.6029999999999998
LBY,2007,7.2720000000000002
LBY,2008,7.9699999999999998
LBY,2009,8.109
LBY,2010,9.1029999999999998
LBY,2011,8.4410000000000007
LBY,2012,9.9700000000000006
LBY,2013,8.1440000000000001
LBY,2014,10.634
LBY,2015,9.3179999999999996
LBY,2016,8.6519999999999992
LBY,2017,9.9559999999999995
LBY,2018,9.1460000000000008
LBY,2019,10.614000000000001
LBY,2020,5.125
LCA,1990,1.302
LCA,1991,1.339
LCA,1992,1.5
LCA,1993,1.631
LCA,1994,1.7829999999999999
LCA,1995,1.8540000000000001
LCA,1996,1.948
LCA,1997,1.921
LCA,1998,2.0840000000000001
LCA,1999,2.1509999999999998
LCA,2000,2.1480000000000001
LCA,2001,2.2410000000000001
LCA,2002,2.1989999999999998
LCA,2003,2.3159999999999998
LCA,2004,2.4319999999999999
LCA,2005,2.3690000000000002
LCA,2006,2.484
LCA,2007,2.512
LCA,2008,2.5179999999999998
LCA,2009,2.5019999999999998
LCA,2010,2.8300000000000001
LCA,2011,2.8149999999999999
LCA,2012,2.823
LCA,2013,2.8109999999999999
LCA,2014,2.798
LCA,2015,2.7440000000000002
LCA,2016,2.6909999999999998
LCA,2017,2.8050000000000002
LCA,2018,2.8769999999999998
LCA,2019,2.8250000000000002
LCA,2020,2.734
LIE,1990,6.8819999999999997
LIE,1991,7.0410000000000004
LIE,1992,6.9560000000000004
LIE,1993,7.1210000000000004
LIE,1994,6.5670000000000002
LIE,1995,6.5750000000000002
LIE,1996,6.5389999999999997
LIE,1997,6.8399999999999999
LIE,1998,7.0880000000000001
LIE,1999,6.9180000000000001
LIE,2000,6.5439999999999996
LIE,2001,6.4139999999999997
LIE,2002,6.5149999999999997
LIE,2003,6.7279999999999998
LIE,2004,6.6660000000000004
LIE,2005,6.5960000000000001
LIE,2006,6.6020000000000003
LIE,2007,5.694
LIE,2008,6.1879999999999997
LIE,2009,5.7450000000000001
LIE,2010,5.2960000000000003
LIE,2011,4.8689999999999998
LIE,2012,5.0590000000000002
LIE,2013,5.2119999999999997
LIE,2014,4.3339999999999996
LIE,2015,4.266
LIE,2016,3.976
LIE,2017,4.1050000000000004
LIE,2018,3.7360000000000002
LIE,2019,3.8650000000000002
LIE,2020,3.6499999999999999
LKA,1990,0.23300000000000001
LKA,1991,0.249
LKA,1992,0.30099999999999999
LKA,1993,0.28899999999999998
LKA,1994,0.309
LKA,1995,0.32500000000000001
LKA,1996,0.38300000000000001
LKA,1997,0.40600000000000003
LKA,1998,0.40999999999999998
LKA,1999,0.442
LKA,2000,0.51800000000000002
LKA,2001,0.51800000000000002
LKA,2002,0.54500000000000004
LKA,2003,0.53900000000000003
LKA,2004,0.59299999999999997
LKA,2005,0.57699999999999996
LKA,2006,0.56499999999999995
LKA,2007,0.57799999999999996
LKA,2008,0.56499999999999995
LKA,2009,0.60599999999999998
LKA,2010,0.60799999999999998
LKA,2011,0.68899999999999995
LKA,2012,0.72699999999999998
LKA,2013,0.66200000000000003
LKA,2014,0.79200000000000004
LKA,2015,0.88300000000000001
LKA,2016,1.02
LKA,2017,1.004
LKA,2018,0.90500000000000003
LKA,2019,0.94199999999999995
LKA,2020,0.90500000000000003
LSO,1990,0.81399999999999995
LSO,1991,0.82899999999999996
LSO,1992,0.84699999999999998
LSO,1993,0.85699999999999998
LSO,1994,0.86899999999999999
LSO,1995,0.875
LSO,1996,0.88100000000000001
LSO,1997,0.89000000000000001
LSO,1998,0.90200000000000002
LSO,1999,0.91100000000000003
LSO,2000,0.92300000000000004
LSO,2001,0.93600000000000005
LSO,2002,0.95499999999999996
LSO,2003,0.97299999999999998
LSO,2004,1.004
LSO,2005,1.03
LSO,2006,1.0449999999999999
LSO,2007,1.0620000000000001
LSO,2008,1.079
LSO,2009,1.119
LSO,2010,1.1399999999999999
LSO,2011,1.3700000000000001
LSO,2012,1.3720000000000001
LSO,2013,1.0329999999999999
LSO,2014,1.0780000000000001
LSO,2015,0.97099999999999997
LSO,2016,0.95099999999999996
LSO,2017,1.0600000000000001
LSO,2018,0.99199999999999999
LSO,2019,0.98999999999999999
LSO,2020,0.88800000000000001
LTU,1990,9.6720000000000006
LTU,1991,10.218
LTU,1992,5.7249999999999996
LTU,1993,4.4340000000000002
LTU,1994,4.3140000000000001
LTU,1995,4.1509999999999998
LTU,1996,4.3730000000000002
LTU,1997,4.2430000000000003
LTU,1998,4.5090000000000003
LTU,1999,3.8180000000000001
LTU,2000,3.383
LTU,2001,3.6259999999999999
LTU,2002,3.6779999999999999
LTU,2003,3.7069999999999999
LTU,2004,3.9249999999999998
LTU,2005,4.173
LTU,2006,4.3410000000000002
LTU,2007,4.7889999999999997
LTU,2008,4.6639999999999997
LTU,2009,4.056
LTU,2010,4.4550000000000001
LTU,2011,4.609
LTU,2012,4.7030000000000003
LTU,2013,4.444
LTU,2014,4.3789999999999996
LTU,2015,4.4889999999999999
LTU,2016,4.5659999999999998
LTU,2017,4.6929999999999996
LTU,2018,4.7869999999999999
LTU,2019,4.883
LTU,2020,4.8289999999999997
LUX,1990,30.937999999999999
LUX,1991,32.109000000000002
LUX,1992,31.097999999999999
LUX,1993,31.062000000000001
LUX,1994,28.623999999999999
LUX,1995,22.375
LUX,1996,22.199999999999999
LUX,1997,20.402000000000001
LUX,1998,18.052
LUX,1999,18.885999999999999
LUX,2000,19.952999999999999
LUX,2001,20.838000000000001
LUX,2002,22.353999999999999
LUX,2003,23.129000000000001
LUX,2004,25.782
LUX,2005,25.949000000000002
LUX,2006,25.177
LUX,2007,23.533000000000001
LUX,2008,22.835999999999999
LUX,2009,21.315999999999999
LUX,2010,22.053999999999998
LUX,2011,21.384
LUX,2012,20.449999999999999
LUX,2013,18.998999999999999
LUX,2014,17.629000000000001
LUX,2015,16.388999999999999
LUX,2016,15.555999999999999
LUX,2017,15.509
LUX,2018,15.715
LUX,2019,15.722
LUX,2020,12.795999999999999
LVA,1990,7.391
LVA,1991,6.7649999999999997
LVA,1992,5.4279999999999999
LVA,1993,4.6500000000000004
LVA,1994,4.1130000000000004
LVA,1995,3.6739999999999999
LVA,1996,3.7480000000000002
LVA,1997,3.5670000000000002
LVA,1998,3.4460000000000002
LVA,1999,3.2280000000000002
LVA,2000,2.9900000000000002
LVA,2001,3.206
LVA,2002,3.254
LVA,2003,3.375
LVA,2004,3.415
LVA,2005,3.4870000000000001
LVA,2006,3.7450000000000001
LVA,2007,3.9249999999999998
LVA,2008,3.7650000000000001
LVA,2009,3.4809999999999999
LVA,2010,4.0780000000000003
LVA,2011,3.7909999999999999
LVA,2012,3.6960000000000002
LVA,2013,3.661
LVA,2014,3.597
LVA,2015,3.6720000000000002
LVA,2016,3.6789999999999998
LVA,2017,3.714
LVA,2018,4.069
LVA,2019,3.988
LVA,2020,3.6819999999999999
MAC,1990,2.5670000000000002
MAC,1991,2.6699999999999999
MAC,1992,2.6280000000000001
MAC,1993,2.8919999999999999
MAC,1994,3.024
MAC,1995,2.8210000000000002
MAC,1996,3.1960000000000002
MAC,1997,3.2930000000000001
MAC,1998,3.4140000000000001
MAC,1999,3.3130000000000002
MAC,2000,3.4940000000000002
MAC,2001,3.5070000000000001
MAC,2002,3.0449999999999999
MAC,2003,3.0310000000000001
MAC,2004,3.282
MAC,2005,3.395
MAC,2006,2.859
MAC,2007,2.6099999999999999
MAC,2008,2.1059999999999999
MAC,2009,3.4470000000000001
MAC,2010,2.194
MAC,2011,2.2469999999999999
MAC,2012,1.927
MAC,2013,1.6519999999999999
MAC,2014,2.1190000000000002
MAC,2015,2.8500000000000001
MAC,2016,2.8069999999999999
MAC,2017,2.9809999999999999
MAC,2018,1.885
MAC,2019,1.8069999999999999
MAC,2020,1.5129999999999999
MAR,1990,0.91500000000000004
MAR,1991,0.95499999999999996
MAR,1992,0.98099999999999998
MAR,1993,1.046
MAR,1994,1.0820000000000001
MAR,1995,1.089
MAR,1996,1.101
MAR,1997,1.1020000000000001
MAR,1998,1.1180000000000001
MAR,1999,1.141
MAR,2000,1.1679999999999999
MAR,2001,1.2769999999999999
MAR,2002,1.278
MAR,2003,1.2370000000000001
MAR,2004,1.4099999999999999
MAR,2005,1.4710000000000001
MAR,2006,1.5029999999999999
MAR,2007,1.5680000000000001
MAR,2008,1.625
MAR,2009,1.5880000000000001
MAR,2010,1.6739999999999999
MAR,2011,1.667
MAR,2012,1.7070000000000001
MAR,2013,1.675
MAR,2014,1.6719999999999999
MAR,2015,1.6899999999999999
MAR,2016,1.669
MAR,2017,1.724
MAR,2018,1.7390000000000001
MAR,2019,1.8979999999999999
MAR,2020,1.764
MCO,1990,
MCO,1991,
MCO,1992,
MCO,1993,
MCO,1994,
MCO,1995,
MCO,1996,
MCO,1997,
MCO,1998,
MCO,1999,
MCO,2000,
MCO,2001,
MCO,2002,
MCO,2003,
MCO,2004,
MCO,2005,
MCO,2006,
MCO,2007,
MCO,2008,
MCO,2009,
MCO,2010,
MCO,2011,
MCO,2012,
MCO,2013,
MCO,2014,
MCO,2015,
MCO,2016,
MCO,2017,
MCO,2018,
MCO,2019,
MCO,2020,
MDA,1990,8.2010000000000005
MDA,1991,6.6459999999999999
MDA,1992,4.7080000000000002
MDA,1993,3.5619999999999998
MDA,1994,2.802
MDA,1995,2.5840000000000001
MDA,1996,2.6640000000000001
MDA,1997,1.6759999999999999
MDA,1998,1.492
MDA,1999,1.095
MDA,2000,0.84399999999999997
MDA,2001,0.90400000000000003
MDA,2002,0.97799999999999998
MDA,2003,1.075
MDA,2004,1.1399999999999999
MDA,2005,1.238
MDA,2006,1.2829999999999999
MDA,2007,1.2929999999999999
MDA,2008,1.373
MDA,2009,1.2250000000000001
MDA,2010,1.3300000000000001
MDA,2011,1.3899999999999999
MDA,2012,1.3680000000000001
MDA,2013,1.4370000000000001
MDA,2014,1.423
MDA,2015,1.456
MDA,2016,1.516
MDA,2017,1.5940000000000001
MDA,2018,1.6970000000000001
MDA,2019,1.728
MDA,2020,1.6659999999999999
MDG,1990,0.078
MDG,1991,0.083000000000000004
MDG,1992,0.078
MDG,1993,0.078
MDG,1994,0.085000000000000006
MDG,1995,0.085000000000000006
MDG,1996,0.085999999999999993
MDG,1997,0.10199999999999999
MDG,1998,0.105
MDG,1999,0.11
MDG,2000,0.11799999999999999
MDG,2001,0.10299999999999999
MDG,2002,0.070000000000000007
MDG,2003,0.094
MDG,2004,0.097000000000000003
MDG,2005,0.090999999999999998
MDG,2006,0.085000000000000006
MDG,2007,0.085000000000000006
MDG,2008,0.085000000000000006
MDG,2009,0.079000000000000001
MDG,2010,0.084000000000000005
MDG,2011,0.10199999999999999
MDG,2012,0.113
MDG,2013,0.127
MDG,2014,0.12
MDG,2015,0.123
MDG,2016,0.125
MDG,2017,0.14199999999999999
MDG,2018,0.13100000000000001
MDG,2019,0.14699999999999999
MDG,2020,0.13100000000000001
MDV,1990,0.75
MDV,1991,0.66400000000000003
MDV,1992,0.96799999999999997
MDV,1993,0.79300000000000004
MDV,1994,0.78900000000000003
MDV,1995,0.97099999999999997
MDV,1996,1.103
MDV,1997,1.232
MDV,1998,1.1020000000000001
MDV,1999,1.5189999999999999
MDV,2000,1.5980000000000001
MDV,2001,1.6100000000000001
MDV,2002,2.0230000000000001
MDV,2003,1.718
MDV,2004,2.2000000000000002
MDV,2005,1.9610000000000001
MDV,2006,2.3700000000000001
MDV,2007,2.4049999999999998
MDV,2008,2.496
MDV,2009,2.5350000000000001
MDV,2010,2.5790000000000002
MDV,2011,2.6379999999999999
MDV,2012,2.8700000000000001
MDV,2013,2.738
MDV,2014,3.1890000000000001
MDV,2015,2.9950000000000001
MDV,2016,3.2320000000000002
MDV,2017,3.302
MDV,2018,3.6709999999999998
MDV,2019,4.0869999999999997
MDV,2020,3.3420000000000001
MEX,1990,3.8250000000000002
MEX,1991,3.907
MEX,1992,3.8639999999999999
MEX,1993,3.8530000000000002
MEX,1994,3.9380000000000002
MEX,1995,3.6419999999999999
MEX,1996,3.694
MEX,1997,3.855
MEX,1998,3.9870000000000001
MEX,1999,3.9750000000000001
MEX,2000,3.9689999999999999
MEX,2001,4.0709999999999997
MEX,2002,4.04
MEX,2003,4.234
MEX,2004,4.2009999999999996
MEX,2005,4.3799999999999999
MEX,2006,4.4240000000000004
MEX,2007,4.3540000000000001
MEX,2008,4.2850000000000001
MEX,2009,4.1100000000000003
MEX,2010,4.0170000000000003
MEX,2011,4.194
MEX,2012,4.2930000000000001
MEX,2013,4.1859999999999999
MEX,2014,4.0410000000000004
MEX,2015,3.96
MEX,2016,3.9169999999999998
MEX,2017,3.7629999999999999
MEX,2018,3.7599999999999998
MEX,2019,3.7229999999999999
MEX,2020,3.383
MHL,1990,
MHL,1991,
MHL,1992,1.6579999999999999
MHL,1993,1.7110000000000001
MHL,1994,1.766
MHL,1995,1.821
MHL,1996,1.877
MHL,1997,1.859
MHL,1998,1.8420000000000001
MHL,1999,1.8240000000000001
MHL,2000,1.95
MHL,2001,2.0059999999999998
MHL,2002,2.137
MHL,2003,2.1280000000000001
MHL,2004,2.1930000000000001
MHL,2005,2.1869999999999998
MHL,2006,2.3250000000000002
MHL,2007,2.464
MHL,2008,2.464
MHL,2009,2.5350000000000001
MHL,2010,2.6040000000000001
MHL,2011,2.6110000000000002
MHL,2012,2.6360000000000001
MHL,2013,2.746
MHL,2014,2.7949999999999999
MHL,2015,2.927
MHL,2016,2.9940000000000002
MHL,2017,3.149
MHL,2018,3.2349999999999999
MHL,2019,3.3290000000000002
MHL,2020,3.4300000000000002
MKD,1990,5.3780000000000001
MKD,1991,3.7879999999999998
MKD,1992,4.1299999999999999
MKD,1993,3.7869999999999999
MKD,1994,3.9660000000000002
MKD,1995,3.9660000000000002
MKD,1996,4.6790000000000003
MKD,1997,4.1689999999999996
MKD,1998,4.7350000000000003
MKD,1999,4.2880000000000003
MKD,2000,4.1159999999999997
MKD,2001,4.0129999999999999
MKD,2002,3.778
MKD,2003,4.0999999999999996
MKD,2004,3.944
MKD,2005,4.1130000000000004
MKD,2006,4.141
MKD,2007,4.3289999999999997
MKD,2008,4.3150000000000004
MKD,2009,4.0019999999999998
MKD,2010,3.988
MKD,2011,4.3239999999999998
MKD,2012,4.1710000000000003
MKD,2013,3.702
MKD,2014,3.5870000000000002
MKD,2015,3.3929999999999998
MKD,2016,3.3679999999999999
MKD,2017,3.653
MKD,2018,3.4660000000000002
MKD,2019,4.0179999999999998
MKD,2020,3.7290000000000001
MLI,1990,0.045999999999999999
MLI,1991,0.044999999999999998
MLI,1992,0.048000000000000001
MLI,1993,0.051999999999999998
MLI,1994,0.055
MLI,1995,0.058000000000000003
MLI,1996,0.062
MLI,1997,0.068000000000000005
MLI,1998,0.085000000000000006
MLI,1999,0.085999999999999993
MLI,2000,0.091999999999999998
MLI,2001,0.098000000000000004
MLI,2002,0.098000000000000004
MLI,2003,0.098000000000000004
MLI,2004,0.108
MLI,2005,0.108
MLI,2006,0.11
MLI,2007,0.123
MLI,2008,0.13100000000000001
MLI,2009,0.122
MLI,2010,0.13100000000000001
MLI,2011,0.13800000000000001
MLI,2012,0.14399999999999999
MLI,2013,0.157
MLI,2014,0.17399999999999999
MLI,2015,0.183
MLI,2016,0.223
MLI,2017,0.24099999999999999
MLI,2018,0.254
MLI,2019,0.26600000000000001
MLI,2020,0.29199999999999998
MLT,1990,6.5979999999999999
MLT,1991,6.1180000000000003
MLT,1992,6.1189999999999998
MLT,1993,7.6289999999999996
MLT,1994,6.9690000000000003
MLT,1995,6.3769999999999998
MLT,1996,6.5369999999999999
MLT,1997,6.5430000000000001
MLT,1998,6.4119999999999999
MLT,1999,6.4820000000000002
MLT,2000,6.1719999999999997
MLT,2001,6.7939999999999996
MLT,2002,6.774
MLT,2003,7.2530000000000001
MLT,2004,6.9349999999999996
MLT,2005,6.4109999999999996
MLT,2006,6.391
MLT,2007,6.5380000000000003
MLT,2008,6.4950000000000001
MLT,2009,6.0860000000000003
MLT,2010,6.1970000000000001
MLT,2011,6.1420000000000003
MLT,2012,6.444
MLT,2013,5.6710000000000003
MLT,2014,5.5640000000000001
MLT,2015,3.8149999999999999
MLT,2016,3.0219999999999998
MLT,2017,3.2850000000000001
MLT,2018,3.194
MLT,2019,3.2719999999999998
MLT,2020,3.089
MMR,1990,0.106
MMR,1991,0.10199999999999999
MMR,1992,0.11799999999999999
MMR,1993,0.128
MMR,1994,0.14699999999999999
MMR,1995,0.16200000000000001
MMR,1996,0.16700000000000001
MMR,1997,0.17000000000000001
MMR,1998,0.182
MMR,1999,0.19900000000000001
MMR,2000,0.22600000000000001
MMR,2001,0.193
MMR,2002,0.20200000000000001
MMR,2003,0.214
MMR,2004,0.26700000000000002
MMR,2005,0.24299999999999999
MMR,2006,0.26800000000000002
MMR,2007,0.26700000000000002
MMR,2008,0.20200000000000001
MMR,2009,0.20999999999999999
MMR,2010,0.26800000000000002
MMR,2011,0.30599999999999999
MMR,2012,0.23699999999999999
MMR,2013,0.253
MMR,2014,0.313
MMR,2015,0.42799999999999999
MMR,2016,0.41099999999999998
MMR,2017,0.45500000000000002
MMR,2018,0.65100000000000002
MMR,2019,0.63900000000000001
MMR,2020,0.65200000000000002
MNE,1990,3.5600000000000001
MNE,1991,2.5059999999999998
MNE,1992,2.6699999999999999
MNE,1993,2.3210000000000002
MNE,1994,2.2480000000000002
MNE,1995,2.3690000000000002
MNE,1996,2.766
MNE,1997,2.9689999999999999
MNE,1998,3.1230000000000002
MNE,1999,2.153
MNE,2000,2.3900000000000001
MNE,2001,2.5659999999999998
MNE,2002,2.746
MNE,2003,2.9409999999999998
MNE,2004,3.21
MNE,2005,3.0499999999999998
MNE,2006,3.254
MNE,2007,3.2450000000000001
MNE,2008,4.1159999999999997
MNE,2009,2.6589999999999998
MNE,2010,3.8319999999999999
MNE,2011,3.8050000000000002
MNE,2012,3.4929999999999999
MNE,2013,3.3969999999999998
MNE,2014,3.3370000000000002
MNE,2015,3.5640000000000001
MNE,2016,3.2280000000000002
MNE,2017,3.3919999999999999
MNE,2018,3.903
MNE,2019,4.0490000000000004
MNE,2020,3.9540000000000002
MNG,1990,4.5229999999999997
MNG,1991,5.4290000000000003
MNG,1992,4.8869999999999996
MNG,1993,4.0439999999999996
MNG,1994,3.411
MNG,1995,3.355
MNG,1996,3.3580000000000001
MNG,1997,3.1869999999999998
MNG,1998,3.1589999999999998
MNG,1999,3.0760000000000001
MNG,2000,3.0270000000000001
MNG,2001,3.1499999999999999
MNG,2002,3.2789999999999999
MNG,2003,3.1459999999999999
MNG,2004,3.343
MNG,2005,3.3220000000000001
MNG,2006,3.5910000000000002
MNG,2007,4.585
MNG,2008,4.524
MNG,2009,4.8890000000000002
MNG,2010,5.0979999999999999
MNG,2011,7.7839999999999998
MNG,2012,12.519
MNG,2013,15.244999999999999
MNG,2014,10.170999999999999
MNG,2015,7.8209999999999997
MNG,2016,8.4280000000000008
MNG,2017,10.997
MNG,2018,14.307
MNG,2019,14.577999999999999
MNG,2020,12.907999999999999
MOZ,1990,0.078
MOZ,1991,0.070999999999999994
MOZ,1992,0.074999999999999997
MOZ,1993,0.081000000000000003
MOZ,1994,0.072999999999999995
MOZ,1995,0.070999999999999994
MOZ,1996,0.066000000000000003
MOZ,1997,0.069000000000000006
MOZ,1998,0.064000000000000001
MOZ,1999,0.066000000000000003
MOZ,2000,0.072999999999999995
MOZ,2001,0.084000000000000005
MOZ,2002,0.081000000000000003
MOZ,2003,0.096000000000000002
MOZ,2004,0.094
MOZ,2005,0.086999999999999994
MOZ,2006,0.091999999999999998
MOZ,2007,0.10299999999999999
MOZ,2008,0.10000000000000001
MOZ,2009,0.109
MOZ,2010,0.115
MOZ,2011,0.13100000000000001
MOZ,2012,0.125
MOZ,2013,0.14299999999999999
MOZ,2014,0.315
MOZ,2015,0.254
MOZ,2016,0.313
MOZ,2017,0.245
MOZ,2018,0.24199999999999999
MOZ,2019,0.23699999999999999
MOZ,2020,0.20599999999999999
MRT,1990,0.437
MRT,1991,0.432
MRT,1992,0.433
MRT,1993,0.42599999999999999
MRT,1994,0.42699999999999999
MRT,1995,0.439
MRT,1996,0.45100000000000001
MRT,1997,0.44700000000000001
MRT,1998,0.434
MRT,1999,0.43099999999999999
MRT,2000,0.42599999999999999
MRT,2001,0.438
MRT,2002,0.45600000000000002
MRT,2003,0.45900000000000002
MRT,2004,0.48299999999999998
MRT,2005,0.48799999999999999
MRT,2006,0.51400000000000001
MRT,2007,0.56799999999999995
MRT,2008,0.57499999999999996
MRT,2009,0.61299999999999999
MRT,2010,0.61699999999999999
MRT,2011,0.63600000000000001
MRT,2012,0.67600000000000005
MRT,2013,0.58099999999999996
MRT,2014,0.66600000000000004
MRT,2015,0.75700000000000001
MRT,2016,0.64200000000000002
MRT,2017,0.85099999999999998
MRT,2018,1.0249999999999999
MRT,2019,1.0329999999999999
MRT,2020,1.0389999999999999
MUS,1990,1.3420000000000001
MUS,1991,1.379
MUS,1992,1.528
MUS,1993,1.5660000000000001
MUS,1994,1.4159999999999999
MUS,1995,1.5760000000000001
MUS,1996,1.663
MUS,1997,1.6859999999999999
MUS,1998,1.8149999999999999
MUS,1999,2.0110000000000001
MUS,2000,2.2109999999999999
MUS,2001,2.3340000000000001
MUS,2002,2.3370000000000002
MUS,2003,2.4630000000000001
MUS,2004,2.4710000000000001
MUS,2005,2.6200000000000001
MUS,2006,2.8700000000000001
MUS,2007,2.903
MUS,2008,2.9550000000000001
MUS,2009,2.899
MUS,2010,3.0510000000000002
MUS,2011,3.0449999999999999
MUS,2012,3.0750000000000002
MUS,2013,3.1499999999999999
MUS,2014,3.2559999999999998
MUS,2015,3.258
MUS,2016,3.3610000000000002
MUS,2017,3.5169999999999999
MUS,2018,3.4569999999999999
MUS,2019,3.5179999999999998
MUS,2020,2.9609999999999999
MWI,1990,0.076999999999999999
MWI,1991,0.080000000000000002
MWI,1992,0.078
MWI,1993,0.085000000000000006
MWI,1994,0.088999999999999996
MWI,1995,0.088999999999999996
MWI,1996,0.088999999999999996
MWI,1997,0.086999999999999994
MWI,1998,0.084000000000000005
MWI,1999,0.081000000000000003
MWI,2000,0.074999999999999997
MWI,2001,0.067000000000000004
MWI,2002,0.071999999999999995
MWI,2003,0.074999999999999997
MWI,2004,0.071999999999999995
MWI,2005,0.066000000000000003
MWI,2006,0.065000000000000002
MWI,2007,0.068000000000000005
MWI,2008,0.070999999999999994
MWI,2009,0.070999999999999994
MWI,2010,0.066000000000000003
MWI,2011,0.068000000000000005
MWI,2012,0.066000000000000003
MWI,2013,0.069000000000000006
MWI,2014,0.060999999999999999
MWI,2015,0.060999999999999999
MWI,2016,0.067000000000000004
MWI,2017,0.066000000000000003
MWI,2018,0.090999999999999998
MWI,2019,0.088999999999999996
MWI,2020,0.096000000000000002
MYS,1990,3.0430000000000001
MYS,1991,3.5859999999999999
MYS,1992,3.8740000000000001
MYS,1993,4.4820000000000002
MYS,1994,4.415
MYS,1995,5.391
MYS,1996,5.2809999999999997
MYS,1997,5.5419999999999998
MYS,1998,5.0110000000000001
MYS,1999,4.6349999999999998
MYS,2000,5.3499999999999996
MYS,2001,5.5640000000000001
MYS,2002,5.4779999999999998
MYS,2003,6.2149999999999999
MYS,2004,6.718
MYS,2005,6.5789999999999997
MYS,2006,6.4409999999999998
MYS,2007,6.4989999999999997
MYS,2008,6.9950000000000001
MYS,2009,6.8310000000000004
MYS,2010,6.9569999999999999
MYS,2011,6.9770000000000003
MYS,2012,7.1799999999999997
MYS,2013,8.0090000000000003
MYS,2014,7.9829999999999997
MYS,2015,7.5540000000000003
MYS,2016,7.4640000000000004
MYS,2017,7.5549999999999997
MYS,2018,7.9809999999999999
MYS,2019,8.3030000000000008
MYS,2020,7.7359999999999998
NAM,1990,
NAM,1991,0.73799999999999999
NAM,1992,0.78000000000000003
NAM,1993,0.91100000000000003
NAM,1994,1.0009999999999999
NAM,1995,1.0109999999999999
NAM,1996,1.044
NAM,1997,1.0740000000000001
NAM,1998,1.0760000000000001
NAM,1999,0.97999999999999998
NAM,2000,0.94499999999999995
NAM,2001,1.202
NAM,2002,1.0429999999999999
NAM,2003,1.091
NAM,2004,1.153
NAM,2005,1.2869999999999999
NAM,2006,1.2669999999999999
NAM,2007,1.153
NAM,2008,1.3959999999999999
NAM,2009,1.28
NAM,2010,1.3220000000000001
NAM,2011,1.298
NAM,2012,1.4550000000000001
NAM,2013,1.3340000000000001
NAM,2014,1.3400000000000001
NAM,2015,1.429
NAM,2016,1.4690000000000001
NAM,2017,1.4319999999999999
NAM,2018,1.4099999999999999
NAM,2019,1.407
NAM,2020,1.2609999999999999
NCL,1990,8.9329999999999998
NCL,1991,9.7029999999999994
NCL,1992,8.4659999999999993
NCL,1993,9.5980000000000008
NCL,1994,10.095000000000001
NCL,1995,10.313000000000001
NCL,1996,10.651
NCL,1997,8.6720000000000006
NCL,1998,8.4559999999999995
NCL,1999,9.4060000000000006
NCL,2000,9.968
NCL,2001,8.2409999999999997
NCL,2002,10.301
NCL,2003,11.516
NCL,2004,10.441000000000001
NCL,2005,11.481999999999999
NCL,2006,10.948
NCL,2007,11.673
NCL,2008,11.220000000000001
NCL,2009,11.800000000000001
NCL,2010,13.983000000000001
NCL,2011,13.859999999999999
NCL,2012,13.641
NCL,2013,14.340999999999999
NCL,2014,17.811
NCL,2015,17.222000000000001
NCL,2016,19.341000000000001
NCL,2017,19.692
NCL,2018,20.853000000000002
NCL,2019,20.001999999999999
NCL,2020,17.978000000000002
NER,1990,0.071999999999999995
NER,1991,0.066000000000000003
NER,1992,0.058999999999999997
NER,1993,0.066000000000000003
NER,1994,0.060999999999999999
NER,1995,0.057000000000000002
NER,1996,0.064000000000000001
NER,1997,0.062
NER,1998,0.065000000000000002
NER,1999,0.060999999999999999
NER,2000,0.058999999999999997
NER,2001,0.053999999999999999
NER,2002,0.055
NER,2003,0.058000000000000003
NER,2004,0.059999999999999998
NER,2005,0.050000000000000003
NER,2006,0.047
NER,2007,0.048000000000000001
NER,2008,0.051999999999999998
NER,2009,0.059999999999999998
NER,2010,0.070000000000000007
NER,2011,0.075999999999999998
NER,2012,0.104
NER,2013,0.112
NER,2014,0.11700000000000001
NER,2015,0.11
NER,2016,0.104
NER,2017,0.105
NER,2018,0.081000000000000003
NER,2019,0.11
NER,2020,0.128
NGA,1990,0.39900000000000002
NGA,1991,0.41999999999999998
NGA,1992,0.45100000000000001
NGA,1993,0.42499999999999999
NGA,1994,0.745
NGA,1995,0.76000000000000001
NGA,1996,0.85899999999999999
NGA,1997,0.81899999999999995
NGA,1998,0.71999999999999997
NGA,1999,0.68899999999999995
NGA,2000,0.76600000000000001
NGA,2001,0.77200000000000002
NGA,2002,0.67400000000000004
NGA,2003,0.72899999999999998
NGA,2004,0.67300000000000004
NGA,2005,0.70099999999999996
NGA,2006,0.60399999999999998
NGA,2007,0.53600000000000003
NGA,2008,0.54900000000000004
NGA,2009,0.47499999999999998
NGA,2010,0.67200000000000004
NGA,2011,0.73599999999999999
NGA,2012,0.625
NGA,2013,0.64800000000000002
NGA,2014,0.66700000000000004
NGA,2015,0.57999999999999996
NGA,2016,0.59599999999999997
NGA,2017,0.56200000000000006
NGA,2018,0.52100000000000002
NGA,2019,0.60999999999999999
NGA,2020,0.58399999999999996
NIC,1990,0.49099999999999999
NIC,1991,0.46600000000000003
NIC,1992,0.54400000000000004
NIC,1993,0.51200000000000001
NIC,1994,0.55300000000000005
NIC,1995,0.59199999999999997
NIC,1996,0.60099999999999998
NIC,1997,0.64600000000000002
NIC,1998,0.69299999999999995
NIC,1999,0.72499999999999998
NIC,2000,0.73899999999999999
NIC,2001,0.76800000000000002
NIC,2002,0.77200000000000002
NIC,2003,0.82699999999999996
NIC,2004,0.82699999999999996
NIC,2005,0.79600000000000004
NIC,2006,0.81299999999999994
NIC,2007,0.82599999999999996
NIC,2008,0.78100000000000003
NIC,2009,0.78400000000000003
NIC,2010,0.77600000000000002
NIC,2011,0.82299999999999995
NIC,2012,0.76800000000000002
NIC,2013,0.76600000000000001
NIC,2014,0.77800000000000002
NIC,2015,0.879
NIC,2016,0.86299999999999999
NIC,2017,0.86099999999999999
NIC,2018,0.80900000000000005
NIC,2019,0.80300000000000005
NIC,2020,0.70699999999999996
NLD,1990,10.847
NLD,1991,11.314
NLD,1992,11.212
NLD,1993,11.122999999999999
NLD,1994,11.103999999999999
NLD,1995,11.146000000000001
NLD,1996,11.670999999999999
NLD,1997,11.159000000000001
NLD,1998,11.145
NLD,1999,10.731
NLD,2000,10.720000000000001
NLD,2001,10.965999999999999
NLD,2002,10.851000000000001
NLD,2003,11.007999999999999
NLD,2004,11.086
NLD,2005,10.818
NLD,2006,10.506
NLD,2007,10.467000000000001
NLD,2008,10.598000000000001
NLD,2009,10.215
NLD,2010,10.880000000000001
NLD,2011,10.050000000000001
NLD,2012,9.7989999999999995
NLD,2013,9.7200000000000006
NLD,2014,9.2490000000000006
NLD,2015,9.5839999999999996
NLD,2016,9.5790000000000006
NLD,2017,9.3729999999999993
NLD,2018,9.0850000000000009
NLD,2019,8.7089999999999996
NLD,2020,7.766
NOR,1990,8.2539999999999996
NOR,1991,7.8529999999999998
NOR,1992,8.0259999999999998
NOR,1993,8.3369999999999997
NOR,1994,8.7309999999999999
NOR,1995,8.8249999999999993
NOR,1996,9.4819999999999993
NOR,1997,9.4540000000000006
NOR,1998,9.4410000000000007
NOR,1999,9.5500000000000007
NOR,2000,9.3810000000000002
NOR,2001,9.6419999999999995
NOR,2002,9.3810000000000002
NOR,2003,9.6219999999999999
NOR,2004,9.6379999999999999
NOR,2005,9.3610000000000007
NOR,2006,9.4109999999999996
NOR,2007,9.6850000000000005
NOR,2008,9.3729999999999993
NOR,2009,8.9260000000000002
NOR,2010,9.3390000000000004
NOR,2011,9.0399999999999991
NOR,2012,8.8190000000000008
NOR,2013,8.7669999999999995
NOR,2014,8.7539999999999996
NOR,2015,8.7720000000000002
NOR,2016,8.5389999999999997
NOR,2017,8.3759999999999994
NOR,2018,8.3719999999999999
NOR,2019,8.016
NOR,2020,7.673
NPL,1990,0.036999999999999998
NPL,1991,0.050999999999999997
NPL,1992,0.059999999999999998
NPL,1993,0.066000000000000003
NPL,1994,0.074999999999999997
NPL,1995,0.104
NPL,1996,0.10299999999999999
NPL,1997,0.114
NPL,1998,0.094
NPL,1999,0.13200000000000001
NPL,2000,0.124
NPL,2001,0.13
NPL,2002,0.10299999999999999
NPL,2003,0.109
NPL,2004,0.099000000000000005
NPL,2005,0.114
NPL,2006,0.091999999999999998
NPL,2007,0.096000000000000002
NPL,2008,0.124
NPL,2009,0.152
NPL,2010,0.17699999999999999
NPL,2011,0.19
NPL,2012,0.19900000000000001
NPL,2013,0.22500000000000001
NPL,2014,0.27400000000000002
NPL,2015,0.248
NPL,2016,0.36099999999999999
NPL,2017,0.443
NPL,2018,0.5
NPL,2019,0.44900000000000001
NPL,2020,0.54000000000000004
NRU,1990,12.916
NRU,1991,12.618
NRU,1992,12.041
NRU,1993,11.220000000000001
NRU,1994,10.816000000000001
NRU,1995,10.430999999999999
NRU,1996,10.052
NRU,1997,10.039999999999999
NRU,1998,9.6799999999999997
NRU,1999,8.9740000000000002
NRU,2000,8.6319999999999997
NRU,2001,7.944
NRU,2002,7.6139999999999999
NRU,2003,6.5389999999999997
NRU,2004,6.1769999999999996
NRU,2005,6.1849999999999996
NRU,2006,4.3700000000000001
NRU,2007,4.0140000000000002
NRU,2008,4.0179999999999998
NRU,2009,4.0140000000000002
NRU,2010,4.3680000000000003
NRU,2011,3.984
NRU,2012,3.9169999999999998
NRU,2013,4.5199999999999996
NRU,2014,4.7649999999999997
NRU,2015,5.008
NRU,2016,4.5910000000000002
NRU,2017,4.8419999999999996
NRU,2018,4.7800000000000002
NRU,2019,4.4189999999999996
NRU,2020,4.7119999999999997
NZL,1990,7.5039999999999996
NZL,1991,7.5179999999999998
NZL,1992,7.9710000000000001
NZL,1993,7.7640000000000002
NZL,1994,7.7009999999999996
NZL,1995,7.617
NZL,1996,7.8529999999999998
NZL,1997,8.2769999999999992
NZL,1998,7.8280000000000003
NZL,1999,8.1980000000000004
NZL,2000,8.3529999999999998
NZL,2001,8.8279999999999994
NZL,2002,8.7370000000000001
NZL,2003,9.0039999999999996
NZL,2004,8.7680000000000007
NZL,2005,9.0449999999999999
NZL,2006,8.9199999999999999
NZL,2007,8.6150000000000002
NZL,2008,8.7959999999999994
NZL,2009,8.0370000000000008
NZL,2010,8.0009999999999994
NZL,2011,7.8129999999999997
NZL,2012,8.1419999999999995
NZL,2013,7.9080000000000004
NZL,2014,7.827
NZL,2015,7.7599999999999998
NZL,2016,7.2400000000000002
NZL,2017,7.4100000000000001
NZL,2018,7.282
NZL,2019,7.3579999999999997
NZL,2020,6.7279999999999998
OMN,1990,6.3979999999999997
OMN,1991,6.2969999999999997
OMN,1992,6.1680000000000001
OMN,1993,6.5739999999999998
OMN,1994,8.3900000000000006
OMN,1995,8.8729999999999993
OMN,1996,8.4369999999999994
OMN,1997,8.282
OMN,1998,8.343
OMN,1999,9.7989999999999995
OMN,2000,10.51
OMN,2001,9.7439999999999998
OMN,2002,11.544
OMN,2003,14.622
OMN,2004,12.162000000000001
OMN,2005,12.942
OMN,2006,16.085000000000001
OMN,2007,17.629000000000001
OMN,2008,18.059999999999999
OMN,2009,16.577000000000002
OMN,2010,18.651
OMN,2011,18.625
OMN,2012,17.791
OMN,2013,17.106999999999999
OMN,2014,16.536999999999999
OMN,2015,16.221
OMN,2016,15.086
OMN,2017,14.622
OMN,2018,15.372
OMN,2019,15.69
OMN,2020,15.885999999999999
PAK,1990,0.58399999999999996
PAK,1991,0.56200000000000006
PAK,1992,0.58299999999999996
PAK,1993,0.60799999999999998
PAK,1994,0.64300000000000002
PAK,1995,0.621
PAK,1996,0.67500000000000004
PAK,1997,0.65800000000000003
PAK,1998,0.66000000000000003
PAK,1999,0.66000000000000003
PAK,2000,0.67100000000000004
PAK,2001,0.66200000000000003
PAK,2002,0.67700000000000005
PAK,2003,0.67700000000000005
PAK,2004,0.72799999999999998
PAK,2005,0.74099999999999999
PAK,2006,0.76800000000000002
PAK,2007,0.80400000000000005
PAK,2008,0.78000000000000003
PAK,2009,0.76300000000000001
PAK,2010,0.73999999999999999
PAK,2011,0.73399999999999999
PAK,2012,0.72499999999999998
PAK,2013,0.70199999999999996
PAK,2014,0.70399999999999996
PAK,2015,0.66700000000000004
PAK,2016,0.80300000000000005
PAK,2017,0.94899999999999995
PAK,2018,0.89700000000000002
PAK,2019,0.82699999999999996
PAK,2020,0.91700000000000004
PAN,1990,1.0660000000000001
PAN,1991,1.2310000000000001
PAN,1992,1.6000000000000001
PAN,1993,1.4339999999999999
PAN,1994,1.5489999999999999
PAN,1995,1.3240000000000001
PAN,1996,1.581
PAN,1997,1.6120000000000001
PAN,1998,2.016
PAN,1999,1.881
PAN,2000,1.8720000000000001
PAN,2001,2.2509999999999999
PAN,2002,1.825
PAN,2003,1.859
PAN,2004,1.6930000000000001
PAN,2005,2.0350000000000001
PAN,2006,2.1579999999999999
PAN,2007,2.0750000000000002
PAN,2008,1.9450000000000001
PAN,2009,2.2589999999999999
PAN,2010,2.4969999999999999
PAN,2011,2.6800000000000002
PAN,2012,2.5379999999999998
PAN,2013,2.6859999999999999
PAN,2014,2.746
PAN,2015,2.6899999999999999
PAN,2016,2.5649999999999999
PAN,2017,2.3340000000000001
PAN,2018,2.1880000000000002
PAN,2019,2.9399999999999999
PAN,2020,1.5269999999999999
PER,1990,0.97199999999999998
PER,1991,0.92300000000000004
PER,1992,0.91500000000000004
PER,1993,1.02
PER,1994,1.012
PER,1995,1.0329999999999999
PER,1996,0.996
PER,1997,1.0980000000000001
PER,1998,1.0900000000000001
PER,1999,1.129
PER,2000,1.0780000000000001
PER,2001,0.93700000000000006
PER,2002,0.93799999999999994
PER,2003,0.90300000000000002
PER,2004,1.0229999999999999
PER,2005,1.079
PER,2006,0.999
PER,2007,1.212
PER,2008,1.2390000000000001
PER,2009,1.3640000000000001
PER,2010,1.4610000000000001
PER,2011,1.444
PER,2012,1.54
PER,2013,1.4330000000000001
PER,2014,1.6399999999999999
PER,2015,1.615
PER,2016,1.7070000000000001
PER,2017,1.7470000000000001
PER,2018,1.756
PER,2019,1.8080000000000001
PER,2020,1.4379999999999999
PHL,1990,0.64900000000000002
PHL,1991,0.66600000000000004
PHL,1992,0.72499999999999998
PHL,1993,0.71599999999999997
PHL,1994,0.77500000000000002
PHL,1995,0.83899999999999997
PHL,1996,0.83699999999999997
PHL,1997,0.93600000000000005
PHL,1998,0.88900000000000001
PHL,1999,0.86499999999999999
PHL,2000,0.89800000000000002
PHL,2001,0.85699999999999998
PHL,2002,0.83699999999999997
PHL,2003,0.81999999999999995
PHL,2004,0.83299999999999996
PHL,2005,0.82199999999999995
PHL,2006,0.73299999999999998
PHL,2007,0.76900000000000002
PHL,2008,0.82599999999999996
PHL,2009,0.80100000000000005
PHL,2010,0.85399999999999998
PHL,2011,0.84499999999999997
PHL,2012,0.873
PHL,2013,0.92900000000000005
PHL,2014,0.96399999999999997
PHL,2015,1.054
PHL,2016,1.1259999999999999
PHL,2017,1.2350000000000001
PHL,2018,1.278
PHL,2019,1.2869999999999999
PHL,2020,1.173
PLW,1990,15.345000000000001
PLW,1991,14.997999999999999
PLW,1992,12.124000000000001
PLW,1993,11.843
PLW,1994,11.779999999999999
PLW,1995,11.279
PLW,1996,11.189
PLW,1997,10.916
PLW,1998,10.865
PLW,1999,10.648
PLW,2000,10.874000000000001
PLW,2001,10.965999999999999
PLW,2002,10.882999999999999
PLW,2003,10.797000000000001
PLW,2004,10.711
PLW,2005,11.266999999999999
PLW,2006,11.581
PLW,2007,13.083
PLW,2008,10.782
PLW,2009,10.365
PLW,2010,11.337999999999999
PLW,2011,11.742000000000001
PLW,2012,12.563000000000001
PLW,2013,12.856
PLW,2014,12.391999999999999
PLW,2015,11.327
PLW,2016,11.717000000000001
PLW,2017,12.119
PLW,2018,11.91
PLW,2019,12.130000000000001
PLW,2020,11.722
PNG,1990,0.55300000000000005
PNG,1991,0.54000000000000004
PNG,1992,0.52600000000000002
PNG,1993,0.50800000000000001
PNG,1994,0.48799999999999999
PNG,1995,0.442
PNG,1996,0.45700000000000002
PNG,1997,0.52300000000000002
PNG,1998,0.68400000000000005
PNG,1999,0.47599999999999998
PNG,2000,0.53100000000000003
PNG,2001,0.58199999999999996
PNG,2002,0.61899999999999999
PNG,2003,0.66200000000000003
PNG,2004,0.74099999999999999
PNG,2005,0.76300000000000001
PNG,2006,0.749
PNG,2007,0.94499999999999995
PNG,2008,0.77200000000000002
PNG,2009,0.71099999999999997
PNG,2010,0.61799999999999999
PNG,2011,0.67400000000000004
PNG,2012,0.54100000000000004
PNG,2013,0.54600000000000004
PNG,2014,0.71899999999999997
PNG,2015,0.72199999999999998
PNG,2016,0.78400000000000003
PNG,2017,0.71399999999999997
PNG,2018,0.80900000000000005
PNG,2019,0.78900000000000003
PNG,2020,0.80600000000000005
POL,1990,9.8889999999999993
POL,1991,9.7859999999999996
POL,1992,9.5280000000000005
POL,1993,9.5299999999999994
POL,1994,9.3879999999999999
POL,1995,9.4480000000000004
POL,1996,9.8309999999999995
POL,1997,9.5749999999999993
POL,1998,8.8450000000000006
POL,1999,8.5980000000000008
POL,2000,8.2940000000000005
POL,2001,8.1910000000000007
POL,2002,8
POL,2003,8.343
POL,2004,8.4789999999999992
POL,2005,8.4610000000000003
POL,2006,8.8360000000000003
POL,2007,8.8300000000000001
POL,2008,8.6699999999999999
POL,2009,8.3119999999999994
POL,2010,8.7680000000000007
POL,2011,8.7260000000000009
POL,2012,8.5180000000000007
POL,2013,8.4100000000000001
POL,2014,8.0860000000000003
POL,2015,8.1679999999999993
POL,2016,8.4489999999999998
POL,2017,8.7959999999999994
POL,2018,8.7789999999999999
POL,2019,8.3040000000000003
POL,2020,7.9139999999999997
PRK,1990,5.6070000000000002
PRK,1991,5.2649999999999997
PRK,1992,4.5049999999999999
PRK,1993,4.0590000000000002
PRK,1994,3.6429999999999998
PRK,1995,3.3559999999999999
PRK,1996,2.895
PRK,1997,2.7549999999999999
PRK,1998,2.52
PRK,1999,2.73
PRK,2000,2.923
PRK,2001,3.0089999999999999
PRK,2002,2.867
PRK,2003,2.9119999999999999
PRK,2004,2.9569999999999999
PRK,2005,3.0750000000000002
PRK,2006,3.1059999999999999
PRK,2007,2.5760000000000001
PRK,2008,2.8399999999999999
PRK,2009,2.7200000000000002
PRK,2010,2.6160000000000001
PRK,2011,1.907
PRK,2012,1.8540000000000001
PRK,2013,1.427
PRK,2014,1.5649999999999999
PRK,2015,1.2230000000000001
PRK,2016,1.3320000000000001
PRK,2017,2.7000000000000002
PRK,2018,2.4140000000000001
PRK,2019,2.6699999999999999
PRK,2020,2.5089999999999999
PRT,1990,4.5359999999999996
PRT,1991,4.702
PRT,1992,5.1159999999999997
PRT,1993,4.9610000000000003
PRT,1994,5.0250000000000004
PRT,1995,5.4329999999999998
PRT,1996,5.1449999999999996
PRT,1997,5.407
PRT,1998,5.8280000000000003
PRT,1999,6.5469999999999997
PRT,2000,6.3700000000000001
PRT,2001,6.2960000000000003
PRT,2002,6.6820000000000004
PRT,2003,6.1680000000000001
PRT,2004,6.4210000000000003
PRT,2005,6.6299999999999999
PRT,2006,6.1630000000000003
PRT,2007,5.915
PRT,2008,5.681
PRT,2009,5.4029999999999996
PRT,2010,5
PRT,2011,4.9050000000000002
PRT,2012,4.7489999999999997
PRT,2013,4.6040000000000001
PRT,2014,4.6070000000000002
PRT,2015,5.0369999999999999
PRT,2016,4.8630000000000004
PRT,2017,5.3399999999999999
PRT,2018,4.9720000000000004
PRT,2019,4.5999999999999996
PRT,2020,4.0250000000000004
PRY,1990,0.52800000000000002
PRY,1991,0.50600000000000001
PRY,1992,0.60399999999999998
PRY,1993,0.66600000000000004
PRY,1994,0.75900000000000001
PRY,1995,0.85699999999999998
PRY,1996,0.79100000000000004
PRY,1997,0.85299999999999998
PRY,1998,0.89300000000000002
PRY,1999,0.872
PRY,2000,0.70399999999999996
PRY,2001,0.71099999999999997
PRY,2002,0.73199999999999998
PRY,2003,0.75600000000000001
PRY,2004,0.753
PRY,2005,0.69199999999999995
PRY,2006,0.70899999999999996
PRY,2007,0.72699999999999998
PRY,2008,0.76100000000000001
PRY,2009,0.79800000000000004
PRY,2010,0.873
PRY,2011,0.89300000000000002
PRY,2012,0.875
PRY,2013,0.86399999999999999
PRY,2014,0.89800000000000002
PRY,2015,0.98199999999999998
PRY,2016,1.1499999999999999
PRY,2017,1.2529999999999999
PRY,2018,1.323
PRY,2019,1.2689999999999999
PRY,2020,1.127
PSE,1990,0.40300000000000002
PSE,1991,0.39600000000000002
PSE,1992,0.39200000000000002
PSE,1993,0.38500000000000001
PSE,1994,0.38100000000000001
PSE,1995,0.35899999999999999
PSE,1996,0.377
PSE,1997,0.30199999999999999
PSE,1998,0.49199999999999999
PSE,1999,0.44700000000000001
PSE,2000,0.52700000000000002
PSE,2001,0.41499999999999998
PSE,2002,0.34699999999999998
PSE,2003,0.375
PSE,2004,0.63
PSE,2005,0.76900000000000002
PSE,2006,0.622
PSE,2007,0.623
PSE,2008,0.53600000000000003
PSE,2009,0.53300000000000003
PSE,2010,0.50600000000000001
PSE,2011,0.54600000000000004
PSE,2012,0.52100000000000002
PSE,2013,0.56499999999999995
PSE,2014,0.64200000000000002
PSE,2015,0.66400000000000003
PSE,2016,0.69799999999999995
PSE,2017,0.68799999999999994
PSE,2018,0.60999999999999999
PSE,2019,0.65800000000000003
PSE,2020,0.65600000000000003
PYF,1990,2.5710000000000002
PYF,1991,2.54
PYF,1992,2.355
PYF,1993,2.4169999999999998
PYF,1994,2.4449999999999998
PYF,1995,2.359
PYF,1996,2.3239999999999998
PYF,1997,2.367
PYF,1998,2.2970000000000002
PYF,1999,2.5089999999999999
PYF,2000,2.851
PYF,2001,3.1520000000000001
PYF,2002,3.2530000000000001
PYF,2003,3.3199999999999998
PYF,2004,3.2959999999999998
PYF,2005,3.2050000000000001
PYF,2006,3.1869999999999998
PYF,2007,3.218
PYF,2008,3.2349999999999999
PYF,2009,3.1949999999999998
PYF,2010,3.4119999999999999
PYF,2011,3.25
PYF,2012,3.2069999999999999
PYF,2013,3.214
PYF,2014,3.0760000000000001
PYF,2015,3.0459999999999998
PYF,2016,3.1099999999999999
PYF,2017,3.1259999999999999
PYF,2018,3.1429999999999998
PYF,2019,3.1909999999999998
PYF,2020,2.9790000000000001
QAT,1990,25.962
QAT,1991,38.284999999999997
QAT,1992,57.097000000000001
QAT,1993,63.399999999999999
QAT,1994,64.819000000000003
QAT,1995,64.491
QAT,1996,65.162000000000006
QAT,1997,76.715000000000003
QAT,1998,63.664999999999999
QAT,1999,59.305
QAT,2000,62.646000000000001
QAT,2001,67.727000000000004
QAT,2002,63.518000000000001
QAT,2003,62.618000000000002
QAT,2004,61.344000000000001
QAT,2005,57.767000000000003
QAT,2006,61.420999999999999
QAT,2007,49.255000000000003
QAT,2008,43.359000000000002
QAT,2009,41.174999999999997
QAT,2010,43.090000000000003
QAT,2011,45.174999999999997
QAT,2012,49.152000000000001
QAT,2013,44.981999999999999
QAT,2014,41.310000000000002
QAT,2015,38.441000000000003
QAT,2016,35.154000000000003
QAT,2017,39.034999999999997
QAT,2018,37.165999999999997
QAT,2019,36.252000000000002
QAT,2020,36.145000000000003
ROU,1990,7.6959999999999997
ROU,1991,6.1989999999999998
ROU,1992,5.7610000000000001
ROU,1993,5.3719999999999999
ROU,1994,5.3109999999999999
ROU,1995,5.5469999999999997
ROU,1996,5.7279999999999998
ROU,1997,5.2699999999999996
ROU,1998,4.702
ROU,1999,4.0110000000000001
ROU,2000,4.2279999999999998
ROU,2001,4.5129999999999999
ROU,2002,4.5510000000000002
ROU,2003,4.8029999999999999
ROU,2004,4.8230000000000004
ROU,2005,4.7770000000000001
ROU,2006,4.9580000000000002
ROU,2007,5.1989999999999998
ROU,2008,5.1639999999999997
ROU,2009,4.2670000000000003
ROU,2010,4.1349999999999998
ROU,2011,4.5549999999999997
ROU,2012,4.4569999999999999
ROU,2013,3.927
ROU,2014,3.9729999999999999
ROU,2015,3.9279999999999999
ROU,2016,3.8730000000000002
ROU,2017,4.0339999999999998
ROU,2018,4.0759999999999996
ROU,2019,3.9329999999999998
ROU,2020,3.8130000000000002
RUS,1990,17.024000000000001
RUS,1991,16.109999999999999
RUS,1992,13.185
RUS,1993,12.6
RUS,1994,11.112
RUS,1995,10.913
RUS,1996,10.714
RUS,1997,10.023
RUS,1998,9.9290000000000003
RUS,1999,10.147
RUS,2000,10.090999999999999
RUS,2001,10.388999999999999
RUS,2002,10.335000000000001
RUS,2003,10.555999999999999
RUS,2004,10.644
RUS,2005,10.816000000000001
RUS,2006,11.266
RUS,2007,11.291
RUS,2008,11.492000000000001
RUS,2009,10.741
RUS,2010,11.346
RUS,2011,11.698
RUS,2012,11.782
RUS,2013,11.324
RUS,2014,11.298
RUS,2015,11.254
RUS,2016,11.177
RUS,2017,11.362
RUS,2018,11.677
RUS,2019,11.632
RUS,2020,11.148999999999999
RWA,1990,0.070999999999999994
RWA,1991,0.063
RWA,1992,0.062
RWA,1993,0.060999999999999999
RWA,1994,0.068000000000000005
RWA,1995,0.080000000000000002
RWA,1996,0.069000000000000006
RWA,1997,0.062
RWA,1998,0.059999999999999998
RWA,1999,0.062
RWA,2000,0.063
RWA,2001,0.063
RWA,2002,0.060999999999999999
RWA,2003,0.058999999999999997
RWA,2004,0.058000000000000003
RWA,2005,0.057000000000000002
RWA,2006,0.055
RWA,2007,0.057000000000000002
RWA,2008,0.053999999999999999
RWA,2009,0.055
RWA,2010,0.056000000000000001
RWA,2011,0.060999999999999999
RWA,2012,0.066000000000000003
RWA,2013,0.070000000000000007
RWA,2014,0.072999999999999995
RWA,2015,0.083000000000000004
RWA,2016,0.087999999999999995
RWA,2017,0.096000000000000002
RWA,2018,0.105
RWA,2019,0.111
RWA,2020,0.107
SAU,1990,17.100999999999999
SAU,1991,21.91
SAU,1992,23.617999999999999
SAU,1993,24.373999999999999
SAU,1994,22.84
SAU,1995,20.664000000000001
SAU,1996,19.484999999999999
SAU,1997,15.802
SAU,1998,14.67
SAU,1999,15.364000000000001
SAU,2000,19.140000000000001
SAU,2001,19.033999999999999
SAU,2002,19.370000000000001
SAU,2003,18.695
SAU,2004,20.728000000000002
SAU,2005,20.050000000000001
SAU,2006,20.736000000000001
SAU,2007,18.925000000000001
SAU,2008,20.158000000000001
SAU,2009,20.809999999999999
SAU,2010,22.087
SAU,2011,20.693999999999999
SAU,2012,22.382000000000001
SAU,2013,20.808
SAU,2014,20.177
SAU,2015,20.835999999999999
SAU,2016,20.873000000000001
SAU,2017,20.937000000000001
SAU,2018,21.478999999999999
SAU,2019,23.245000000000001
SAU,2020,21.088999999999999
SDN,1990,0.217
SDN,1991,0.19900000000000001
SDN,1992,0.17499999999999999
SDN,1993,0.11700000000000001
SDN,1994,0.16
SDN,1995,0.161
SDN,1996,0.16200000000000001
SDN,1997,0.19500000000000001
SDN,1998,0.16500000000000001
SDN,1999,0.17499999999999999
SDN,2000,0.19
SDN,2001,0.21099999999999999
SDN,2002,0.26100000000000001
SDN,2003,0.28499999999999998
SDN,2004,0.35599999999999998
SDN,2005,0.33800000000000002
SDN,2006,0.36099999999999999
SDN,2007,0.41399999999999998
SDN,2008,0.42199999999999999
SDN,2009,0.42799999999999999
SDN,2010,0.42599999999999999
SDN,2011,0.40699999999999997
SDN,2012,0.42699999999999999
SDN,2013,0.46000000000000002
SDN,2014,0.33700000000000002
SDN,2015,0.35599999999999998
SDN,2016,0.47799999999999998
SDN,2017,0.47499999999999998
SDN,2018,0.46400000000000002
SDN,2019,0.48299999999999998
SDN,2020,0.42299999999999999
SEN,1990,0.38
SEN,1991,0.39100000000000001
SEN,1992,0.38800000000000001
SEN,1993,0.39100000000000001
SEN,1994,0.42199999999999999
SEN,1995,0.33800000000000002
SEN,1996,0.35799999999999998
SEN,1997,0.34300000000000003
SEN,1998,0.35099999999999998
SEN,1999,0.37
SEN,2000,0.39100000000000001
SEN,2001,0.41699999999999998
SEN,2002,0.42399999999999999
SEN,2003,0.46000000000000002
SEN,2004,0.47699999999999998
SEN,2005,0.49299999999999999
SEN,2006,0.38500000000000001
SEN,2007,0.441
SEN,2008,0.39300000000000002
SEN,2009,0.42599999999999999
SEN,2010,0.54300000000000004
SEN,2011,0.60299999999999998
SEN,2012,0.55300000000000005
SEN,2013,0.57299999999999995
SEN,2014,0.61599999999999999
SEN,2015,0.67500000000000004
SEN,2016,0.66600000000000004
SEN,2017,0.69499999999999995
SEN,2018,0.71199999999999997
SEN,2019,0.77700000000000002
SEN,2020,0.64400000000000002
SGP,1990,14.323
SGP,1991,14.103999999999999
SGP,1992,14.704000000000001
SGP,1993,14.968
SGP,1994,17.579999999999998
SGP,1995,11.474
SGP,1996,13.102
SGP,1997,14.944000000000001
SGP,1998,12.153
SGP,1999,12.404
SGP,2000,9.2609999999999992
SGP,2001,9.359
SGP,2002,9.6959999999999997
SGP,2003,9.5530000000000008
SGP,2004,9.8260000000000005
SGP,2005,9.2780000000000005
SGP,2006,9.2119999999999997
SGP,2007,8.9420000000000002
SGP,2008,8.3629999999999995
SGP,2009,8.2119999999999997
SGP,2010,8.7449999999999992
SGP,2011,9.0690000000000008
SGP,2012,8.7089999999999996
SGP,2013,8.7270000000000003
SGP,2014,8.7210000000000001
SGP,2015,8.9410000000000007
SGP,2016,8.8030000000000008
SGP,2017,8.9399999999999995
SGP,2018,8.9269999999999996
SGP,2019,8.6430000000000007
SGP,2020,8.3089999999999993
SLB,1990,0.442
SLB,1991,0.45000000000000001
SLB,1992,0.45800000000000002
SLB,1993,0.47499999999999998
SLB,1994,0.48999999999999999
SLB,1995,0.495
SLB,1996,0.5
SLB,1997,0.504
SLB,1998,0.50700000000000001
SLB,1999,0.51100000000000001
SLB,2000,0.51600000000000001
SLB,2001,0.53000000000000003
SLB,2002,0.53600000000000003
SLB,2003,0.55000000000000004
SLB,2004,0.57899999999999996
SLB,2005,0.58399999999999996
SLB,2006,0.59599999999999997
SLB,2007,0.60099999999999998
SLB,2008,0.61199999999999999
SLB,2009,0.622
SLB,2010,0.626
SLB,2011,0.629
SLB,2012,0.59999999999999998
SLB,2013,0.63400000000000001
SLB,2014,0.53500000000000003
SLB,2015,0.46400000000000002
SLB,2016,0.443
SLB,2017,0.42199999999999999
SLB,2018,0.41299999999999998
SLB,2019,0.40799999999999997
SLB,2020,0.39400000000000002
SLE,1990,0.11899999999999999
SLE,1991,0.13100000000000001
SLE,1992,0.068000000000000005
SLE,1993,0.063
SLE,1994,0.066000000000000003
SLE,1995,0.052999999999999999
SLE,1996,0.055
SLE,1997,0.048000000000000001
SLE,1998,0.050999999999999997
SLE,1999,0.041000000000000002
SLE,2000,0.060999999999999999
SLE,2001,0.080000000000000002
SLE,2002,0.10100000000000001
SLE,2003,0.104
SLE,2004,0.097000000000000003
SLE,2005,0.079000000000000001
SLE,2006,0.10199999999999999
SLE,2007,0.085000000000000006
SLE,2008,0.085999999999999993
SLE,2009,0.083000000000000004
SLE,2010,0.087999999999999995
SLE,2011,0.112
SLE,2012,0.127
SLE,2013,0.157
SLE,2014,0.16400000000000001
SLE,2015,0.154
SLE,2016,0.158
SLE,2017,0.14799999999999999
SLE,2018,0.13700000000000001
SLE,2019,0.14499999999999999
SLE,2020,0.14999999999999999
SLV,1990,0.45800000000000002
SLV,1991,0.57299999999999995
SLV,1992,0.59299999999999997
SLV,1993,0.70099999999999996
SLV,1994,0.78800000000000003
SLV,1995,0.86499999999999999
SLV,1996,0.75800000000000001
SLV,1997,0.92400000000000004
SLV,1998,0.97099999999999997
SLV,1999,0.94099999999999995
SLV,2000,0.94999999999999996
SLV,2001,0.97699999999999998
SLV,2002,1.008
SLV,2003,1.0660000000000001
SLV,2004,1.0349999999999999
SLV,2005,1.0429999999999999
SLV,2006,1.1140000000000001
SLV,2007,1.135
SLV,2008,1.0569999999999999
SLV,2009,1.0389999999999999
SLV,2010,1.036
SLV,2011,1.0620000000000001
SLV,2012,1.0529999999999999
SLV,2013,0.98699999999999999
SLV,2014,0.99299999999999999
SLV,2015,1.073
SLV,2016,1.0600000000000001
SLV,2017,0.95599999999999996
SLV,2018,1.0369999999999999
SLV,2019,1.2270000000000001
SLV,2020,0.98399999999999999
SMR,1990,
SMR,1991,
SMR,1992,
SMR,1993,
SMR,1994,
SMR,1995,
SMR,1996,
SMR,1997,
SMR,1998,
SMR,1999,
SMR,2000,
SMR,2001,
SMR,2002,
SMR,2003,
SMR,2004,
SMR,2005,
SMR,2006,
SMR,2007,
SMR,2008,
SMR,2009,
SMR,2010,
SMR,2011,
SMR,2012,
SMR,2013,
SMR,2014,
SMR,2015,
SMR,2016,
SMR,2017,
SMR,2018,
SMR,2019,
SMR,2020,
SOM,1990,0.11
SOM,1991,0.104
SOM,1992,0.10299999999999999
SOM,1993,0.094
SOM,1994,0.087999999999999995
SOM,1995,0.080000000000000002
SOM,1996,0.075999999999999998
SOM,1997,0.068000000000000005
SOM,1998,0.062
SOM,1999,0.057000000000000002
SOM,2000,0.058000000000000003
SOM,2001,0.058999999999999997
SOM,2002,0.059999999999999998
SOM,2003,0.060999999999999999
SOM,2004,0.060999999999999999
SOM,2005,0.060999999999999999
SOM,2006,0.060999999999999999
SOM,2007,0.060999999999999999
SOM,2008,0.062
SOM,2009,0.062
SOM,2010,0.063
SOM,2011,0.066000000000000003
SOM,2012,0.067000000000000004
SOM,2013,0.067000000000000004
SOM,2014,0.066000000000000003
SOM,2015,0.067000000000000004
SOM,2016,0.067000000000000004
SOM,2017,0.067000000000000004
SOM,2018,0.067000000000000004
SOM,2019,0.067000000000000004
SOM,2020,0.068000000000000005
SRB,1990,7.3070000000000004
SRB,1991,5.1580000000000004
SRB,1992,5.5519999999999996
SRB,1993,4.8410000000000002
SRB,1994,4.7169999999999996
SRB,1995,4.9909999999999997
SRB,1996,5.8529999999999998
SRB,1997,6.3029999999999999
SRB,1998,6.6559999999999997
SRB,1999,4.609
SRB,2000,5.1470000000000002
SRB,2001,5.5599999999999996
SRB,2002,5.9720000000000004
SRB,2003,6.4089999999999998
SRB,2004,6.9980000000000002
SRB,2005,6.6399999999999997
SRB,2006,7.1520000000000001
SRB,2007,6.9699999999999998
SRB,2008,6.9409999999999998
SRB,2009,6.1840000000000002
SRB,2010,6.1779999999999999
SRB,2011,6.6470000000000002
SRB,2012,5.9749999999999996
SRB,2013,6.1260000000000003
SRB,2014,5.165
SRB,2015,6.1159999999999997
SRB,2016,6.3419999999999996
SRB,2017,6.4569999999999999
SRB,2018,6.3360000000000003
SRB,2019,6.3799999999999999
SRB,2020,6.5659999999999998
SSD,1990,0.088999999999999996
SSD,1991,0.081000000000000003
SSD,1992,0.071999999999999995
SSD,1993,0.049000000000000002
SSD,1994,0.066000000000000003
SSD,1995,0.066000000000000003
SSD,1996,0.066000000000000003
SSD,1997,0.079000000000000001
SSD,1998,0.067000000000000004
SSD,1999,0.070999999999999994
SSD,2000,0.073999999999999996
SSD,2001,0.081000000000000003
SSD,2002,0.099000000000000005
SSD,2003,0.106
SSD,2004,0.127
SSD,2005,0.11600000000000001
SSD,2006,0.121
SSD,2007,0.13500000000000001
SSD,2008,0.13600000000000001
SSD,2009,0.13500000000000001
SSD,2010,0.13
SSD,2011,0.12
SSD,2012,0.124
SSD,2013,0.129
SSD,2014,0.13300000000000001
SSD,2015,0.17199999999999999
SSD,2016,0.157
SSD,2017,0.14199999999999999
SSD,2018,0.17199999999999999
SSD,2019,0.17000000000000001
SSD,2020,0.16
STP,1990,0.38700000000000001
STP,1991,0.379
STP,1992,0.372
STP,1993,0.36499999999999999
STP,1994,0.35899999999999999
STP,1995,0.35299999999999998
STP,1996,0.34799999999999998
STP,1997,0.34300000000000003
STP,1998,0.33800000000000002
STP,1999,0.33400000000000002
STP,2000,0.35599999999999998
STP,2001,0.34999999999999998
STP,2002,0.36699999999999999
STP,2003,0.40500000000000003
STP,2004,0.46500000000000002
STP,2005,0.47599999999999998
STP,2006,0.48699999999999999
STP,2007,0.47499999999999998
STP,2008,0.48499999999999999
STP,2009,0.51500000000000001
STP,2010,0.58399999999999996
STP,2011,0.53300000000000003
STP,2012,0.57999999999999996
STP,2013,0.56899999999999995
STP,2014,0.65200000000000002
STP,2015,0.67700000000000005
STP,2016,0.71899999999999997
STP,2017,0.67300000000000004
STP,2018,0.66200000000000003
STP,2019,0.68700000000000006
STP,2020,0.65700000000000003
SUR,1990,4.2140000000000004
SUR,1991,4.8769999999999998
SUR,1992,4.8639999999999999
SUR,1993,4.8609999999999998
SUR,1994,4.8369999999999997
SUR,1995,4.798
SUR,1996,4.7469999999999999
SUR,1997,4.6980000000000004
SUR,1998,4.6020000000000003
SUR,1999,4.5469999999999997
SUR,2000,4.601
SUR,2001,4.8570000000000002
SUR,2002,3.1429999999999998
SUR,2003,3.0379999999999998
SUR,2004,3.0219999999999998
SUR,2005,3.0539999999999998
SUR,2006,3.3140000000000001
SUR,2007,3.3109999999999999
SUR,2008,3.613
SUR,2009,3.6589999999999998
SUR,2010,4.319
SUR,2011,4.9580000000000002
SUR,2012,4.4320000000000004
SUR,2013,5.5380000000000003
SUR,2014,5.5629999999999997
SUR,2015,4.6660000000000004
SUR,2016,4.9569999999999999
SUR,2017,4.093
SUR,2018,3.4910000000000001
SUR,2019,4.3449999999999998
SUR,2020,4.7720000000000002
SVK,1990,11.683999999999999
SVK,1991,10.092000000000001
SVK,1992,9.2210000000000001
SVK,1993,8.7100000000000009
SVK,1994,8.1980000000000004
SVK,1995,8.2539999999999996
SVK,1996,8.2189999999999994
SVK,1997,8.2210000000000001
SVK,1998,8.1639999999999997
SVK,1999,8.0120000000000005
SVK,2000,7.6559999999999997
SVK,2001,8.0440000000000005
SVK,2002,7.8159999999999998
SVK,2003,7.8789999999999996
SVK,2004,7.9720000000000004
SVK,2005,7.9710000000000001
SVK,2006,7.9299999999999997
SVK,2007,7.6310000000000002
SVK,2008,7.7009999999999996
SVK,2009,6.9969999999999999
SVK,2010,7.1340000000000003
SVK,2011,7.048
SVK,2012,6.6539999999999999
SVK,2013,6.5839999999999996
SVK,2014,6.2249999999999996
SVK,2015,6.3700000000000001
SVK,2016,6.4450000000000003
SVK,2017,6.657
SVK,2018,6.6479999999999997
SVK,2019,6.2110000000000003
SVK,2020,5.7149999999999999
SVN,1990,7.556
SVN,1991,6.9909999999999997
SVN,1992,6.9569999999999999
SVN,1993,7.1600000000000001
SVN,1994,7.3630000000000004
SVN,1995,7.7240000000000002
SVN,1996,8.0540000000000003
SVN,1997,8.3209999999999997
SVN,1998,8.1029999999999998
SVN,1999,7.782
SVN,2000,7.5800000000000001
SVN,2001,8.1969999999999992
SVN,2002,8.3209999999999997
SVN,2003,8.1699999999999999
SVN,2004,8.3819999999999997
SVN,2005,8.484
SVN,2006,8.5790000000000006
SVN,2007,8.6140000000000008
SVN,2008,9.0289999999999999
SVN,2009,7.9630000000000001
SVN,2010,8.0530000000000008
SVN,2011,7.9870000000000001
SVN,2012,7.6779999999999999
SVN,2013,7.3609999999999998
SVN,2014,6.5919999999999996
SVN,2015,6.6310000000000002
SVN,2016,7.0190000000000001
SVN,2017,7.0970000000000004
SVN,2018,7.0369999999999999
SVN,2019,6.7450000000000001
SVN,2020,6.1230000000000002
SWE,1990,6.7089999999999996
SWE,1991,6.6920000000000002
SWE,1992,6.6349999999999998
SWE,1993,6.5970000000000004
SWE,1994,6.8330000000000002
SWE,1995,6.7400000000000002
SWE,1996,7.1660000000000004
SWE,1997,6.5970000000000004
SWE,1998,6.6399999999999997
SWE,1999,6.3150000000000004
SWE,2000,6.1870000000000003
SWE,2001,6.2699999999999996
SWE,2002,6.3449999999999998
SWE,2003,6.3869999999999996
SWE,2004,6.274
SWE,2005,5.9569999999999999
SWE,2006,5.9080000000000004
SWE,2007,5.7800000000000002
SWE,2008,5.5060000000000002
SWE,2009,5.0700000000000003
SWE,2010,5.6539999999999999
SWE,2011,5.1980000000000004
SWE,2012,4.8959999999999999
SWE,2013,4.6980000000000004
SWE,2014,4.4740000000000002
SWE,2015,4.4199999999999999
SWE,2016,4.3639999999999999
SWE,2017,4.2110000000000003
SWE,2018,4.1130000000000004
SWE,2019,3.9670000000000001
SWE,2020,3.5369999999999999
SWZ,1990,1.1000000000000001
SWZ,1991,0.95999999999999996
SWZ,1992,0.88200000000000001
SWZ,1993,0.72799999999999998
SWZ,1994,1.109
SWZ,1995,1.091
SWZ,1996,0.79600000000000004
SWZ,1997,1.1319999999999999
SWZ,1998,1.139
SWZ,1999,1.2050000000000001
SWZ,2000,1.1579999999999999
SWZ,2001,1.046
SWZ,2002,1.02
SWZ,2003,0.94099999999999995
SWZ,2004,0.93500000000000005
SWZ,2005,0.94099999999999995
SWZ,2006,0.93600000000000005
SWZ,2007,0.95699999999999996
SWZ,2008,0.92800000000000005
SWZ,2009,0.95499999999999996
SWZ,2010,0.89700000000000002
SWZ,2011,0.85899999999999999
SWZ,2012,0.98799999999999999
SWZ,2013,1.1639999999999999
SWZ,2014,0.67100000000000004
SWZ,2015,0.74399999999999999
SWZ,2016,0.88900000000000001
SWZ,2017,0.83799999999999997
SWZ,2018,0.86799999999999999
SWZ,2019,0.93200000000000005
SWZ,2020,0.82899999999999996
SXM,1990,19.024000000000001
SXM,1991,14.178000000000001
SXM,1992,11.117000000000001
SXM,1993,16.914000000000001
SXM,1994,16.271000000000001
SXM,1995,16.175000000000001
SXM,1996,15.214
SXM,1997,16.024000000000001
SXM,1998,0.89000000000000001
SXM,1999,6.718
SXM,2000,17.943000000000001
SXM,2001,18.297999999999998
SXM,2002,17.507000000000001
SXM,2003,17.317
SXM,2004,17.957999999999998
SXM,2005,17.594000000000001
SXM,2006,18.131
SXM,2007,20.184999999999999
SXM,2008,19.207999999999998
SXM,2009,19.449000000000002
SXM,2010,13.278
SXM,2011,16.704999999999998
SXM,2012,19.972000000000001
SXM,2013,19.917999999999999
SXM,2014,19.77
SXM,2015,19.84
SXM,2016,19.529
SXM,2017,18.033000000000001
SXM,2018,17.242999999999999
SXM,2019,17.045999999999999
SXM,2020,15.897
SYC,1990,2.0299999999999998
SYC,1991,2.3010000000000002
SYC,1992,2.2770000000000001
SYC,1993,2.3969999999999998
SYC,1994,2.6080000000000001
SYC,1995,2.532
SYC,1996,2.972
SYC,1997,3.403
SYC,1998,3.585
SYC,1999,3.7069999999999999
SYC,2000,3.8250000000000002
SYC,2001,4.0270000000000001
SYC,2002,4.0529999999999999
SYC,2003,3.9140000000000001
SYC,2004,4.2800000000000002
SYC,2005,4.2679999999999998
SYC,2006,4.2560000000000002
SYC,2007,4.4059999999999997
SYC,2008,4.4729999999999999
SYC,2009,4.734
SYC,2010,4.6289999999999996
SYC,2011,4.1529999999999996
SYC,2012,4.1950000000000003
SYC,2013,4.0549999999999997
SYC,2014,4.3760000000000003
SYC,2015,4.6459999999999999
SYC,2016,5.0369999999999999
SYC,2017,5.1159999999999997
SYC,2018,5.1909999999999998
SYC,2019,5.0140000000000002
SYC,2020,4.9649999999999999
SYR,1990,2.9620000000000002
SYR,1991,3.2679999999999998
SYR,1992,3.198
SYR,1993,3.2999999999999998
SYR,1994,3.234
SYR,1995,3.1739999999999999
SYR,1996,3.1589999999999998
SYR,1997,3.2170000000000001
SYR,1998,3.3809999999999998
SYR,1999,3.4220000000000002
SYR,2000,3.2770000000000001
SYR,2001,3.0110000000000001
SYR,2002,2.331
SYR,2003,3.0960000000000001
SYR,2004,2.819
SYR,2005,2.7189999999999999
SYR,2006,2.7519999999999998
SYR,2007,3.2069999999999999
SYR,2008,3.1469999999999998
SYR,2009,2.879
SYR,2010,2.7599999999999998
SYR,2011,2.5819999999999999
SYR,2012,2.036
SYR,2013,1.581
SYR,2014,1.72
SYR,2015,1.6020000000000001
SYR,2016,1.5189999999999999
SYR,2017,1.7929999999999999
SYR,2018,1.623
SYR,2019,1.645
SYR,2020,1.5369999999999999
TCA,1990,5.0069999999999997
TCA,1991,5.0529999999999999
TCA,1992,4.7939999999999996
TCA,1993,4.8250000000000002
TCA,1994,4.8449999999999998
TCA,1995,4.8609999999999998
TCA,1996,4.6420000000000003
TCA,1997,5.1059999999999999
TCA,1998,5.1020000000000003
TCA,1999,5.5019999999999998
TCA,2000,5.6660000000000004
TCA,2001,5.7939999999999996
TCA,2002,7.2859999999999996
TCA,2003,7.0759999999999996
TCA,2004,7.0460000000000003
TCA,2005,7.782
TCA,2006,8.5969999999999995
TCA,2007,9.6159999999999997
TCA,2008,9.6099999999999994
TCA,2009,9.6050000000000004
TCA,2010,9.4789999999999992
TCA,2011,9.1389999999999993
TCA,2012,8.7750000000000004
TCA,2013,8.4870000000000001
TCA,2014,8.7739999999999991
TCA,2015,8.6020000000000003
TCA,2016,8.5050000000000008
TCA,2017,8.8089999999999993
TCA,2018,8.6359999999999992
TCA,2019,8.3979999999999997
TCA,2020,8.0860000000000003
TCD,1990,0.063
TCD,1991,0.063
TCD,1992,0.062
TCD,1993,0.059999999999999998
TCD,1994,0.060999999999999999
TCD,1995,0.059999999999999998
TCD,1996,0.059999999999999998
TCD,1997,0.058999999999999997
TCD,1998,0.058000000000000003
TCD,1999,0.058000000000000003
TCD,2000,0.057000000000000002
TCD,2001,0.057000000000000002
TCD,2002,0.058000000000000003
TCD,2003,0.092999999999999999
TCD,2004,0.090999999999999998
TCD,2005,0.089999999999999997
TCD,2006,0.088999999999999996
TCD,2007,0.098000000000000004
TCD,2008,0.075999999999999998
TCD,2009,0.10299999999999999
TCD,2010,0.10000000000000001
TCD,2011,0.10000000000000001
TCD,2012,0.13200000000000001
TCD,2013,0.152
TCD,2014,0.154
TCD,2015,0.161
TCD,2016,0.158
TCD,2017,0.14999999999999999
TCD,2018,0.14799999999999999
TCD,2019,0.13800000000000001
TCD,2020,0.13700000000000001
TGO,1990,0.26300000000000001
TGO,1991,0.27500000000000002
TGO,1992,0.26200000000000001
TGO,1993,0.27500000000000002
TGO,1994,0.25800000000000001
TGO,1995,0.28599999999999998
TGO,1996,0.29499999999999998
TGO,1997,0.19800000000000001
TGO,1998,0.28299999999999997
TGO,1999,0.39700000000000002
TGO,2000,0.27800000000000002
TGO,2001,0.23599999999999999
TGO,2002,0.26300000000000001
TGO,2003,0.34999999999999998
TGO,2004,0.33000000000000002
TGO,2005,0.318
TGO,2006,0.26900000000000002
TGO,2007,0.26400000000000001
TGO,2008,0.25700000000000001
TGO,2009,0.41399999999999998
TGO,2010,0.40999999999999998
TGO,2011,0.38500000000000001
TGO,2012,0.33300000000000002
TGO,2013,0.24099999999999999
TGO,2014,0.215
TGO,2015,0.254
TGO,2016,0.318
TGO,2017,0.26100000000000001
TGO,2018,0.27300000000000002
TGO,2019,0.31
TGO,2020,0.35299999999999998
THA,1990,1.581
THA,1991,1.708
THA,1992,1.867
THA,1993,2.1230000000000002
THA,1994,2.3490000000000002
THA,1995,2.6000000000000001
THA,1996,2.8969999999999998
THA,1997,2.984
THA,1998,2.5960000000000001
THA,1999,2.6840000000000002
THA,2000,2.6560000000000001
THA,2001,2.706
THA,2002,2.8730000000000002
THA,2003,2.9460000000000002
THA,2004,3.1680000000000001
THA,2005,3.246
THA,2006,3.242
THA,2007,3.339
THA,2008,3.3159999999999998
THA,2009,3.359
THA,2010,3.5139999999999998
THA,2011,3.5489999999999999
THA,2012,3.778
THA,2013,3.7759999999999998
THA,2014,3.8809999999999998
THA,2015,3.9279999999999999
THA,2016,4.0090000000000003
THA,2017,3.9820000000000002
THA,2018,4.0389999999999997
THA,2019,3.9409999999999998
THA,2020,3.7959999999999998
TJK,1990,2.2799999999999998
TJK,1991,1.8069999999999999
TJK,1992,1.298
TJK,1993,0.90000000000000002
TJK,1994,0.40300000000000002
TJK,1995,0.40899999999999997
TJK,1996,0.46500000000000002
TJK,1997,0.34999999999999998
TJK,1998,0.40400000000000003
TJK,1999,0.40600000000000003
TJK,2000,0.35599999999999998
TJK,2001,0.35699999999999998
TJK,2002,0.28699999999999998
TJK,2003,0.311
TJK,2004,0.377
TJK,2005,0.35199999999999998
TJK,2006,0.376
TJK,2007,0.44900000000000001
TJK,2008,0.39500000000000002
TJK,2009,0.32600000000000001
TJK,2010,0.33100000000000002
TJK,2011,0.29899999999999999
TJK,2012,0.36599999999999999
TJK,2013,0.35399999999999998
TJK,2014,0.54700000000000004
TJK,2015,0.61399999999999999
TJK,2016,0.67900000000000005
TJK,2017,0.75700000000000001
TJK,2018,0.86799999999999999
TJK,2019,0.91400000000000003
TJK,2020,0.96699999999999997
TKM,1990,8.8710000000000004
TKM,1991,7.8940000000000001
TKM,1992,8.1110000000000007
TKM,1993,6.8239999999999998
TKM,1994,8.3119999999999994
TKM,1995,8.2479999999999993
TKM,1996,7.4240000000000004
TKM,1997,7.1929999999999996
TKM,1998,7.5830000000000002
TKM,1999,8.859
TKM,2000,8.5890000000000004
TKM,2001,7.2789999999999999
TKM,2002,6.3170000000000002
TKM,2003,8.3409999999999993
TKM,2004,9.9540000000000006
TKM,2005,9.4870000000000001
TKM,2006,9.6170000000000009
TKM,2007,9.3789999999999996
TKM,2008,11.119999999999999
TKM,2009,9.6229999999999993
TKM,2010,10.635999999999999
TKM,2011,11.464
TKM,2012,11.523999999999999
TKM,2013,10.833
TKM,2014,10.337
TKM,2015,10.15
TKM,2016,9.7629999999999999
TKM,2017,9.6750000000000007
TKM,2018,9.2110000000000003
TKM,2019,9.1500000000000004
TKM,2020,9.0510000000000002
TLS,1990,
TLS,1991,
TLS,1992,
TLS,1993,
TLS,1994,0
TLS,1995,0
TLS,1996,0
TLS,1997,0
TLS,1998,0.064000000000000001
TLS,1999,0.183
TLS,2000,0.29499999999999998
TLS,2001,0.14599999999999999
TLS,2002,0.29799999999999999
TLS,2003,0.27100000000000002
TLS,2004,0.53500000000000003
TLS,2005,0.33900000000000002
TLS,2006,0.32400000000000001
TLS,2007,0.28699999999999998
TLS,2008,0.27600000000000002
TLS,2009,0.30399999999999999
TLS,2010,0.28899999999999998
TLS,2011,0.39100000000000001
TLS,2012,0.52100000000000002
TLS,2013,0.53500000000000003
TLS,2014,0.53100000000000003
TLS,2015,0.48999999999999999
TLS,2016,0.52300000000000002
TLS,2017,0.55400000000000005
TLS,2018,0.48399999999999999
TLS,2019,0.51900000000000002
TLS,2020,0.48699999999999999
TON,1990,0.80800000000000005
TON,1991,0.88
TON,1992,0.73199999999999998
TON,1993,0.84199999999999997
TON,1994,0.878
TON,1995,0.94999999999999996
TON,1996,0.76700000000000002
TON,1997,0.94599999999999995
TON,1998,0.90300000000000002
TON,1999,1.077
TON,2000,0.96299999999999997
TON,2001,0.88700000000000001
TON,2002,0.91700000000000004
TON,2003,1.1220000000000001
TON,2004,1.081
TON,2005,1.075
TON,2006,1.2070000000000001
TON,2007,1.0640000000000001
TON,2008,0.99299999999999999
TON,2009,1.1279999999999999
TON,2010,1.0920000000000001
TON,2011,0.98799999999999999
TON,2012,0.98899999999999999
TON,2013,1.026
TON,2014,0.997
TON,2015,1.0009999999999999
TON,2016,1.319
TON,2017,1.3560000000000001
TON,2018,1.2490000000000001
TON,2019,1.5249999999999999
TON,2020,1.3169999999999999
TTO,1990,13.558999999999999
TTO,1991,13.441000000000001
TTO,1992,15.018000000000001
TTO,1993,13.593
TTO,1994,11.907999999999999
TTO,1995,11.369
TTO,1996,14.180999999999999
TTO,1997,14.473000000000001
TTO,1998,15.182
TTO,1999,17.175000000000001
TTO,2000,18.449999999999999
TTO,2001,20.172000000000001
TTO,2002,21.533000000000001
TTO,2003,24.18
TTO,2004,24.297000000000001
TTO,2005,28.257000000000001
TTO,2006,31.433
TTO,2007,33.371000000000002
TTO,2008,32.390000000000001
TTO,2009,32.209000000000003
TTO,2010,33.960999999999999
TTO,2011,33.722999999999999
TTO,2012,32.881
TTO,2013,32.420999999999999
TTO,2014,32.978000000000002
TTO,2015,31.859999999999999
TTO,2016,27.742999999999999
TTO,2017,27.882000000000001
TTO,2018,27.41
TTO,2019,27.446000000000002
TTO,2020,23.661000000000001
TUN,1990,1.7569999999999999
TUN,1991,1.9710000000000001
TUN,1992,1.825
TUN,1993,1.9390000000000001
TUN,1994,1.8580000000000001
TUN,1995,1.8149999999999999
TUN,1996,1.8520000000000001
TUN,1997,1.8899999999999999
TUN,1998,1.917
TUN,1999,1.9379999999999999
TUN,2000,1.99
TUN,2001,2.0529999999999999
TUN,2002,2.044
TUN,2003,2.089
TUN,2004,2.1779999999999999
TUN,2005,2.1960000000000002
TUN,2006,2.2149999999999999
TUN,2007,2.3679999999999999
TUN,2008,2.4140000000000001
TUN,2009,2.3799999999999999
TUN,2010,2.5910000000000002
TUN,2011,2.4279999999999999
TUN,2012,2.5609999999999999
TUN,2013,2.5830000000000002
TUN,2014,2.6499999999999999
TUN,2015,2.7519999999999998
TUN,2016,2.6859999999999999
TUN,2017,2.7189999999999999
TUN,2018,2.645
TUN,2019,2.5750000000000002
TUN,2020,2.4089999999999998
TUR,1990,2.7589999999999999
TUR,1991,2.8260000000000001
TUR,1992,2.8839999999999999
TUR,1993,2.9540000000000002
TUR,1994,2.8420000000000001
TUR,1995,3.0259999999999998
TUR,1996,3.278
TUR,1997,3.4289999999999998
TUR,1998,3.383
TUR,1999,3.27
TUR,2000,3.5600000000000001
TUR,2001,3.274
TUR,2002,3.3460000000000001
TUR,2003,3.536
TUR,2004,3.613
TUR,2005,3.8610000000000002
TUR,2006,4.0750000000000002
TUR,2007,4.4729999999999999
TUR,2008,4.3689999999999998
TUR,2009,4.3959999999999999
TUR,2010,4.3449999999999998
TUR,2011,4.6379999999999999
TUR,2012,4.7690000000000001
TUR,2013,4.5890000000000004
TUR,2014,4.7060000000000004
TUR,2015,4.8449999999999998
TUR,2016,4.9669999999999996
TUR,2017,5.1829999999999998
TUR,2018,5.0209999999999999
TUR,2019,4.7629999999999999
TUR,2020,4.8360000000000003
TUV,1990,0.41499999999999998
TUV,1991,0.40899999999999997
TUV,1992,0.40400000000000003
TUV,1993,0.80100000000000005
TUV,1994,0.39700000000000002
TUV,1995,0.39400000000000002
TUV,1996,0.39100000000000001
TUV,1997,0.77800000000000002
TUV,1998,0.77400000000000002
TUV,1999,0.77000000000000002
TUV,2000,0.76600000000000001
TUV,2001,0.76300000000000001
TUV,2002,1.1399999999999999
TUV,2003,1.131
TUV,2004,1.117
TUV,2005,1.103
TUV,2006,1.091
TUV,2007,1.077
TUV,2008,0.70799999999999996
TUV,2009,1.0489999999999999
TUV,2010,1.034
TUV,2011,1.0169999999999999
TUV,2012,1.0029999999999999
TUV,2013,0.66400000000000003
TUV,2014,0.66600000000000004
TUV,2015,0.66700000000000004
TUV,2016,0.66900000000000004
TUV,2017,0.67300000000000004
TUV,2018,1.02
TUV,2019,1.0369999999999999
TUV,2020,1.0549999999999999
TZA,1990,0.081000000000000003
TZA,1991,0.084000000000000005
TZA,1992,0.079000000000000001
TZA,1993,0.085999999999999993
TZA,1994,0.070000000000000007
TZA,1995,0.080000000000000002
TZA,1996,0.082000000000000003
TZA,1997,0.088999999999999996
TZA,1998,0.076999999999999999
TZA,1999,0.073999999999999996
TZA,2000,0.074999999999999997
TZA,2001,0.085999999999999993
TZA,2002,0.096000000000000002
TZA,2003,0.099000000000000005
TZA,2004,0.111
TZA,2005,0.13700000000000001
TZA,2006,0.14599999999999999
TZA,2007,0.13800000000000001
TZA,2008,0.14099999999999999
TZA,2009,0.13300000000000001
TZA,2010,0.161
TZA,2011,0.183
TZA,2012,0.219
TZA,2013,0.23000000000000001
TZA,2014,0.218
TZA,2015,0.246
TZA,2016,0.251
TZA,2017,0.24299999999999999
TZA,2018,0.248
TZA,2019,0.27400000000000002
TZA,2020,0.26200000000000001
UGA,1990,0.042999999999999997
UGA,1991,0.042999999999999997
UGA,1992,0.042999999999999997
UGA,1993,0.041000000000000002
UGA,1994,0.035000000000000003
UGA,1995,0.044999999999999998
UGA,1996,0.048000000000000001
UGA,1997,0.049000000000000002
UGA,1998,0.053999999999999999
UGA,1999,0.053999999999999999
UGA,2000,0.057000000000000002
UGA,2001,0.057000000000000002
UGA,2002,0.056000000000000001
UGA,2003,0.057000000000000002
UGA,2004,0.058999999999999997
UGA,2005,0.071999999999999995
UGA,2006,0.083000000000000004
UGA,2007,0.090999999999999998
UGA,2008,0.090999999999999998
UGA,2009,0.095000000000000001
UGA,2010,0.11
UGA,2011,0.115
UGA,2012,0.106
UGA,2013,0.106
UGA,2014,0.112
UGA,2015,0.121
UGA,2016,0.124
UGA,2017,0.13500000000000001
UGA,2018,0.13300000000000001
UGA,2019,0.13400000000000001
UGA,2020,0.125
UKR,1990,13.573
UKR,1991,12.137
UKR,1992,11.266999999999999
UKR,1993,9.7520000000000007
UKR,1994,8.0579999999999998
UKR,1995,7.5519999999999996
UKR,1996,6.8680000000000003
UKR,1997,6.7060000000000004
UKR,1998,6.5279999999999996
UKR,1999,5.976
UKR,2000,5.7640000000000002
UKR,2001,6.1879999999999997
UKR,2002,6.0789999999999997
UKR,2003,6.359
UKR,2004,6.4740000000000002
UKR,2005,6.5880000000000001
UKR,2006,7.0439999999999996
UKR,2007,7.157
UKR,2008,6.9630000000000001
UKR,2009,5.9539999999999997
UKR,2010,6.3360000000000003
UKR,2011,6.6589999999999998
UKR,2012,6.5880000000000001
UKR,2013,6.4500000000000002
UKR,2014,5.6059999999999999
UKR,2015,4.8890000000000002
UKR,2016,5.1319999999999997
UKR,2017,4.9139999999999997
UKR,2018,5.1299999999999999
UKR,2019,4.9420000000000002
UKR,2020,4.6349999999999998
URY,1990,1.2809999999999999
URY,1991,1.4530000000000001
URY,1992,1.641
URY,1993,1.409
URY,1994,1.274
URY,1995,1.431
URY,1996,1.6879999999999999
URY,1997,1.7130000000000001
URY,1998,1.7450000000000001
URY,1999,2.056
URY,2000,1.6160000000000001
URY,2001,1.5389999999999999
URY,2002,1.3939999999999999
URY,2003,1.383
URY,2004,1.698
URY,2005,1.746
URY,2006,2.0099999999999998
URY,2007,1.8089999999999999
URY,2008,2.4889999999999999
URY,2009,2.4140000000000001
URY,2010,1.905
URY,2011,2.3100000000000001
URY,2012,2.5800000000000001
URY,2013,2.2389999999999999
URY,2014,1.9910000000000001
URY,2015,2.0009999999999999
URY,2016,1.9299999999999999
URY,2017,1.8149999999999999
URY,2018,1.9359999999999999
URY,2019,1.8859999999999999
URY,2020,1.9059999999999999
USA,1990,20.254000000000001
USA,1991,19.792999999999999
USA,1992,19.949000000000002
USA,1993,20.102
USA,1994,20.196999999999999
USA,1995,20.23
USA,1996,20.678999999999998
USA,1997,20.745000000000001
USA,1998,20.774999999999999
USA,1999,20.806000000000001
USA,2000,21.398
USA,2001,20.766999999999999
USA,2002,20.718
USA,2003,20.718
USA,2004,20.873999999999999
USA,2005,20.719000000000001
USA,2006,20.236999999999998
USA,2007,20.280000000000001
USA,2008,19.408999999999999
USA,2009,17.811
USA,2010,18.225000000000001
USA,2011,17.634
USA,2012,16.812000000000001
USA,2013,17.099
USA,2014,17.119
USA,2015,16.460999999999999
USA,2016,15.935
USA,2017,15.638999999999999
USA,2018,16.001000000000001
USA,2019,15.5
USA,2020,13.817
UZB,1990,5.0389999999999997
UZB,1991,4.8810000000000002
UZB,1992,5.1660000000000004
UZB,1993,5.258
UZB,1994,4.8869999999999996
UZB,1995,4.5730000000000004
UZB,1996,4.633
UZB,1997,4.5890000000000004
UZB,1998,5.0119999999999996
UZB,1999,5.0490000000000004
UZB,2000,4.9820000000000002
UZB,2001,5.0309999999999997
UZB,2002,5.2199999999999998
UZB,2003,5.0679999999999996
UZB,2004,4.96
UZB,2005,4.6139999999999999
UZB,2006,4.6779999999999999
UZB,2007,4.5730000000000004
UZB,2008,4.6689999999999996
UZB,2009,3.9100000000000001
UZB,2010,3.7930000000000001
UZB,2011,4.0510000000000002
UZB,2012,4.0620000000000003
UZB,2013,3.7810000000000001
UZB,2014,3.5569999999999999
UZB,2015,3.3620000000000001
UZB,2016,3.5110000000000001
UZB,2017,3.4220000000000002
UZB,2018,3.161
UZB,2019,3.2749999999999999
UZB,2020,3.2200000000000002
VCT,1990,0.72099999999999997
VCT,1991,0.751
VCT,1992,0.749
VCT,1993,0.91000000000000003
VCT,1994,1.071
VCT,1995,1.1339999999999999
VCT,1996,1.1659999999999999
VCT,1997,1.1659999999999999
VCT,1998,1.4239999999999999
VCT,1999,1.454
VCT,2000,1.258
VCT,2001,1.5489999999999999
VCT,2002,1.6479999999999999
VCT,2003,1.7809999999999999
VCT,2004,1.948
VCT,2005,1.9550000000000001
VCT,2006,1.962
VCT,2007,2.1349999999999998
VCT,2008,1.98
VCT,2009,2.52
VCT,2010,2.032
VCT,2011,1.9770000000000001
VCT,2012,2.1230000000000002
VCT,2013,1.9990000000000001
VCT,2014,2.3849999999999998
VCT,2015,2.1920000000000002
VCT,2016,2.274
VCT,2017,2.0110000000000001
VCT,2018,2.3039999999999998
VCT,2019,2.1099999999999999
VCT,2020,2.2999999999999998
VEN,1990,6.0960000000000001
VEN,1991,5.625
VEN,1992,5.04
VEN,1993,5.7889999999999997
VEN,1994,5.4800000000000004
VEN,1995,5.625
VEN,1996,5.2220000000000004
VEN,1997,5.609
VEN,1998,5.7199999999999998
VEN,1999,5.9470000000000001
VEN,2000,5.8259999999999996
VEN,2001,5.2290000000000001
VEN,2002,6.4569999999999999
VEN,2003,5.9619999999999997
VEN,2004,5.423
VEN,2005,5.5410000000000004
VEN,2006,5.7240000000000002
VEN,2007,5.5759999999999996
VEN,2008,5.5519999999999996
VEN,2009,5.351
VEN,2010,6.5800000000000001
VEN,2011,5.7809999999999997
VEN,2012,5.9500000000000002
VEN,2013,6.6340000000000003
VEN,2014,5.8170000000000002
VEN,2015,5.4400000000000004
VEN,2016,4.9640000000000004
VEN,2017,4.5510000000000002
VEN,2018,3.7320000000000002
VEN,2019,3.6429999999999998
VEN,2020,2.8439999999999999
VGB,1990,4.194
VGB,1991,4.5209999999999999
VGB,1992,4.8520000000000003
VGB,1993,4.9550000000000001
VGB,1994,5.0449999999999999
VGB,1995,4.923
VGB,1996,5.4039999999999999
VGB,1997,5.4619999999999997
VGB,1998,5.3259999999999996
VGB,1999,5.75
VGB,2000,5.7850000000000001
VGB,2001,6.1580000000000004
VGB,2002,6.4900000000000002
VGB,2003,6.6150000000000002
VGB,2004,6.7190000000000003
VGB,2005,6.9589999999999996
VGB,2006,7.3220000000000001
VGB,2007,7.2149999999999999
VGB,2008,7.242
VGB,2009,7.1289999999999996
VGB,2010,7.6719999999999997
VGB,2011,7.2690000000000001
VGB,2012,6.8769999999999998
VGB,2013,6.6980000000000004
VGB,2014,6.5529999999999999
VGB,2015,6.4740000000000002
VGB,2016,6.7000000000000002
VGB,2017,5.4859999999999998
VGB,2018,4.5430000000000001
VGB,2019,5.0300000000000002
VGB,2020,4.8310000000000004
VNM,1990,0.32500000000000001
VNM,1991,0.32000000000000001
VNM,1992,0.314
VNM,1993,0.32800000000000001
VNM,1994,0.38600000000000001
VNM,1995,0.41799999999999998
VNM,1996,0.48499999999999999
VNM,1997,0.61299999999999999
VNM,1998,0.63600000000000001
VNM,1999,0.63600000000000001
VNM,2000,0.69899999999999995
VNM,2001,0.78200000000000003
VNM,2002,0.88300000000000001
VNM,2003,0.97099999999999997
VNM,2004,1.107
VNM,2005,1.1819999999999999
VNM,2006,1.2130000000000001
VNM,2007,1.2130000000000001
VNM,2008,1.3420000000000001
VNM,2009,1.4399999999999999
VNM,2010,1.5960000000000001
VNM,2011,1.7250000000000001
VNM,2012,1.6120000000000001
VNM,2013,1.6719999999999999
VNM,2014,1.964
VNM,2015,2.2989999999999999
VNM,2016,2.351
VNM,2017,2.3919999999999999
VNM,2018,2.6549999999999998
VNM,2019,3.492
VNM,2020,3.6970000000000001
VUT,1990,0.44500000000000001
VUT,1991,0.434
VUT,1992,0.40000000000000002
VUT,1993,0.39100000000000001
VUT,1994,0.38100000000000001
VUT,1995,0.39500000000000002
VUT,1996,0.42899999999999999
VUT,1997,0.441
VUT,1998,0.43099999999999999
VUT,1999,0.443
VUT,2000,0.45200000000000001
VUT,2001,0.42199999999999999
VUT,2002,0.39300000000000002
VUT,2003,0.38300000000000001
VUT,2004,0.35599999999999998
VUT,2005,0.34799999999999998
VUT,2006,0.33900000000000002
VUT,2007,0.34799999999999998
VUT,2008,0.38800000000000001
VUT,2009,0.52000000000000002
VUT,2010,0.52300000000000002
VUT,2011,0.54200000000000004
VUT,2012,0.47099999999999997
VUT,2013,0.432
VUT,2014,0.60499999999999998
VUT,2015,0.496
VUT,2016,0.55200000000000005
VUT,2017,0.5
VUT,2018,0.61699999999999999
VUT,2019,0.56499999999999995
VUT,2020,0.68700000000000006
WSM,1990,0.54200000000000004
WSM,1991,0.56200000000000006
WSM,1992,0.58099999999999996
WSM,1993,0.61899999999999999
WSM,1994,0.57099999999999995
WSM,1995,0.63
WSM,1996,0.70699999999999996
WSM,1997,0.70199999999999996
WSM,1998,0.77800000000000002
WSM,1999,0.77200000000000002
WSM,2000,0.78600000000000003
WSM,2001,0.83999999999999997
WSM,2002,0.874
WSM,2003,0.86899999999999999
WSM,2004,0.90500000000000003
WSM,2005,0.92100000000000004
WSM,2006,0.89800000000000002
WSM,2007,0.95099999999999996
WSM,2008,0.84799999999999998
WSM,2009,0.88
WSM,2010,0.96799999999999997
WSM,2011,0.97799999999999998
WSM,2012,0.96999999999999997
WSM,2013,0.96099999999999997
WSM,2014,1.0069999999999999
WSM,2015,1.1259999999999999
WSM,2016,1.1699999999999999
WSM,2017,1.1419999999999999
WSM,2018,1.1299999999999999
WSM,2019,1.24
WSM,2020,1.1060000000000001
YEM,1990,0.68899999999999995
YEM,1991,0.63600000000000001
YEM,1992,0.66200000000000003
YEM,1993,0.55800000000000005
YEM,1994,0.61699999999999999
YEM,1995,0.66500000000000004
YEM,1996,0.65700000000000003
YEM,1997,0.68600000000000005
YEM,1998,0.70099999999999996
YEM,1999,0.77800000000000002
YEM,2000,0.80700000000000005
YEM,2001,0.84999999999999998
YEM,2002,0.80200000000000005
YEM,2003,0.86699999999999999
YEM,2004,0.91000000000000003
YEM,2005,0.95599999999999996
YEM,2006,1.0149999999999999
YEM,2007,0.97399999999999998
YEM,2008,0.97699999999999998
YEM,2009,1.0369999999999999
YEM,2010,0.96499999999999997
YEM,2011,0.81999999999999995
YEM,2012,0.71999999999999997
YEM,2013,0.93100000000000005
YEM,2014,0.88
YEM,2015,0.45300000000000001
YEM,2016,0.313
YEM,2017,0.27800000000000002
YEM,2018,0.33800000000000002
YEM,2019,0.33600000000000002
YEM,2020,0.29799999999999999
ZAF,1990,7.6799999999999997
ZAF,1991,7.8209999999999997
ZAF,1992,7.0999999999999996
ZAF,1993,7.399
ZAF,1994,7.6970000000000001
ZAF,1995,8.1210000000000004
ZAF,1996,8.0609999999999999
ZAF,1997,8.4350000000000005
ZAF,1998,8.1620000000000008
ZAF,1999,8.0220000000000002
ZAF,2000,8.0220000000000002
ZAF,2001,7.8120000000000003
ZAF,2002,7.4240000000000004
ZAF,2003,8.3379999999999992
ZAF,2004,9.1709999999999994
ZAF,2005,8.4100000000000001
ZAF,2006,8.9350000000000005
ZAF,2007,9.2029999999999994
ZAF,2008,9.6780000000000008
ZAF,2009,9.173
ZAF,2010,8.9280000000000008
ZAF,2011,8.9489999999999998
ZAF,2012,8.5800000000000001
ZAF,2013,8.343
ZAF,2014,8.6630000000000003
ZAF,2015,8.0649999999999995
ZAF,2016,7.9820000000000002
ZAF,2017,7.6340000000000003
ZAF,2018,7.742
ZAF,2019,7.9000000000000004
ZAF,2020,7.1879999999999997
ZMB,1990,0.309
ZMB,1991,0.29799999999999999
ZMB,1992,0.29699999999999999
ZMB,1993,0.29399999999999998
ZMB,1994,0.27900000000000003
ZMB,1995,0.24399999999999999
ZMB,1996,0.20399999999999999
ZMB,1997,0.255
ZMB,1998,0.23999999999999999
ZMB,1999,0.183
ZMB,2000,0.17799999999999999
ZMB,2001,0.183
ZMB,2002,0.184
ZMB,2003,0.189
ZMB,2004,0.186
ZMB,2005,0.191
ZMB,2006,0.184
ZMB,2007,0.183
ZMB,2008,0.19600000000000001
ZMB,2009,0.218
ZMB,2010,0.223
ZMB,2011,0.23400000000000001
ZMB,2012,0.28000000000000003
ZMB,2013,0.28699999999999998
ZMB,2014,0.33200000000000002
ZMB,2015,0.33700000000000002
ZMB,2016,0.35299999999999998
ZMB,2017,0.42799999999999999
ZMB,2018,0.48199999999999998
ZMB,2019,0.47799999999999998
ZMB,2020,0.52400000000000002
ZWE,1990,1.5329999999999999
ZWE,1991,1.4890000000000001
ZWE,1992,1.5609999999999999
ZWE,1993,1.476
ZWE,1994,1.599
ZWE,1995,1.3680000000000001
ZWE,1996,1.335
ZWE,1997,1.2230000000000001
ZWE,1998,1.218
ZWE,1999,1.3340000000000001
ZWE,2000,1.1619999999999999
ZWE,2001,1.0449999999999999
ZWE,2002,0.98399999999999999
ZWE,2003,0.86699999999999999
ZWE,2004,0.76200000000000001
ZWE,2005,0.85699999999999998
ZWE,2006,0.81999999999999995
ZWE,2007,0.76800000000000002
ZWE,2008,0.59599999999999997
ZWE,2009,0.628
ZWE,2010,0.65500000000000003
ZWE,2011,0.76200000000000001
ZWE,2012,0.81499999999999995
ZWE,2013,0.83299999999999996
ZWE,2014,0.84099999999999997
ZWE,2015,0.83499999999999996
ZWE,2016,0.72499999999999998
ZWE,2017,0.66400000000000003
ZWE,2018,0.746
ZWE,2019,0.67200000000000004
ZWE,2020,0.54700000000000004
