country,year,Education_Tertiary
ABW,1990,
ABW,1991,
ABW,1992,
ABW,1993,
ABW,1994,
ABW,1995,
ABW,1996,
ABW,1997,
ABW,1998,
ABW,1999,25.633750915527301
ABW,2000,28.330339431762699
ABW,2001,28.860130310058601
ABW,2002,28.581689834594702
ABW,2003,30.3779106140137
ABW,2004,30.352689743041999
ABW,2005,36.204231262207003
ABW,2006,34.226871490478501
ABW,2007,34.896808624267599
ABW,2008,35.097061157226598
ABW,2009,34.430858612060497
ABW,2010,36.062530517578097
ABW,2011,37.864810943603501
ABW,2012,38.864181518554702
ABW,2013,17.125869750976602
ABW,2014,17.751899719238299
ABW,2015,16.731239318847699
ABW,2016,17.1416206359863
ABW,2017,
ABW,2018,
ABW,2019,
ABW,2020,
AFG,1990,2.21519994735718
AFG,1991,
AFG,1992,
AFG,1993,
AFG,1994,
AFG,1995,
AFG,1996,
AFG,1997,
AFG,1998,
AFG,1999,
AFG,2000,
AFG,2001,
AFG,2002,
AFG,2003,1.37434995174408
AFG,2004,1.3906400203704801
AFG,2005,
AFG,2006,
AFG,2007,
AFG,2008,
AFG,2009,3.93815994262695
AFG,2010,
AFG,2011,3.6868600845336901
AFG,2012,
AFG,2013,
AFG,2014,8.3976402282714808
AFG,2015,
AFG,2016,
AFG,2017,
AFG,2018,9.9959201812744105
AFG,2019,
AFG,2020,10.85435962677
AGO,1990,0.59491997957229603
AGO,1991,0.60505998134613004
AGO,1992,0.57332998514175404
AGO,1993,
AGO,1994,
AGO,1995,
AGO,1996,
AGO,1997,
AGO,1998,0.61365002393722501
AGO,1999,0.55462998151779197
AGO,2000,
AGO,2001,
AGO,2002,0.78364002704620395
AGO,2003,2.87620997428894
AGO,2004,2.1459701061248802
AGO,2005,2.6385600566864
AGO,2006,2.5597701072692902
AGO,2007,
AGO,2008,
AGO,2009,
AGO,2010,
AGO,2011,6.4400413828062897
AGO,2012,
AGO,2013,9.2233972017566206
AGO,2014,
AGO,2015,8.7832086803312102
AGO,2016,9.7828769623245293
AGO,2017,
AGO,2018,
AGO,2019,
AGO,2020,
ALB,1990,8.0117301940918004
ALB,1991,8.6383104324340803
ALB,1992,9.1252202987670898
ALB,1993,11.0173997879028
ALB,1994,10.4434404373169
ALB,1995,10.079480171203601
ALB,1996,11.0262098312378
ALB,1997,12.8083696365356
ALB,1998,13.6314601898193
ALB,1999,14.7700595855713
ALB,2000,15.3867101669312
ALB,2001,15.4820499420166
ALB,2002,16.389560699462901
ALB,2003,16.366239547729499
ALB,2004,19.129579544067401
ALB,2005,22.389009475708001
ALB,2006,26.210100173950199
ALB,2007,30.231929779052699
ALB,2008,31.6839599609375
ALB,2009,32.923988342285199
ALB,2010,43.327930450439503
ALB,2011,49.399704063992502
ALB,2012,58.621418600497897
ALB,2013,63.8440585382953
ALB,2014,65.550709686069595
ALB,2015,61.960848548105098
ALB,2016,58.488479190118902
ALB,2017,58.0177836674929
ALB,2018,56.080296410993803
ALB,2019,61.408514152714197
ALB,2020,61.585302432889897
AND,1990,
AND,1991,
AND,1992,
AND,1993,
AND,1994,
AND,1995,
AND,1996,
AND,1997,
AND,1998,
AND,1999,
AND,2000,
AND,2001,
AND,2002,7.3110599517822301
AND,2003,8.8286199569702095
AND,2004,8.7496700286865199
AND,2005,8.4153499603271502
AND,2006,9.8939104080200195
AND,2007,
AND,2008,10.986120223999
AND,2009,
AND,2010,
AND,2011,
AND,2012,12.870249017038001
AND,2013,14.540540540540499
AND,2014,13.539967373572599
AND,2015,13.8206896551724
AND,2016,15.2011095700416
AND,2017,15.6664896441848
AND,2018,15.7132150886835
AND,2019,15.435259692757899
AND,2020,15.2605749006777
ARE,1990,
ARE,1991,
ARE,1992,
ARE,1993,
ARE,1994,
ARE,1995,
ARE,1996,
ARE,1997,
ARE,1998,
ARE,1999,
ARE,2000,
ARE,2001,
ARE,2002,
ARE,2003,
ARE,2004,
ARE,2005,
ARE,2006,
ARE,2007,
ARE,2008,
ARE,2009,
ARE,2010,
ARE,2011,
ARE,2012,
ARE,2013,
ARE,2014,
ARE,2015,
ARE,2016,
ARE,2017,
ARE,2018,53.211328168010198
ARE,2019,53.8814655213653
ARE,2020,54.974699807469896
ARG,1990,
ARG,1991,38.329669952392599
ARG,1992,
ARG,1993,
ARG,1994,37.389900207519503
ARG,1995,
ARG,1996,
ARG,1997,
ARG,1998,47.986228942871101
ARG,1999,49.510700225830099
ARG,2000,54.0843505859375
ARG,2001,58.469760894775398
ARG,2002,61.7228813171387
ARG,2003,64.030487060546903
ARG,2004,64.589141845703097
ARG,2005,63.489311218261697
ARG,2006,66.944473266601605
ARG,2007,66.667221069335895
ARG,2008,68.561073303222699
ARG,2009,70.693191528320298
ARG,2010,73.803669361106998
ARG,2011,77.010118506095495
ARG,2012,78.146517429476106
ARG,2013,78.568164608193896
ARG,2014,81.072589697739005
ARG,2015,83.755693325889993
ARG,2016,86.674383290639895
ARG,2017,89.329734695241498
ARG,2018,91.084651273276606
ARG,2019,95.192824064062805
ARG,2020,99.369734871799594
ARM,1990,22.023830413818398
ARM,1991,23.5778503417969
ARM,1992,22.934040069580099
ARM,1993,22.5643806457519
ARM,1994,19.163129806518601
ARM,1995,19.5058898925781
ARM,1996,16.688880920410199
ARM,1997,21.8644905090332
ARM,1998,31.5830402374268
ARM,1999,32.2853813171387
ARM,2000,32.530521392822301
ARM,2001,31.340919494628899
ARM,2002,33.961891174316399
ARM,2003,35.065708160400398
ARM,2004,35.836090087890597
ARM,2005,37.709449768066399
ARM,2006,41.590358734130902
ARM,2007,44.455841064453097
ARM,2008,46.524490356445298
ARM,2009,49.089710235595703
ARM,2010,50.583987593292598
ARM,2011,51.294929070813097
ARM,2012,44.485571949492702
ARM,2013,44.834779089271102
ARM,2014,47.715084953862899
ARM,2015,48.731368704025897
ARM,2016,54.343287736599301
ARM,2017,55.506551952349398
ARM,2018,57.458535768135398
ARM,2019,53.594417478553403
ARM,2020,52.333153444864202
ASM,1990,
ASM,1991,
ASM,1992,
ASM,1993,
ASM,1994,
ASM,1995,
ASM,1996,
ASM,1997,
ASM,1998,
ASM,1999,
ASM,2000,
ASM,2001,
ASM,2002,
ASM,2003,
ASM,2004,
ASM,2005,
ASM,2006,
ASM,2007,
ASM,2008,
ASM,2009,
ASM,2010,
ASM,2011,
ASM,2012,
ASM,2013,
ASM,2014,
ASM,2015,
ASM,2016,
ASM,2017,
ASM,2018,
ASM,2019,
ASM,2020,
ATG,1990,
ATG,1991,
ATG,1992,
ATG,1993,
ATG,1994,
ATG,1995,
ATG,1996,
ATG,1997,
ATG,1998,
ATG,1999,
ATG,2000,
ATG,2001,
ATG,2002,
ATG,2003,
ATG,2004,
ATG,2005,
ATG,2006,
ATG,2007,
ATG,2008,
ATG,2009,14.8930101394653
ATG,2010,16.695205479452099
ATG,2011,15.106082036775099
ATG,2012,25.115627189908899
ATG,2013,
ATG,2014,
ATG,2015,
ATG,2016,
ATG,2017,
ATG,2018,
ATG,2019,
ATG,2020,
AUS,1990,
AUS,1991,
AUS,1992,
AUS,1993,
AUS,1994,
AUS,1995,
AUS,1996,
AUS,1997,
AUS,1998,
AUS,1999,
AUS,2000,
AUS,2001,
AUS,2002,
AUS,2003,
AUS,2004,
AUS,2005,
AUS,2006,
AUS,2007,
AUS,2008,
AUS,2009,
AUS,2010,
AUS,2011,
AUS,2012,
AUS,2013,
AUS,2014,
AUS,2015,119.679389953613
AUS,2016,119.682777404785
AUS,2017,109.99330902099599
AUS,2018,103.32209014892599
AUS,2019,109.759559631348
AUS,2020,110.13922119140599
AUT,1990,
AUT,1991,
AUT,1992,
AUT,1993,
AUT,1994,
AUT,1995,
AUT,1996,
AUT,1997,
AUT,1998,
AUT,1999,
AUT,2000,
AUT,2001,
AUT,2002,
AUT,2003,
AUT,2004,
AUT,2005,
AUT,2006,
AUT,2007,63.802120208740199
AUT,2008,66.198387145996094
AUT,2009,67.9915771484375
AUT,2010,75.040252685546903
AUT,2011,77.262512207031193
AUT,2012,79.547126770019503
AUT,2013,80.961601257324205
AUT,2014,81.019569396972699
AUT,2015,82.256309509277301
AUT,2016,82.849693298339801
AUT,2017,83.839256286621094
AUT,2018,85.869888305664105
AUT,2019,86.323432922363295
AUT,2020,88.707199096679702
AZE,1990,
AZE,1991,
AZE,1992,
AZE,1993,
AZE,1994,
AZE,1995,
AZE,1996,
AZE,1997,
AZE,1998,
AZE,1999,
AZE,2000,
AZE,2001,
AZE,2002,
AZE,2003,
AZE,2004,
AZE,2005,
AZE,2006,19.7894592285156
AZE,2007,19.364599227905298
AZE,2008,19.047889709472699
AZE,2009,19.057710647583001
AZE,2010,19.260043139461501
AZE,2011,19.6473062365442
AZE,2012,20.438461470413898
AZE,2013,21.440425356826101
AZE,2014,23.159734980028698
AZE,2015,25.483196109466199
AZE,2016,27.2368629930846
AZE,2017,28.467056543132198
AZE,2018,28.972490367006898
AZE,2019,32.9221812477847
AZE,2020,36.385474225021497
BDI,1990,0.68137997388839699
BDI,1991,0.75569999217987105
BDI,1992,0.78633999824523904
BDI,1993,0.82892000675201405
BDI,1994,
BDI,1995,
BDI,1996,
BDI,1997,
BDI,1998,0.86450999975204501
BDI,1999,0.91690999269485496
BDI,2000,1.0547499656677299
BDI,2001,1.03059995174408
BDI,2002,1.6011199951171899
BDI,2003,
BDI,2004,2.1010999679565399
BDI,2005,2.1350300312042201
BDI,2006,2.16554999351502
BDI,2007,2.2662599086761501
BDI,2008,2.4979300498962398
BDI,2009,2.6779100894928001
BDI,2010,3.0552893800243499
BDI,2011,
BDI,2012,2.92052732762984
BDI,2013,3.70341642841244
BDI,2014,4.4689205804229903
BDI,2015,5.2585653791864502
BDI,2016,3.9790891636179699
BDI,2017,4.3052800579830697
BDI,2018,4.5528192293384597
BDI,2019,
BDI,2020,
BEL,1990,
BEL,1991,
BEL,1992,
BEL,1993,
BEL,1994,
BEL,1995,
BEL,1996,
BEL,1997,
BEL,1998,
BEL,1999,
BEL,2000,
BEL,2001,56.714889526367202
BEL,2002,58.110080718994098
BEL,2003,59.612461090087898
BEL,2004,62.041149139404297
BEL,2005,62.8203315734863
BEL,2006,63.371738433837898
BEL,2007,62.461841583252003
BEL,2008,62.764209747314503
BEL,2009,64.979843139648395
BEL,2010,66.857887268066406
BEL,2011,67.703407287597699
BEL,2012,69.749061584472699
BEL,2013,71.784111022949205
BEL,2014,74.039726257324205
BEL,2015,76.423942565917997
BEL,2016,77.243507385253906
BEL,2017,80.773818969726605
BEL,2018,79.123748779296903
BEL,2019,79.304481506347699
BEL,2020,79.499603271484403
BEN,1990,1.9679399728775
BEN,1991,2.25591993331909
BEN,1992,2.1337800025939901
BEN,1993,1.9424300193786601
BEN,1994,1.89841997623444
BEN,1995,1.97397005558014
BEN,1996,1.9911400079727199
BEN,1997,2.43330001831055
BEN,1998,
BEN,1999,3.09658002853394
BEN,2000,3.49604988098144
BEN,2001,4.2003898620605504
BEN,2002,4.9283399581909197
BEN,2003,5.4320302009582502
BEN,2004,5.4793801307678196
BEN,2005,5.4112000465393102
BEN,2006,6.2029500007629403
BEN,2007,7.4308600425720197
BEN,2008,7.3421602249145499
BEN,2009,9.3462495803833008
BEN,2010,12.6081895828247
BEN,2011,11.8088598251343
BEN,2012,12.8605403900147
BEN,2013,14.775219917297401
BEN,2014,14.6916198730469
BEN,2015,12.4851799011231
BEN,2016,11.952989578247101
BEN,2017,11.337929725646999
BEN,2018,11.5739097595215
BEN,2019,10.3906803131103
BEN,2020,10.380800247192401
BFA,1990,0.74449002742767301
BFA,1991,0.69536000490188599
BFA,1992,0.92877000570297197
BFA,1993,1.0837299823761
BFA,1994,1.0573199987411499
BFA,1995,1.1000200510025
BFA,1996,1.0568599700927701
BFA,1997,0.96894997358322099
BFA,1998,
BFA,1999,0.98364001512527499
BFA,2000,
BFA,2001,1.1143499612808201
BFA,2002,1.34107005596161
BFA,2003,1.5050899982452399
BFA,2004,
BFA,2005,2.1431400775909402
BFA,2006,2.2578799724578902
BFA,2007,2.40549993515015
BFA,2008,2.9296801090240501
BFA,2009,3.2668299674987802
BFA,2010,3.34944579587797
BFA,2011,3.91906920981907
BFA,2012,4.3379268570651401
BFA,2013,4.5733834207770103
BFA,2014,4.8953991772569898
BFA,2015,4.9035686633349798
BFA,2016,5.4054146587806304
BFA,2017,5.8341880408111999
BFA,2018,6.3182611029115803
BFA,2019,6.9053259492615897
BFA,2020,7.6427706224232397
BGD,1990,4.3600001335143999
BGD,1991,
BGD,1992,
BGD,1993,
BGD,1994,
BGD,1995,
BGD,1996,
BGD,1997,
BGD,1998,
BGD,1999,5.2864699363708496
BGD,2000,5.2516598701477104
BGD,2001,6.1724400520324698
BGD,2002,5.9155998229980504
BGD,2003,5.9912800788879403
BGD,2004,5.5566701889038104
BGD,2005,6.1348400115966797
BGD,2006,7.0704002380371103
BGD,2007,7.6630501747131303
BGD,2008,8.6226596832275408
BGD,2009,10.493929862976101
BGD,2010,
BGD,2011,13.2663245348367
BGD,2012,13.4211598649529
BGD,2013,13.4900578063704
BGD,2014,13.577739270355901
BGD,2015,15.5739926180902
BGD,2016,17.3985207411042
BGD,2017,18.517560439983399
BGD,2018,19.5710492453779
BGD,2019,22.709464247340499
BGD,2020,22.692301956450098
BGR,1990,
BGR,1991,
BGR,1992,
BGR,1993,
BGR,1994,
BGR,1995,
BGR,1996,
BGR,1997,
BGR,1998,
BGR,1999,
BGR,2000,
BGR,2001,41.040779113769503
BGR,2002,41.429008483886697
BGR,2003,42.853610992431598
BGR,2004,43.693569183349602
BGR,2005,46.225269317627003
BGR,2006,47.794830322265597
BGR,2007,51.240341186523402
BGR,2008,52.6504096984863
BGR,2009,55.008369445800803
BGR,2010,58.354850769042997
BGR,2011,59.824680328369098
BGR,2012,62.161651611328097
BGR,2013,68.201339721679702
BGR,2014,72.981559753417997
BGR,2015,78.299957275390597
BGR,2016,80.639961242675795
BGR,2017,81.224586486816406
BGR,2018,83.134880065917997
BGR,2019,84.750312805175795
BGR,2020,85.533111572265597
BHR,1990,
BHR,1991,16.276420593261701
BHR,1992,17.680089950561499
BHR,1993,18.324949264526399
BHR,1994,16.9074897766113
BHR,1995,15.6648597717285
BHR,1996,15.312740325927701
BHR,1997,
BHR,1998,
BHR,1999,19.253089904785199
BHR,2000,
BHR,2001,
BHR,2002,
BHR,2003,25.120140075683601
BHR,2004,
BHR,2005,19.0136394500732
BHR,2006,17.535850524902301
BHR,2007,
BHR,2008,
BHR,2009,
BHR,2010,
BHR,2011,46.307502564634497
BHR,2012,47.681167951963303
BHR,2013,44.127478854641303
BHR,2014,44.786660242776101
BHR,2015,45.643986060755402
BHR,2016,46.763177260601601
BHR,2017,48.728098193100898
BHR,2018,50.262834134884201
BHR,2019,52.904578270032701
BHR,2020,54.4077922369055
BHS,1990,
BHS,1991,
BHS,1992,
BHS,1993,
BHS,1994,
BHS,1995,14.8425798416138
BHS,1996,
BHS,1997,
BHS,1998,
BHS,1999,
BHS,2000,
BHS,2001,
BHS,2002,
BHS,2003,
BHS,2004,
BHS,2005,
BHS,2006,
BHS,2007,
BHS,2008,
BHS,2009,
BHS,2010,
BHS,2011,
BHS,2012,
BHS,2013,
BHS,2014,
BHS,2015,
BHS,2016,
BHS,2017,
BHS,2018,
BHS,2019,
BHS,2020,
BIH,1990,
BIH,1991,
BIH,1992,
BIH,1993,
BIH,1994,
BIH,1995,
BIH,1996,
BIH,1997,
BIH,1998,
BIH,1999,
BIH,2000,15.3945398330688
BIH,2001,16.782470703125
BIH,2002,17.035739898681602
BIH,2003,18.8590297698975
BIH,2004,21.1273002624512
BIH,2005,24.159429550170898
BIH,2006,27.037839889526399
BIH,2007,30.717140197753899
BIH,2008,34.473949432372997
BIH,2009,36.957569122314503
BIH,2010,38.533458709716797
BIH,2011,41.976959228515597
BIH,2012,44.701549530029297
BIH,2013,51.3600883483887
BIH,2014,54.165580749511697
BIH,2015,55.533660888671903
BIH,2016,56.9546089172363
BIH,2017,54.528678894042997
BIH,2018,49.798751831054702
BIH,2019,46.667789459228501
BIH,2020,43.803920745849602
BLR,1990,48.921138763427699
BLR,1991,47.979339599609403
BLR,1992,44.389251708984403
BLR,1993,43.4634819030762
BLR,1994,41.381999969482401
BLR,1995,40.579479217529297
BLR,1996,44.467098236083999
BLR,1997,44.790599822997997
BLR,1998,48.638908386230497
BLR,1999,51.917411804199197
BLR,2000,54.510841369628899
BLR,2001,56.588569641113303
BLR,2002,58.971988677978501
BLR,2003,61.658451080322301
BLR,2004,62.958511352539098
BLR,2005,65.460121154785199
BLR,2006,68.3140869140625
BLR,2007,71.105087280273395
BLR,2008,71.316352844238295
BLR,2009,75.367851257324205
BLR,2010,80.116969772948494
BLR,2011,87.337375306134604
BLR,2012,93.4729592664074
BLR,2013,95.497500310019305
BLR,2014,94.316359554493005
BLR,2015,93.7888271999214
BLR,2016,91.520675773447707
BLR,2017,89.470647935473494
BLR,2018,84.7097808751504
BLR,2019,81.292195325451402
BLR,2020,79.900160036935006
BLZ,1990,
BLZ,1991,
BLZ,1992,
BLZ,1993,
BLZ,1994,
BLZ,1995,
BLZ,1996,
BLZ,1997,
BLZ,1998,
BLZ,1999,
BLZ,2000,
BLZ,2001,15.196220397949199
BLZ,2002,17.094619750976602
BLZ,2003,16.293819427490199
BLZ,2004,15.690620422363301
BLZ,2005,16.142250061035199
BLZ,2006,16.941520690918001
BLZ,2007,17.925319671630898
BLZ,2008,18.78537940979
BLZ,2009,22.056310653686499
BLZ,2010,21.565731166912901
BLZ,2011,21.5464009784327
BLZ,2012,24.027161138678501
BLZ,2013,24.004534504747099
BLZ,2014,24.015463344087198
BLZ,2015,23.435062269057099
BLZ,2016,24.476013668038799
BLZ,2017,24.731690676743
BLZ,2018,24.588344603313899
BLZ,2019,25.138736158351001
BLZ,2020,25.942169412004699
BMU,1990,
BMU,1991,
BMU,1992,
BMU,1993,
BMU,1994,
BMU,1995,
BMU,1996,
BMU,1997,
BMU,1998,
BMU,1999,
BMU,2000,
BMU,2001,
BMU,2002,
BMU,2003,
BMU,2004,
BMU,2005,
BMU,2006,32.551868438720703
BMU,2007,29.232019424438501
BMU,2008,29.9917602539062
BMU,2009,38.3707885742188
BMU,2010,36.5495414733887
BMU,2011,37.827720642089801
BMU,2012,36.915081024169901
BMU,2013,35.199771881103501
BMU,2014,33.333328247070298
BMU,2015,30.6167392730713
BMU,2016,
BMU,2017,21.809370040893601
BMU,2018,22.3407592773438
BMU,2019,
BMU,2020,
BOL,1990,
BOL,1991,
BOL,1992,
BOL,1993,
BOL,1994,
BOL,1995,
BOL,1996,
BOL,1997,
BOL,1998,
BOL,1999,
BOL,2000,
BOL,2001,
BOL,2002,
BOL,2003,
BOL,2004,
BOL,2005,
BOL,2006,
BOL,2007,
BOL,2008,
BOL,2009,
BOL,2010,
BOL,2011,
BOL,2012,
BOL,2013,
BOL,2014,
BOL,2015,
BOL,2016,
BOL,2017,
BOL,2018,
BOL,2019,
BOL,2020,
BRA,1990,
BRA,1991,
BRA,1992,
BRA,1993,
BRA,1994,
BRA,1995,
BRA,1996,
BRA,1997,
BRA,1998,
BRA,1999,
BRA,2000,
BRA,2001,
BRA,2002,
BRA,2003,
BRA,2004,
BRA,2005,
BRA,2006,
BRA,2007,
BRA,2008,
BRA,2009,
BRA,2010,
BRA,2011,
BRA,2012,43.8344116210938
BRA,2013,44.996669769287102
BRA,2014,47.813190460205099
BRA,2015,49.080501556396499
BRA,2016,48.966579437255902
BRA,2017,50.732631683349602
BRA,2018,52.05712890625
BRA,2019,53.621540069580099
BRA,2020,55.529109954833999
BRB,1990,18.155359268188501
BRB,1991,28.3673095703125
BRB,1992,29.5495491027832
BRB,1993,27.239459991455099
BRB,1994,
BRB,1995,
BRB,1996,
BRB,1997,
BRB,1998,
BRB,1999,36.056938171386697
BRB,2000,41.925430297851598
BRB,2001,41.2074584960938
BRB,2002,
BRB,2003,
BRB,2004,
BRB,2005,
BRB,2006,
BRB,2007,60.238739013671903
BRB,2008,
BRB,2009,74.206077575683594
BRB,2010,69.595327923923705
BRB,2011,66.946396727158302
BRB,2012,70.028973065779596
BRB,2013,73.180770497201195
BRB,2014,71.268262874284801
BRB,2015,57.281445756416701
BRB,2016,52.053371247334198
BRB,2017,51.010669669186598
BRB,2018,45.875198307773701
BRB,2019,48.935497470488997
BRB,2020,52.971630830999999
BRN,1990,
BRN,1991,
BRN,1992,5.4968099594116202
BRN,1993,5.8106498718261701
BRN,1994,6.1567401885986301
BRN,1995,
BRN,1996,
BRN,1997,
BRN,1998,10.6331796646118
BRN,1999,13.025139808654799
BRN,2000,13.495929718017599
BRN,2001,14.6684103012085
BRN,2002,14.1154699325562
BRN,2003,14.257490158081
BRN,2004,15.170780181884799
BRN,2005,15.249859809875501
BRN,2006,15.2068796157837
BRN,2007,15.4847002029419
BRN,2008,15.7385101318359
BRN,2009,16.565849304199201
BRN,2010,15.3331604003906
BRN,2011,17.4244594573975
BRN,2012,22.073350906372099
BRN,2013,23.464920043945298
BRN,2014,30.079910278320298
BRN,2015,28.664129257202099
BRN,2016,28.6644096374512
BRN,2017,31.243391019523902
BRN,2018,27.9285989469629
BRN,2019,27.7715019255456
BRN,2020,27.469255663430399
BTN,1990,
BTN,1991,
BTN,1992,
BTN,1993,
BTN,1994,
BTN,1995,
BTN,1996,
BTN,1997,
BTN,1998,
BTN,1999,2.6904599666595499
BTN,2000,
BTN,2001,
BTN,2002,
BTN,2003,
BTN,2004,
BTN,2005,4.8723301887512198
BTN,2006,5.1222200393676802
BTN,2007,5.5462198257446298
BTN,2008,6.5820498466491699
BTN,2009,6.2968201637268102
BTN,2010,6.5771814315231598
BTN,2011,7.7050252651155402
BTN,2012,7.6080602467883898
BTN,2013,10.362939215901999
BTN,2014,
BTN,2015,
BTN,2016,
BTN,2017,14.835498945632301
BTN,2018,14.9303808051574
BTN,2019,15.942029155031699
BTN,2020,16.8650740250552
BWA,1990,
BWA,1991,4.3568701744079599
BWA,1992,
BWA,1993,5.1658701896667498
BWA,1994,5.6231398582458496
BWA,1995,5.2864799499511701
BWA,1996,5.66145992279053
BWA,1997,
BWA,1998,5.9611301422119096
BWA,1999,6.2528100013732901
BWA,2000,6.9808301925659197
BWA,2001,7.4867801666259801
BWA,2002,7.8034100532531703
BWA,2003,9.0796003341674805
BWA,2004,9.5687799453735405
BWA,2005,9.2307796478271502
BWA,2006,10.0698099136353
BWA,2007,10.223279953002899
BWA,2008,14.2659397125244
BWA,2009,21.9871006011963
BWA,2010,19.539890289306602
BWA,2011,17.513450622558601
BWA,2012,21.6663608551025
BWA,2013,26.337099075317401
BWA,2014,24.835564846016599
BWA,2015,26.869292553875599
BWA,2016,22.660585529177599
BWA,2017,21.476288516501199
BWA,2018,
BWA,2019,21.4965480211896
BWA,2020,22.4017870513653
CAF,1990,1.32114005088806
CAF,1991,1.4309899806976301
CAF,1992,1.3497400283813501
CAF,1993,
CAF,1994,
CAF,1995,
CAF,1996,
CAF,1997,
CAF,1998,
CAF,1999,2.01588010787964
CAF,2000,1.9436999559402499
CAF,2001,
CAF,2002,
CAF,2003,
CAF,2004,1.6678600311279299
CAF,2005,
CAF,2006,1.0867500305175799
CAF,2007,
CAF,2008,2.1649599075317401
CAF,2009,2.3081400394439702
CAF,2010,2.5388100147247301
CAF,2011,2.9549798965454102
CAF,2012,2.7751998901367201
CAF,2013,
CAF,2014,
CAF,2015,
CAF,2016,
CAF,2017,
CAF,2018,
CAF,2019,
CAF,2020,
CAN,1990,
CAN,1991,
CAN,1992,
CAN,1993,
CAN,1994,
CAN,1995,
CAN,1996,
CAN,1997,
CAN,1998,
CAN,1999,
CAN,2000,58.519119262695298
CAN,2001,
CAN,2002,58.413150787353501
CAN,2003,
CAN,2004,
CAN,2005,
CAN,2006,
CAN,2007,63.829811096191399
CAN,2008,64.307411193847699
CAN,2009,63.623699188232401
CAN,2010,61.884590148925803
CAN,2011,63.158699035644503
CAN,2012,63.603271484375
CAN,2013,65.747718811035199
CAN,2014,67.167701721191406
CAN,2015,67.269096374511705
CAN,2016,69.245941162109403
CAN,2017,70.268707275390597
CAN,2018,69.350723266601605
CAN,2019,73.112876892089801
CAN,2020,75.238906860351605
CHE,1990,
CHE,1991,
CHE,1992,
CHE,1993,
CHE,1994,
CHE,1995,
CHE,1996,
CHE,1997,
CHE,1998,
CHE,1999,
CHE,2000,38.112758636474602
CHE,2001,39.223800659179702
CHE,2002,39.960289001464801
CHE,2003,43.050540924072301
CHE,2004,44.880519866943402
CHE,2005,45.246528625488303
CHE,2006,46.284778594970703
CHE,2007,47.8155517578125
CHE,2008,49.688880920410199
CHE,2009,50.303451538085902
CHE,2010,52.804061889648402
CHE,2011,53.135280609130902
CHE,2012,54.835620880127003
CHE,2013,56.181240081787102
CHE,2014,58.065059661865199
CHE,2015,60.818561553955099
CHE,2016,61.1939888000488
CHE,2017,62.459720611572301
CHE,2018,64.3533935546875
CHE,2019,66.309341430664105
CHE,2020,68.067642211914105
CHI,1990,
CHI,1991,
CHI,1992,
CHI,1993,
CHI,1994,
CHI,1995,
CHI,1996,
CHI,1997,
CHI,1998,
CHI,1999,
CHI,2000,
CHI,2001,
CHI,2002,
CHI,2003,
CHI,2004,
CHI,2005,
CHI,2006,
CHI,2007,
CHI,2008,
CHI,2009,
CHI,2010,
CHI,2011,
CHI,2012,
CHI,2013,
CHI,2014,
CHI,2015,
CHI,2016,
CHI,2017,
CHI,2018,
CHI,2019,
CHI,2020,
CHL,1990,
CHL,1991,
CHL,1992,
CHL,1993,
CHL,1994,
CHL,1995,
CHL,1996,
CHL,1997,
CHL,1998,
CHL,1999,
CHL,2000,35.431320190429702
CHL,2001,
CHL,2002,40.2664985656738
CHL,2003,43.518199920654297
CHL,2004,44.328460693359403
CHL,2005,50.2735595703125
CHL,2006,49.321689605712898
CHL,2007,54.723049163818402
CHL,2008,56.774398803710902
CHL,2009,59.991291046142599
CHL,2010,66.344520568847699
CHL,2011,70.824180603027301
CHL,2012,75.077072143554702
CHL,2013,79.870338439941406
CHL,2014,83.662979125976605
CHL,2015,86.418113708496094
CHL,2016,88.845886230468807
CHL,2017,89.921989440917997
CHL,2018,91.197479248046903
CHL,2019,92.065971374511705
CHL,2020,89.112487792968807
CHN,1990,3.0020298957824698
CHN,1991,2.88314008712769
CHN,1992,2.8171401023864799
CHN,1993,2.93351006507873
CHN,1994,3.77007007598877
CHN,1995,4.6580500602722203
CHN,1996,5.2750401496887198
CHN,1997,5.7958002090454102
CHN,1998,6.2587800025939897
CHN,1999,6.6104698181152299
CHN,2000,7.57777976989746
CHN,2001,9.2806901931762695
CHN,2002,11.8050804138184
CHN,2003,14.513970375061
CHN,2004,16.9004402160644
CHN,2005,18.656520843505898
CHN,2006,20.566770553588899
CHN,2007,21.471559524536101
CHN,2008,21.8667392730713
CHN,2009,23.288629531860401
CHN,2010,25.288306627770101
CHN,2011,26.7875039907406
CHN,2012,29.308190690329202
CHN,2013,32.719160315880302
CHN,2014,43.711005101685402
CHN,2015,47.1192619330726
CHN,2016,49.309077375596999
CHN,2017,51.067881227340699
CHN,2018,53.398798457281401
CHN,2019,56.605091792329198
CHN,2020,61.612467599694703
CIV,1990,
CIV,1991,
CIV,1992,2.4702899456024201
CIV,1993,2.93564009666443
CIV,1994,3.6460599899292001
CIV,1995,3.5975399017334002
CIV,1996,
CIV,1997,5.41806983947754
CIV,1998,
CIV,1999,5.4913401603698704
CIV,2000,
CIV,2001,
CIV,2002,
CIV,2003,
CIV,2004,
CIV,2005,
CIV,2006,
CIV,2007,7.9370698928832999
CIV,2008,7.48366022109985
CIV,2009,7.1885800361633301
CIV,2010,6.5309947238688899
CIV,2011,2.9210175930536302
CIV,2012,
CIV,2013,7.3542650359850903
CIV,2014,7.7389765928667096
CIV,2015,8.4643322459830603
CIV,2016,8.8955784570525207
CIV,2017,9.5248876887262099
CIV,2018,
CIV,2019,10.325698163974099
CIV,2020,10.266409134584899
CMR,1990,2.95227003097534
CMR,1991,3.2377300262451199
CMR,1992,
CMR,1993,
CMR,1994,
CMR,1995,
CMR,1996,
CMR,1997,
CMR,1998,
CMR,1999,4.9432201385498002
CMR,2000,4.6901001930236799
CMR,2001,4.7160201072692898
CMR,2002,5.1558799743652299
CMR,2003,5.2203102111816397
CMR,2004,5.2272500991821298
CMR,2005,6.03904008865356
CMR,2006,7.0769300460815403
CMR,2007,7.5739698410034197
CMR,2008,8.2087497711181605
CMR,2009,9.4040098190307599
CMR,2010,11.5745716750246
CMR,2011,12.5102445161105
CMR,2012,13.5363302230835
CMR,2013,15.7712802886963
CMR,2014,16.7535896301269
CMR,2015,17.297075862775301
CMR,2016,12.7046554004596
CMR,2017,12.981816181393601
CMR,2018,14.5449548868213
CMR,2019,15.052861413146299
CMR,2020,15.5519566247682
COD,1990,2.0120799541473402
COD,1991,2.3406400680542001
COD,1992,
COD,1993,
COD,1994,
COD,1995,2.3108999729156499
COD,1996,
COD,1997,
COD,1998,
COD,1999,1.4525799751281701
COD,2000,
COD,2001,
COD,2002,
COD,2003,
COD,2004,
COD,2005,
COD,2006,4.2087302207946804
COD,2007,4.2030301094055202
COD,2008,5.2793297767639196
COD,2009,6.2615499496459996
COD,2010,
COD,2011,7.5588397979736301
COD,2012,7.6397900581359899
COD,2013,6.3727998733520499
COD,2014,
COD,2015,
COD,2016,5.9003701210021999
COD,2017,
COD,2018,
COD,2019,
COD,2020,6.3798799514770499
COG,1990,4.5736999511718803
COG,1991,4.5432901382446298
COG,1992,4.9835700988769496
COG,1993,5.5745301246643102
COG,1994,
COG,1995,
COG,1996,
COG,1997,
COG,1998,
COG,1999,3.6713900566101101
COG,2000,5.2435002326965297
COG,2001,4.2017498016357404
COG,2002,3.7616400718689
COG,2003,3.7961900234222399
COG,2004,
COG,2005,
COG,2006,
COG,2007,
COG,2008,
COG,2009,5.8796801567077601
COG,2010,
COG,2011,7.95887994766235
COG,2012,9.0954504013061506
COG,2013,8.5663204193115199
COG,2014,
COG,2015,
COG,2016,
COG,2017,12.1461896896362
COG,2018,
COG,2019,
COG,2020,
COL,1990,
COL,1991,
COL,1992,
COL,1993,
COL,1994,
COL,1995,
COL,1996,
COL,1997,
COL,1998,
COL,1999,
COL,2000,25.509689331054702
COL,2001,26.381259918212901
COL,2002,26.513099670410199
COL,2003,
COL,2004,29.503459930419901
COL,2005,32.253978729247997
COL,2006,34.3662109375
COL,2007,35.478530883789098
COL,2008,37.944801330566399
COL,2009,39.508800506591797
COL,2010,41.529670715332003
COL,2011,45.287330627441399
COL,2012,47.466991424560497
COL,2013,50.747489929199197
COL,2014,53.179439544677699
COL,2015,54.796131134033203
COL,2016,57.143749237060497
COL,2017,58.396041870117202
COL,2018,57.320541381835902
COL,2019,56.666301727294901
COL,2020,55.733108520507798
COM,1990,0.61715000867843595
COM,1991,
COM,1992,0.55555999279022195
COM,1993,0.57801002264022805
COM,1994,
COM,1995,
COM,1996,0.90144002437591597
COM,1997,
COM,1998,
COM,1999,1.51769995689392
COM,2000,1.60367000102997
COM,2001,
COM,2002,
COM,2003,3.4207000732421902
COM,2004,
COM,2005,
COM,2006,
COM,2007,4.3943800926208496
COM,2008,
COM,2009,6.1950402259826696
COM,2010,7.90405216581276
COM,2011,9.4819322936477803
COM,2012,10.536063688369101
COM,2013,9.1324796676635707
COM,2014,9.5927242808028002
COM,2015,
COM,2016,
COM,2017,18.819028145669702
COM,2018,
COM,2019,
COM,2020,
CPV,1990,
CPV,1991,
CPV,1992,
CPV,1993,
CPV,1994,
CPV,1995,
CPV,1996,
CPV,1997,
CPV,1998,
CPV,1999,1.5468900203704801
CPV,2000,1.7774699926376301
CPV,2001,1.5446200370788601
CPV,2002,3.76713991165161
CPV,2003,4.4526200294494602
CPV,2004,5.8905701637268102
CPV,2005,7.3384499549865696
CPV,2006,8.3322696685790998
CPV,2007,9.4276399612426793
CPV,2008,11.6451501846313
CPV,2009,14.584520339965801
CPV,2010,17.239679815094899
CPV,2011,19.8174684695304
CPV,2012,19.895129065434698
CPV,2013,22.246812277625502
CPV,2014,23.2703965538205
CPV,2015,22.524027665498998
CPV,2016,23.693497522150501
CPV,2017,24.559464845985399
CPV,2018,24.2905954414767
CPV,2019,
CPV,2020,
CRI,1990,
CRI,1991,
CRI,1992,
CRI,1993,
CRI,1994,
CRI,1995,
CRI,1996,
CRI,1997,
CRI,1998,
CRI,1999,
CRI,2000,
CRI,2001,
CRI,2002,
CRI,2003,
CRI,2004,25.805679321289102
CRI,2005,
CRI,2006,
CRI,2007,
CRI,2008,
CRI,2009,
CRI,2010,
CRI,2011,44.671188354492202
CRI,2012,46.688541412353501
CRI,2013,47.505710601806598
CRI,2014,50.334278106689503
CRI,2015,51.284580230712898
CRI,2016,51.651641845703097
CRI,2017,54.449230194091797
CRI,2018,52.614089965820298
CRI,2019,55.020290374755902
CRI,2020,
CUB,1990,20.670469284057599
CUB,1991,20.874830245971701
CUB,1992,19.687950134277301
CUB,1993,17.948389053344702
CUB,1994,16.7040901184082
CUB,1995,14.2621002197266
CUB,1996,13.4059000015259
CUB,1997,13.2927103042603
CUB,1998,13.477499961853001
CUB,1999,21.154010772705099
CUB,2000,22.995670318603501
CUB,2001,26.0719394683838
CUB,2002,27.423469543456999
CUB,2003,32.568790435791001
CUB,2004,52.441158294677699
CUB,2005,60.115119934082003
CUB,2006,84.744728088378906
CUB,2007,105.017448425293
CUB,2008,117.16307067871099
CUB,2009,113.82708740234401
CUB,2010,93.544739814446004
CUB,2011,78.479161157493095
CUB,2012,61.351986695214102
CUB,2013,47.993838866824603
CUB,2014,40.805721425326098
CUB,2015,36.751027684209902
CUB,2016,35.052398681640597
CUB,2017,41.170241654729303
CUB,2018,42.350638704536401
CUB,2019,44.779180757609097
CUB,2020,46.735726296411698
CUW,1990,
CUW,1991,
CUW,1992,
CUW,1993,
CUW,1994,
CUW,1995,
CUW,1996,
CUW,1997,
CUW,1998,
CUW,1999,
CUW,2000,
CUW,2001,
CUW,2002,
CUW,2003,
CUW,2004,
CUW,2005,
CUW,2006,
CUW,2007,
CUW,2008,
CUW,2009,
CUW,2010,
CUW,2011,
CUW,2012,
CUW,2013,23.084200567644299
CUW,2014,
CUW,2015,
CUW,2016,
CUW,2017,
CUW,2018,
CUW,2019,
CUW,2020,
CYM,1990,
CYM,1991,
CYM,1992,
CYM,1993,
CYM,1994,
CYM,1995,
CYM,1996,
CYM,1997,
CYM,1998,
CYM,1999,15.839599609375
CYM,2000,21.135799407958999
CYM,2001,21.8025798797607
CYM,2002,19.218990325927699
CYM,2003,19.8089809417725
CYM,2004,
CYM,2005,
CYM,2006,19.457790374755898
CYM,2007,22.104520797729499
CYM,2008,33.0195503234863
CYM,2009,
CYM,2010,
CYM,2011,
CYM,2012,
CYM,2013,
CYM,2014,
CYM,2015,
CYM,2016,
CYM,2017,
CYM,2018,
CYM,2019,
CYM,2020,
CYP,1990,
CYP,1991,
CYP,1992,
CYP,1993,
CYP,1994,
CYP,1995,
CYP,1996,
CYP,1997,
CYP,1998,
CYP,1999,
CYP,2000,
CYP,2001,21.612520217895501
CYP,2002,25.102289199829102
CYP,2003,31.9552307128906
CYP,2004,36.020458221435497
CYP,2005,34.102180480957003
CYP,2006,34.301948547363303
CYP,2007,36.231601715087898
CYP,2008,40.849170684814503
CYP,2009,47.696449279785199
CYP,2010,48.311580657958999
CYP,2011,46.539730072021499
CYP,2012,45.863590240478501
CYP,2013,47.470890045166001
CYP,2014,52.1083793640137
CYP,2015,59.864059448242202
CYP,2016,68.375473022460895
CYP,2017,79.827522277832003
CYP,2018,86.589927673339801
CYP,2019,93.926071166992202
CYP,2020,102.390762329102
CZE,1990,
CZE,1991,
CZE,1992,
CZE,1993,
CZE,1994,
CZE,1995,
CZE,1996,
CZE,1997,
CZE,1998,
CZE,1999,
CZE,2000,
CZE,2001,32.026779174804702
CZE,2002,36.887660980224602
CZE,2003,39.207889556884801
CZE,2004,45.424278259277301
CZE,2005,49.118141174316399
CZE,2006,49.881130218505902
CZE,2007,54.180900573730497
CZE,2008,57.917171478271499
CZE,2009,61.411571502685497
CZE,2010,64.932769775390597
CZE,2011,66.796821594238295
CZE,2012,66.928771972656193
CZE,2013,66.324317932128906
CZE,2014,67.395973205566406
CZE,2015,67.230361938476605
CZE,2016,67.505638122558594
CZE,2017,67.714218139648395
CZE,2018,66.790222167968807
CZE,2019,66.880218505859403
CZE,2020,67.184371948242202
DEU,1990,
DEU,1991,
DEU,1992,
DEU,1993,
DEU,1994,
DEU,1995,
DEU,1996,
DEU,1997,
DEU,1998,
DEU,1999,
DEU,2000,
DEU,2001,
DEU,2002,
DEU,2003,
DEU,2004,
DEU,2005,
DEU,2006,
DEU,2007,
DEU,2008,
DEU,2009,
DEU,2010,
DEU,2011,
DEU,2012,
DEU,2013,60.898448944091797
DEU,2014,65.184478759765597
DEU,2015,68.23291015625
DEU,2016,67.9464111328125
DEU,2017,68.469230651855497
DEU,2018,69.163429260253906
DEU,2019,72.705078125
DEU,2020,72.389419555664105
DJI,1990,
DJI,1991,0
DJI,1992,0.085830003023147597
DJI,1993,0.10595999658107801
DJI,1994,0.12442000210285201
DJI,1995,
DJI,1996,0.209659993648529
DJI,1997,0.25101000070571899
DJI,1998,
DJI,1999,0.24491000175476099
DJI,2000,0.25736001133918801
DJI,2001,0.65482002496719405
DJI,2002,0.93446999788284302
DJI,2003,1.1400799751281701
DJI,2004,1.4349499940872199
DJI,2005,2.1518700122833301
DJI,2006,2.4363999366760201
DJI,2007,2.7082099914550799
DJI,2008,2.8969600200653098
DJI,2009,3.6338698863983101
DJI,2010,3.6185500621795601
DJI,2011,5.1601200103759801
DJI,2012,
DJI,2013,
DJI,2014,
DJI,2015,
DJI,2016,
DJI,2017,
DJI,2018,
DJI,2019,
DJI,2020,
DMA,1990,
DMA,1991,5.6788201332092303
DMA,1992,8.9560403823852504
DMA,1993,6.9480299949645996
DMA,1994,
DMA,1995,
DMA,1996,
DMA,1997,
DMA,1998,
DMA,1999,
DMA,2000,
DMA,2001,
DMA,2002,
DMA,2003,
DMA,2004,
DMA,2005,
DMA,2006,
DMA,2007,
DMA,2008,
DMA,2009,
DMA,2010,
DMA,2011,
DMA,2012,
DMA,2013,
DMA,2014,
DMA,2015,
DMA,2016,
DMA,2017,
DMA,2018,
DMA,2019,
DMA,2020,
DNK,1990,
DNK,1991,
DNK,1992,
DNK,1993,
DNK,1994,
DNK,1995,
DNK,1996,
DNK,1997,
DNK,1998,
DNK,1999,
DNK,2000,
DNK,2001,61.3673095703125
DNK,2002,64.223472595214801
DNK,2003,68.171249389648395
DNK,2004,74.966506958007798
DNK,2005,80.812461853027301
DNK,2006,78.505767822265597
DNK,2007,78.243293762207003
DNK,2008,74.860626220703097
DNK,2009,73.110626220703097
DNK,2010,72.495147705078097
DNK,2011,75.930023193359403
DNK,2012,77.746551513671903
DNK,2013,80.418678283691406
DNK,2014,81.314361572265597
DNK,2015,83.300407409667997
DNK,2016,82.171493530273395
DNK,2017,81.322006225585895
DNK,2018,81.140548706054702
DNK,2019,81.694587707519503
DNK,2020,82.664329528808594
DOM,1990,
DOM,1991,
DOM,1992,
DOM,1993,
DOM,1994,
DOM,1995,
DOM,1996,
DOM,1997,21.466529846191399
DOM,1998,
DOM,1999,
DOM,2000,
DOM,2001,
DOM,2002,
DOM,2003,33.6751098632812
DOM,2004,
DOM,2005,
DOM,2006,
DOM,2007,
DOM,2008,
DOM,2009,
DOM,2010,
DOM,2011,
DOM,2012,48.629003850763603
DOM,2013,
DOM,2014,49.319268967472297
DOM,2015,51.747114370000901
DOM,2016,54.498998211862002
DOM,2017,59.915594098046498
DOM,2018,
DOM,2019,
DOM,2020,58.726410531452302
DZA,1990,10.0710496902466
DZA,1991,10.8018398284912
DZA,1992,10.945969581604
DZA,1993,10.8634300231934
DZA,1994,10.430910110473601
DZA,1995,10.235480308532701
DZA,1996,11.6038904190063
DZA,1997,
DZA,1998,
DZA,1999,13.6004695892334
DZA,2000,
DZA,2001,15.2947797775269
DZA,2002,16.975419998168899
DZA,2003,18.211820602416999
DZA,2004,18.870929718017599
DZA,2005,20.7098693847656
DZA,2006,21.345800399780298
DZA,2007,23.5956306457519
DZA,2008,
DZA,2009,30.501470565795898
DZA,2010,30.734443701334101
DZA,2011,32.386600358209499
DZA,2012,33.557098711946601
DZA,2013,35.438627563373799
DZA,2014,36.042798359625799
DZA,2015,38.244473569555197
DZA,2016,43.904062088092701
DZA,2017,49.177689984383001
DZA,2018,52.881938731752697
DZA,2019,53.864501820312199
DZA,2020,53.375219220898799
ECU,1990,
ECU,1991,
ECU,1992,
ECU,1993,
ECU,1994,
ECU,1995,
ECU,1996,
ECU,1997,
ECU,1998,
ECU,1999,
ECU,2000,
ECU,2001,
ECU,2002,
ECU,2003,
ECU,2004,
ECU,2005,
ECU,2006,
ECU,2007,
ECU,2008,38.187179565429702
ECU,2009,
ECU,2010,
ECU,2011,
ECU,2012,39.252469038497097
ECU,2013,39.773440580235302
ECU,2014,
ECU,2015,44.537149274365298
ECU,2016,
ECU,2017,
ECU,2018,47.331183225327898
ECU,2019,47.262781401220302
ECU,2020,56.906631148368199
EGY,1990,13.5156497955322
EGY,1991,11.172949790954601
EGY,1992,
EGY,1993,
EGY,1994,
EGY,1995,
EGY,1996,
EGY,1997,
EGY,1998,
EGY,1999,28.601669311523398
EGY,2000,
EGY,2001,27.892250061035199
EGY,2002,28.918239593505898
EGY,2003,26.024509429931602
EGY,2004,27.286209106445298
EGY,2005,28.4127006530762
EGY,2006,28.369590759277301
EGY,2007,28.839920043945298
EGY,2008,28.686109542846701
EGY,2009,29.269309997558601
EGY,2010,30.072738366021401
EGY,2011,25.590182093215802
EGY,2012,26.227156625514599
EGY,2013,28.347981695411299
EGY,2014,29.1134325604942
EGY,2015,32.884899139404297
EGY,2016,31.873130798339801
EGY,2017,33.101889293522099
EGY,2018,36.123001098632798
EGY,2019,33.622825887243998
EGY,2020,38.773998260497997
ERI,1990,
ERI,1991,
ERI,1992,
ERI,1993,
ERI,1994,
ERI,1995,1.7302099466323899
ERI,1996,1.4296000003814699
ERI,1997,
ERI,1998,1.49975001811981
ERI,1999,1.95580005645752
ERI,2000,2.0098800659179701
ERI,2001,2.6930499076843302
ERI,2002,2.5444200038909899
ERI,2003,
ERI,2004,1.97107994556427
ERI,2005,
ERI,2006,
ERI,2007,
ERI,2008,
ERI,2009,3.6776199340820299
ERI,2010,4.3551602363586399
ERI,2011,
ERI,2012,
ERI,2013,
ERI,2014,4.1287198066711399
ERI,2015,3.5157499313354501
ERI,2016,3.2026200294494598
ERI,2017,
ERI,2018,
ERI,2019,
ERI,2020,
ESP,1990,
ESP,1991,
ESP,1992,
ESP,1993,
ESP,1994,
ESP,1995,
ESP,1996,
ESP,1997,
ESP,1998,
ESP,1999,
ESP,2000,
ESP,2001,61.004219055175803
ESP,2002,63.740081787109403
ESP,2003,65.532211303710895
ESP,2004,67.473571777343807
ESP,2005,68.135833740234403
ESP,2006,68.964622497558594
ESP,2007,69.229766845703097
ESP,2008,69.401939392089801
ESP,2009,71.431167602539105
ESP,2010,76.382911682128906
ESP,2011,80.724090576171903
ESP,2012,82.89208984375
ESP,2013,85.182632446289105
ESP,2014,87.935852050781193
ESP,2015,88.530532836914105
ESP,2016,89.810791015625
ESP,2017,92.070182800292997
ESP,2018,92.519493103027301
ESP,2019,91.538772583007798
ESP,2020,91.59912109375
EST,1990,
EST,1991,
EST,1992,
EST,1993,
EST,1994,
EST,1995,
EST,1996,
EST,1997,
EST,1998,
EST,1999,
EST,2000,
EST,2001,58.717479705810497
EST,2002,61.747100830078097
EST,2003,64.222267150878906
EST,2004,65.777397155761705
EST,2005,67.984352111816406
EST,2006,68.795082092285199
EST,2007,68.822059631347699
EST,2008,67.835609436035199
EST,2009,67.849418640136705
EST,2010,68.710159301757798
EST,2011,71.023529052734403
EST,2012,72.936470031738295
EST,2013,75.452316284179702
EST,2014,76.202453613281193
EST,2015,74.583282470703097
EST,2016,73.033432006835895
EST,2017,72.136978149414105
EST,2018,72.065963745117202
EST,2019,72.706031799316406
EST,2020,72.044357299804702
ETH,1990,0.78732001781463601
ETH,1991,0.77600002288818404
ETH,1992,
ETH,1993,
ETH,1994,0.60223001241684004
ETH,1995,0.66038000583648704
ETH,1996,0.68652999401092496
ETH,1997,0.80171000957489003
ETH,1998,0.83799999952316295
ETH,1999,0.93181002140045199
ETH,2000,1.1711499691009499
ETH,2001,1.4760500192642201
ETH,2002,1.6837400197982799
ETH,2003,2.4016799926757799
ETH,2004,2.72982001304627
ETH,2005,2.9416799545288099
ETH,2006,
ETH,2007,
ETH,2008,3.5321199893951398
ETH,2009,5.0921602249145499
ETH,2010,6.9648299217224103
ETH,2011,7.2756600379943803
ETH,2012,7.6241698265075701
ETH,2013,
ETH,2014,5.9192507771212997
ETH,2015,
ETH,2016,
ETH,2017,
ETH,2018,
ETH,2019,
ETH,2020,
FIN,1990,
FIN,1991,
FIN,1992,
FIN,1993,
FIN,1994,
FIN,1995,
FIN,1996,
FIN,1997,
FIN,1998,
FIN,1999,
FIN,2000,
FIN,2001,85.9510498046875
FIN,2002,86.788932800292997
FIN,2003,88.286979675292997
FIN,2004,90.137931823730497
FIN,2005,91.940940856933594
FIN,2006,93.430992126464801
FIN,2007,95.083480834960895
FIN,2008,95.866851806640597
FIN,2009,92.015472412109403
FIN,2010,93.186759948730497
FIN,2011,93.288429260253906
FIN,2012,91.553382873535199
FIN,2013,91.236526489257798
FIN,2014,89.993881225585895
FIN,2015,89.657379150390597
FIN,2016,89.3280029296875
FIN,2017,90.698387145996094
FIN,2018,92.385002136230497
FIN,2019,94.589118957519503
FIN,2020,96.472633361816406
FJI,1990,
FJI,1991,10.794730186462401
FJI,1992,
FJI,1993,
FJI,1994,
FJI,1995,
FJI,1996,
FJI,1997,
FJI,1998,
FJI,1999,
FJI,2000,
FJI,2001,
FJI,2002,
FJI,2003,14.7718696594238
FJI,2004,14.572669982910201
FJI,2005,14.4559001922607
FJI,2006,
FJI,2007,
FJI,2008,
FJI,2009,
FJI,2010,
FJI,2011,
FJI,2012,
FJI,2013,
FJI,2014,69.432764199071798
FJI,2015,68.416795352599493
FJI,2016,77.560123406311604
FJI,2017,82.343551650893005
FJI,2018,79.146422543855195
FJI,2019,77.556200617002702
FJI,2020,83.761365449034898
FRA,1990,
FRA,1991,
FRA,1992,
FRA,1993,
FRA,1994,
FRA,1995,
FRA,1996,
FRA,1997,
FRA,1998,
FRA,1999,
FRA,2000,
FRA,2001,50.447288513183601
FRA,2002,50.2516899108887
FRA,2003,52.316978454589801
FRA,2004,53.457630157470703
FRA,2005,53.882331848144503
FRA,2006,53.875419616699197
FRA,2007,52.947540283203097
FRA,2008,52.475521087646499
FRA,2009,52.773101806640597
FRA,2010,54.881721496582003
FRA,2011,55.625728607177699
FRA,2012,57.909011840820298
FRA,2013,59.848758697509801
FRA,2014,61.5104789733887
FRA,2015,62.785930633544901
FRA,2016,64.727676391601605
FRA,2017,65.802230834960895
FRA,2018,67.543518066406193
FRA,2019,67.733131408691406
FRA,2020,68.870941162109403
FRO,1990,
FRO,1991,
FRO,1992,
FRO,1993,
FRO,1994,
FRO,1995,
FRO,1996,
FRO,1997,
FRO,1998,
FRO,1999,
FRO,2000,
FRO,2001,
FRO,2002,
FRO,2003,
FRO,2004,
FRO,2005,
FRO,2006,
FRO,2007,
FRO,2008,
FRO,2009,
FRO,2010,
FRO,2011,
FRO,2012,
FRO,2013,
FRO,2014,
FRO,2015,
FRO,2016,
FRO,2017,
FRO,2018,
FRO,2019,
FRO,2020,
FSM,1990,
FSM,1991,
FSM,1992,
FSM,1993,
FSM,1994,
FSM,1995,
FSM,1996,
FSM,1997,
FSM,1998,
FSM,1999,13.360469818115201
FSM,2000,13.3582201004028
FSM,2001,
FSM,2002,
FSM,2003,
FSM,2004,
FSM,2005,
FSM,2006,
FSM,2007,
FSM,2008,
FSM,2009,
FSM,2010,
FSM,2011,
FSM,2012,
FSM,2013,
FSM,2014,
FSM,2015,
FSM,2016,
FSM,2017,
FSM,2018,
FSM,2019,
FSM,2020,
GAB,1990,5.0942797660827601
GAB,1991,
GAB,1992,
GAB,1993,
GAB,1994,
GAB,1995,
GAB,1996,
GAB,1997,
GAB,1998,
GAB,1999,6.6582298278808603
GAB,2000,
GAB,2001,7.4574699401855504
GAB,2002,
GAB,2003,7.6552600860595703
GAB,2004,
GAB,2005,
GAB,2006,
GAB,2007,
GAB,2008,
GAB,2009,
GAB,2010,
GAB,2011,
GAB,2012,
GAB,2013,
GAB,2014,
GAB,2015,
GAB,2016,
GAB,2017,
GAB,2018,
GAB,2019,
GAB,2020,
GBR,1990,
GBR,1991,
GBR,1992,
GBR,1993,
GBR,1994,
GBR,1995,
GBR,1996,
GBR,1997,
GBR,1998,
GBR,1999,
GBR,2000,57.365119934082003
GBR,2001,57.487300872802699
GBR,2002,61.128219604492202
GBR,2003,61.455970764160199
GBR,2004,59.452671051025398
GBR,2005,59.274501800537102
GBR,2006,59.190719604492202
GBR,2007,58.845088958740199
GBR,2008,57.430988311767599
GBR,2009,59.101131439208999
GBR,2010,59.846729278564503
GBR,2011,59.3426704406738
GBR,2012,59.153568267822301
GBR,2013,56.7794799804688
GBR,2014,56.5240287780762
GBR,2015,56.446128845214801
GBR,2016,58.083869934082003
GBR,2017,59.628208160400398
GBR,2018,61.137771606445298
GBR,2019,65.511993408203097
GBR,2020,69.407661437988295
GEO,1990,
GEO,1991,37.088199615478501
GEO,1992,
GEO,1993,
GEO,1994,
GEO,1995,46.401241302490199
GEO,1996,43.8229789733887
GEO,1997,47.181449890136697
GEO,1998,
GEO,1999,38.482620239257798
GEO,2000,40.659709930419901
GEO,2001,41.771469116210902
GEO,2002,44.094459533691399
GEO,2003,45.272609710693402
GEO,2004,44.4988403320312
GEO,2005,49.789699554443402
GEO,2006,42.33203125
GEO,2007,41.553958892822301
GEO,2008,38.640739440917997
GEO,2009,28.6668605804443
GEO,2010,32.7360912804725
GEO,2011,35.920554158462799
GEO,2012,33.616469959440799
GEO,2013,40.587066395956597
GEO,2014,46.329053787417301
GEO,2015,51.9050659422441
GEO,2016,58.198808003405702
GEO,2017,63.535040959252001
GEO,2018,66.747813990460998
GEO,2019,69.646393471312606
GEO,2020,71.806453129039099
GHA,1990,
GHA,1991,0.91092997789382901
GHA,1992,1.05234003067017
GHA,1993,1.2537599802017201
GHA,1994,1.28396999835968
GHA,1995,
GHA,1996,
GHA,1997,
GHA,1998,
GHA,1999,
GHA,2000,
GHA,2001,
GHA,2002,
GHA,2003,
GHA,2004,
GHA,2005,5.3509998321533203
GHA,2006,4.7728099822998002
GHA,2007,5.9238100051879901
GHA,2008,7.9136500358581499
GHA,2009,8.2978000640869105
GHA,2010,
GHA,2011,11.2824466895305
GHA,2012,11.493889489193799
GHA,2013,13.4205396326832
GHA,2014,15.0809451652103
GHA,2015,15.5618871637579
GHA,2016,15.606270735822999
GHA,2017,16.206569424606201
GHA,2018,15.9045597520982
GHA,2019,17.3607250095097
GHA,2020,18.613993859415501
GIB,1990,
GIB,1991,
GIB,1992,
GIB,1993,
GIB,1994,
GIB,1995,
GIB,1996,
GIB,1997,
GIB,1998,
GIB,1999,
GIB,2000,
GIB,2001,
GIB,2002,
GIB,2003,
GIB,2004,
GIB,2005,
GIB,2006,
GIB,2007,
GIB,2008,
GIB,2009,
GIB,2010,
GIB,2011,
GIB,2012,
GIB,2013,
GIB,2014,
GIB,2015,
GIB,2016,
GIB,2017,
GIB,2018,
GIB,2019,
GIB,2020,
GIN,1990,1.04196000099182
GIN,1991,0.90539997816085804
GIN,1992,0.847769975662231
GIN,1993,1.17282998561859
GIN,1994,1.0943800210952801
GIN,1995,1.2147899866104099
GIN,1996,1.12723004817963
GIN,1997,1.1613199710845901
GIN,1998,1.2213399410247801
GIN,1999,
GIN,2000,
GIN,2001,
GIN,2002,
GIN,2003,
GIN,2004,2.2984800338745099
GIN,2005,3.0817101001739502
GIN,2006,5.3741598129272496
GIN,2007,8.2720499038696307
GIN,2008,9.3255996704101598
GIN,2009,9.3487901687622106
GIN,2010,10.5439796447754
GIN,2011,10.6184597015381
GIN,2012,10.0085697174072
GIN,2013,10.4364004135132
GIN,2014,10.8547201156616
GIN,2015,
GIN,2016,
GIN,2017,
GIN,2018,
GIN,2019,
GIN,2020,
GMB,1990,
GMB,1991,
GMB,1992,
GMB,1993,
GMB,1994,
GMB,1995,1.4426399469375599
GMB,1996,
GMB,1997,
GMB,1998,
GMB,1999,1.00466001033783
GMB,2000,
GMB,2001,
GMB,2002,
GMB,2003,
GMB,2004,1.07393002510071
GMB,2005,
GMB,2006,
GMB,2007,
GMB,2008,
GMB,2009,
GMB,2010,1.79782111896994
GMB,2011,2.7968158684588298
GMB,2012,1.1808945439555201
GMB,2013,
GMB,2014,
GMB,2015,
GMB,2016,
GMB,2017,
GMB,2018,
GMB,2019,
GMB,2020,
GNB,1990,
GNB,1991,
GNB,1992,
GNB,1993,
GNB,1994,
GNB,1995,
GNB,1996,
GNB,1997,
GNB,1998,
GNB,1999,
GNB,2000,
GNB,2001,
GNB,2002,
GNB,2003,
GNB,2004,
GNB,2005,2.26420998573303
GNB,2006,2.6203100681304901
GNB,2007,
GNB,2008,
GNB,2009,
GNB,2010,
GNB,2011,
GNB,2012,
GNB,2013,
GNB,2014,
GNB,2015,
GNB,2016,
GNB,2017,
GNB,2018,
GNB,2019,
GNB,2020,
GNQ,1990,
GNQ,1991,1.3926700353622401
GNQ,1992,
GNQ,1993,
GNQ,1994,
GNQ,1995,
GNQ,1996,
GNQ,1997,
GNQ,1998,
GNQ,1999,
GNQ,2000,1.8445299863815301
GNQ,2001,
GNQ,2002,
GNQ,2003,
GNQ,2004,
GNQ,2005,
GNQ,2006,
GNQ,2007,
GNQ,2008,
GNQ,2009,
GNQ,2010,
GNQ,2011,
GNQ,2012,
GNQ,2013,
GNQ,2014,
GNQ,2015,
GNQ,2016,
GNQ,2017,
GNQ,2018,
GNQ,2019,
GNQ,2020,
GRC,1990,
GRC,1991,
GRC,1992,
GRC,1993,
GRC,1994,
GRC,1995,
GRC,1996,
GRC,1997,
GRC,1998,
GRC,1999,
GRC,2000,52.672630310058601
GRC,2001,59.924911499023402
GRC,2002,66.890838623046903
GRC,2003,72.911666870117202
GRC,2004,80.414840698242202
GRC,2005,90.347473144531193
GRC,2006,95.077537536621094
GRC,2007,90.540428161621094
GRC,2008,
GRC,2009,
GRC,2010,101.694053649902
GRC,2011,105.812690734863
GRC,2012,110.12297821044901
GRC,2013,112.70583343505901
GRC,2014,119.104209899902
GRC,2015,
GRC,2016,131.40321350097699
GRC,2017,135.33392333984401
GRC,2018,140.95031738281199
GRC,2019,143.96272277832
GRC,2020,143.69334411621099
GRD,1990,
GRD,1991,
GRD,1992,
GRD,1993,
GRD,1994,
GRD,1995,
GRD,1996,
GRD,1997,
GRD,1998,
GRD,1999,
GRD,2000,
GRD,2001,
GRD,2002,
GRD,2003,
GRD,2004,
GRD,2005,
GRD,2006,
GRD,2007,
GRD,2008,
GRD,2009,56.855079650878899
GRD,2010,
GRD,2011,
GRD,2012,
GRD,2013,
GRD,2014,
GRD,2015,96.793128967285199
GRD,2016,96.795143127441406
GRD,2017,98.6993408203125
GRD,2018,99.989196777343807
GRD,2019,
GRD,2020,
GRL,1990,
GRL,1991,
GRL,1992,
GRL,1993,
GRL,1994,
GRL,1995,
GRL,1996,
GRL,1997,
GRL,1998,
GRL,1999,
GRL,2000,
GRL,2001,
GRL,2002,
GRL,2003,
GRL,2004,
GRL,2005,
GRL,2006,
GRL,2007,
GRL,2008,
GRL,2009,
GRL,2010,
GRL,2011,
GRL,2012,
GRL,2013,
GRL,2014,
GRL,2015,
GRL,2016,
GRL,2017,
GRL,2018,
GRL,2019,
GRL,2020,
GTM,1990,
GTM,1991,
GTM,1992,
GTM,1993,8.2477998733520508
GTM,1994,8.6020402908325195
GTM,1995,8.6581497192382795
GTM,1996,
GTM,1997,
GTM,1998,
GTM,1999,
GTM,2000,
GTM,2001,
GTM,2002,9.5020198822021502
GTM,2003,
GTM,2004,
GTM,2005,
GTM,2006,
GTM,2007,17.2977504730225
GTM,2008,
GTM,2009,15.0972604751587
GTM,2010,15.752311204905
GTM,2011,16.434437520498498
GTM,2012,16.8753678874298
GTM,2013,19.573703072087898
GTM,2014,18.255292159465
GTM,2015,21.9573684260954
GTM,2016,
GTM,2017,
GTM,2018,
GTM,2019,22.559501429792999
GTM,2020,
GUM,1990,
GUM,1991,
GUM,1992,
GUM,1993,
GUM,1994,
GUM,1995,
GUM,1996,
GUM,1997,
GUM,1998,
GUM,1999,
GUM,2000,
GUM,2001,
GUM,2002,
GUM,2003,
GUM,2004,
GUM,2005,
GUM,2006,
GUM,2007,
GUM,2008,
GUM,2009,
GUM,2010,
GUM,2011,
GUM,2012,
GUM,2013,
GUM,2014,
GUM,2015,
GUM,2016,
GUM,2017,
GUM,2018,
GUM,2019,
GUM,2020,
GUY,1990,5.6459898948669398
GUY,1991,
GUY,1992,
GUY,1993,
GUY,1994,9.5621004104614293
GUY,1995,8.9562101364135707
GUY,1996,10.041709899902299
GUY,1997,11.9156799316406
GUY,1998,
GUY,1999,
GUY,2000,
GUY,2001,
GUY,2002,
GUY,2003,7.1765899658203098
GUY,2004,10.3284902572632
GUY,2005,10.8724203109741
GUY,2006,10.994259834289601
GUY,2007,11.127860069274901
GUY,2008,10.614870071411101
GUY,2009,10.0790901184082
GUY,2010,10.9517002105713
GUY,2011,11.268690109252899
GUY,2012,11.7027597427368
GUY,2013,
GUY,2014,
GUY,2015,
GUY,2016,
GUY,2017,
GUY,2018,
GUY,2019,
GUY,2020,
HKG,1990,
HKG,1991,
HKG,1992,
HKG,1993,
HKG,1994,
HKG,1995,
HKG,1996,
HKG,1997,
HKG,1998,
HKG,1999,
HKG,2000,
HKG,2001,
HKG,2002,
HKG,2003,32.216850280761697
HKG,2004,32.296459197997997
HKG,2005,32.985488891601598
HKG,2006,33.722099304199197
HKG,2007,42.614299774169901
HKG,2008,55.8018608093262
HKG,2009,56.580551147460902
HKG,2010,59.0325529542921
HKG,2011,60.220837043633097
HKG,2012,60.952789699570801
HKG,2013,68.085898685403393
HKG,2014,69.688150628571407
HKG,2015,68.700871865654506
HKG,2016,70.331637939110095
HKG,2017,72.922851590964299
HKG,2018,78.246319601154596
HKG,2019,83.854211933577304
HKG,2020,89.947903822441404
HND,1990,9.2424802780151403
HND,1991,9.1654500961303693
HND,1992,9.4163904190063494
HND,1993,9.1237602233886701
HND,1994,9.9647998809814506
HND,1995,9.8144197463989293
HND,1996,10.3873300552368
HND,1997,11.054750442504901
HND,1998,12.7151498794556
HND,1999,12.4082698822022
HND,2000,12.869469642639199
HND,2001,
HND,2002,
HND,2003,15.888970375061
HND,2004,15.9416399002075
HND,2005,
HND,2006,
HND,2007,
HND,2008,17.530429840087901
HND,2009,
HND,2010,19.275755017564901
HND,2011,
HND,2012,18.9442917508647
HND,2013,19.447675926406198
HND,2014,19.724186524274799
HND,2015,20.315263911667099
HND,2016,21.002544222838399
HND,2017,24.558559915643599
HND,2018,26.383824205370502
HND,2019,25.323138260930399
HND,2020,
HRV,1990,
HRV,1991,
HRV,1992,
HRV,1993,
HRV,1994,
HRV,1995,
HRV,1996,
HRV,1997,
HRV,1998,
HRV,1999,
HRV,2000,
HRV,2001,36.374050140380902
HRV,2002,39.161830902099602
HRV,2003,42.3809814453125
HRV,2004,44.076221466064503
HRV,2005,47.294719696044901
HRV,2006,48.597511291503899
HRV,2007,50.530590057372997
HRV,2008,52.351451873779297
HRV,2009,51.958301544189503
HRV,2010,57.068599700927699
HRV,2011,59.338859558105497
HRV,2012,62.025661468505902
HRV,2013,66.711112976074205
HRV,2014,68.639251708984403
HRV,2015,68.441398620605497
HRV,2016,69.588951110839801
HRV,2017,71.377586364746094
HRV,2018,72.862541198730497
HRV,2019,74.050117492675795
HRV,2020,74.738037109375
HTI,1990,
HTI,1991,
HTI,1992,
HTI,1993,
HTI,1994,
HTI,1995,
HTI,1996,
HTI,1997,
HTI,1998,
HTI,1999,
HTI,2000,
HTI,2001,
HTI,2002,
HTI,2003,
HTI,2004,
HTI,2005,
HTI,2006,
HTI,2007,
HTI,2008,
HTI,2009,
HTI,2010,
HTI,2011,
HTI,2012,
HTI,2013,
HTI,2014,
HTI,2015,
HTI,2016,
HTI,2017,
HTI,2018,
HTI,2019,
HTI,2020,
HUN,1990,
HUN,1991,
HUN,1992,
HUN,1993,
HUN,1994,
HUN,1995,
HUN,1996,
HUN,1997,
HUN,1998,
HUN,1999,
HUN,2000,
HUN,2001,42.347888946533203
HUN,2002,47.357421875
HUN,2003,54.634639739990199
HUN,2004,61.5071411132812
HUN,2005,64.977401733398395
HUN,2006,66.398666381835895
HUN,2007,66.265296936035199
HUN,2008,63.973838806152301
HUN,2009,61.977169036865199
HUN,2010,60.7487602233887
HUN,2011,59.998489379882798
HUN,2012,60.6758003234863
HUN,2013,57.5212211608887
HUN,2014,53.424591064453097
HUN,2015,50.979740142822301
HUN,2016,50.736148834228501
HUN,2017,51.384059906005902
HUN,2018,52.562938690185497
HUN,2019,54.212291717529297
HUN,2020,56.607181549072301
IDN,1990,8.2950601577758807
IDN,1991,8.55126953125
IDN,1992,9.3784399032592791
IDN,1993,9.3396701812744105
IDN,1994,10.4964103698731
IDN,1995,11.301739692688001
IDN,1996,11.522290229797401
IDN,1997,13.3638401031494
IDN,1998,13.334799766540501
IDN,1999,14.6863803863525
IDN,2000,14.810640335083001
IDN,2001,14.1229801177978
IDN,2002,14.6824598312378
IDN,2003,15.772279739379901
IDN,2004,16.176630020141602
IDN,2005,16.696710586547901
IDN,2006,16.767240524291999
IDN,2007,17.5765991210938
IDN,2008,20.520950317382798
IDN,2009,22.693330764770501
IDN,2010,23.415908639846201
IDN,2011,25.027444191823001
IDN,2012,29.0425391195214
IDN,2013,29.894529174264999
IDN,2014,29.9904910473273
IDN,2015,32.459020043375801
IDN,2016,34.830717341087698
IDN,2017,35.967012362631003
IDN,2018,36.149487804258797
IDN,2019,37.323086272870299
IDN,2020,38.165060140692297
IMN,1990,
IMN,1991,
IMN,1992,
IMN,1993,
IMN,1994,
IMN,1995,
IMN,1996,
IMN,1997,
IMN,1998,
IMN,1999,
IMN,2000,
IMN,2001,
IMN,2002,
IMN,2003,
IMN,2004,
IMN,2005,
IMN,2006,
IMN,2007,
IMN,2008,
IMN,2009,
IMN,2010,
IMN,2011,
IMN,2012,
IMN,2013,
IMN,2014,
IMN,2015,
IMN,2016,
IMN,2017,
IMN,2018,
IMN,2019,
IMN,2020,
IND,1990,5.9302501678466797
IND,1991,6.0092802047729501
IND,1992,
IND,1993,
IND,1994,
IND,1995,5.4779801368713397
IND,1996,6.1985001564025897
IND,1997,6.4706802368164098
IND,1998,
IND,1999,
IND,2000,9.9382600784301793
IND,2001,10.027350425720201
IND,2002,10.5586500167847
IND,2003,11.057640075683601
IND,2004,11.3926801681519
IND,2005,11.1277303695679
IND,2006,11.9628095626831
IND,2007,13.6564798355103
IND,2008,15.648520469665501
IND,2009,16.6775093078613
IND,2010,18.697183130968298
IND,2011,23.825368422009699
IND,2012,24.940208260677899
IND,2013,24.390638443122999
IND,2014,25.991324706787999
IND,2015,27.284567707597802
IND,2016,27.304357385764298
IND,2017,27.909051904933399
IND,2018,28.531686529194602
IND,2019,29.023359390714301
IND,2020,29.8196397708424
IRL,1990,
IRL,1991,
IRL,1992,
IRL,1993,
IRL,1994,
IRL,1995,
IRL,1996,
IRL,1997,
IRL,1998,
IRL,1999,
IRL,2000,
IRL,2001,50.674800872802699
IRL,2002,53.534801483154297
IRL,2003,55.846168518066399
IRL,2004,58.921909332275398
IRL,2005,58.869319915771499
IRL,2006,58.4411811828613
IRL,2007,58.301990509033203
IRL,2008,54.017471313476598
IRL,2009,56.503978729247997
IRL,2010,63.126438140869098
IRL,2011,67.798591613769503
IRL,2012,68.197250366210895
IRL,2013,71.699546813964801
IRL,2014,73.813232421875
IRL,2015,77.232147216796903
IRL,2016,77.557136535644503
IRL,2017,77.519111633300795
IRL,2018,76.760467529296903
IRL,2019,74.444580078125
IRL,2020,74.196197509765597
IRN,1990,
IRN,1991,
IRN,1992,
IRN,1993,
IRN,1994,
IRN,1995,17.336959838867202
IRN,1996,18.963239669799801
IRN,1997,
IRN,1998,
IRN,1999,18.792560577392599
IRN,2000,18.780179977416999
IRN,2001,19.491880416870099
IRN,2002,18.2758693695068
IRN,2003,19.405790328979499
IRN,2004,21.370679855346701
IRN,2005,22.684190750122099
IRN,2006,25.3070392608643
IRN,2007,29.8213806152344
IRN,2008,36.193939208984403
IRN,2009,36.483318328857401
IRN,2010,42.548221588134801
IRN,2011,48.059608459472699
IRN,2012,53.9002494812012
IRN,2013,56.463268280029297
IRN,2014,64.499908447265597
IRN,2015,70.685852050781193
IRN,2016,67.911231994628906
IRN,2017,66.351448059082003
IRN,2018,60.861148834228501
IRN,2019,58.116950988769503
IRN,2020,55.636669158935497
IRQ,1990,
IRQ,1991,
IRQ,1992,
IRQ,1993,
IRQ,1994,
IRQ,1995,
IRQ,1996,
IRQ,1997,
IRQ,1998,
IRQ,1999,11.6204996109009
IRQ,2000,12.0502004623413
IRQ,2001,
IRQ,2002,12.6159200668335
IRQ,2003,
IRQ,2004,15.510490417480501
IRQ,2005,15.5580997467041
IRQ,2006,
IRQ,2007,
IRQ,2008,
IRQ,2009,
IRQ,2010,
IRQ,2011,
IRQ,2012,
IRQ,2013,
IRQ,2014,
IRQ,2015,
IRQ,2016,
IRQ,2017,
IRQ,2018,
IRQ,2019,
IRQ,2020,
ISL,1990,25.3219699859619
ISL,1991,25.3714694976807
ISL,1992,30.096229553222699
ISL,1993,27.501939773559599
ISL,1994,33.689689636230497
ISL,1995,35.516761779785199
ISL,1996,35.735431671142599
ISL,1997,37.476898193359403
ISL,1998,39.213790893554702
ISL,1999,41.310291290283203
ISL,2000,45.917449951171903
ISL,2001,46.9373588562012
ISL,2002,52.6091117858887
ISL,2003,60.026981353759801
ISL,2004,66.582176208496094
ISL,2005,69.832427978515597
ISL,2006,72.968208312988295
ISL,2007,73.137016296386705
ISL,2008,73.575469970703097
ISL,2009,72.467552185058594
ISL,2010,78.503089904785199
ISL,2011,79.919418334960895
ISL,2012,79.582481384277301
ISL,2013,78.372390747070298
ISL,2014,80.395088195800795
ISL,2015,75.641998291015597
ISL,2016,74.700630187988295
ISL,2017,71.337249755859403
ISL,2018,69.340232849121094
ISL,2019,70.609352111816406
ISL,2020,74.590606689453097
ISR,1990,
ISR,1991,
ISR,1992,
ISR,1993,
ISR,1994,
ISR,1995,
ISR,1996,
ISR,1997,
ISR,1998,
ISR,1999,
ISR,2000,
ISR,2001,51.114711761474602
ISR,2002,55.835811614990199
ISR,2003,55.207328796386697
ISR,2004,54.502670288085902
ISR,2005,55.645191192627003
ISR,2006,54.733139038085902
ISR,2007,57.309848785400398
ISR,2008,56.778900146484403
ISR,2009,59.5300903320312
ISR,2010,62.128570556640597
ISR,2011,62.760448455810497
ISR,2012,64.2354736328125
ISR,2013,62.651939392089801
ISR,2014,62.622440338134801
ISR,2015,61.6271781921387
ISR,2016,61.442649841308601
ISR,2017,60.343460083007798
ISR,2018,58.610988616943402
ISR,2019,57.456451416015597
ISR,2020,57.633861541747997
ITA,1990,
ITA,1991,
ITA,1992,
ITA,1993,
ITA,1994,
ITA,1995,
ITA,1996,
ITA,1997,
ITA,1998,
ITA,1999,
ITA,2000,
ITA,2001,53.453189849853501
ITA,2002,56.315391540527301
ITA,2003,60.005588531494098
ITA,2004,63.332729339599602
ITA,2005,65.3270263671875
ITA,2006,67.283508300781193
ITA,2007,68.872596740722699
ITA,2008,67.579986572265597
ITA,2009,66.951629638671903
ITA,2010,65.379043579101605
ITA,2011,64.249252319335895
ITA,2012,62.344741821289098
ITA,2013,60.892528533935497
ITA,2014,60.883148193359403
ITA,2015,60.941291809082003
ITA,2016,61.357101440429702
ITA,2017,62.69580078125
ITA,2018,64.475326538085895
ITA,2019,65.689506530761705
ITA,2020,68.723106384277301
JAM,1990,
JAM,1991,6.8257799148559597
JAM,1992,6.7787399291992196
JAM,1993,
JAM,1994,
JAM,1995,
JAM,1996,
JAM,1997,
JAM,1998,
JAM,1999,8.5578899383544904
JAM,2000,13.8694095611572
JAM,2001,16.0548496246338
JAM,2002,16.848789215087901
JAM,2003,18.8019199371338
JAM,2004,18.998319625854499
JAM,2005,17.27659034729
JAM,2006,17.268659591674801
JAM,2007,
JAM,2008,22.319290161132798
JAM,2009,22.232139587402301
JAM,2010,25.377089060949501
JAM,2011,24.768462549277299
JAM,2012,27.068678107253799
JAM,2013,25.621214781761399
JAM,2014,
JAM,2015,26.233414282194801
JAM,2016,
JAM,2017,
JAM,2018,
JAM,2019,
JAM,2020,
JOR,1990,19.661899566650401
JOR,1991,19.519210815429702
JOR,1992,19.446609497070298
JOR,1993,19.5052795410156
JOR,1994,18.214500427246101
JOR,1995,18.074100494384801
JOR,1996,20.210929870605501
JOR,1997,23.0235805511475
JOR,1998,
JOR,1999,
JOR,2000,28.796810150146499
JOR,2001,
JOR,2002,32.278400421142599
JOR,2003,36.055820465087898
JOR,2004,40.467830657958999
JOR,2005,39.707489013671903
JOR,2006,37.866401672363303
JOR,2007,38.733840942382798
JOR,2008,41.3684692382812
JOR,2009,42.063018798828097
JOR,2010,37.758133745582803
JOR,2011,37.421638632728502
JOR,2012,43.916146412934701
JOR,2013,
JOR,2014,
JOR,2015,36.628427876253902
JOR,2016,34.061263563699498
JOR,2017,28.621057099162201
JOR,2018,31.5562985544301
JOR,2019,30.110840389455799
JOR,2020,30.287966560531899
JPN,1990,
JPN,1991,
JPN,1992,
JPN,1993,
JPN,1994,
JPN,1995,
JPN,1996,
JPN,1997,
JPN,1998,
JPN,1999,
JPN,2000,
JPN,2001,
JPN,2002,
JPN,2003,
JPN,2004,
JPN,2005,
JPN,2006,
JPN,2007,
JPN,2008,
JPN,2009,
JPN,2010,
JPN,2011,
JPN,2012,
JPN,2013,62.642269134521499
JPN,2014,62.833488464355497
JPN,2015,62.4498481750488
JPN,2016,62.4975395202637
JPN,2017,63.287540435791001
JPN,2018,62.605850219726598
JPN,2019,62.400840759277301
JPN,2020,62.298740386962898
KAZ,1990,37.299850463867202
KAZ,1991,36.371498107910199
KAZ,1992,35.255630493164098
KAZ,1993,
KAZ,1994,32.866561889648402
KAZ,1995,33.145458221435497
KAZ,1996,29.1463108062744
KAZ,1997,
KAZ,1998,
KAZ,1999,24.027830123901399
KAZ,2000,30.799259185791001
KAZ,2001,
KAZ,2002,
KAZ,2003,
KAZ,2004,
KAZ,2005,
KAZ,2006,54.524059295654297
KAZ,2007,
KAZ,2008,
KAZ,2009,
KAZ,2010,46.722933047658699
KAZ,2011,50.427509492136899
KAZ,2012,52.152503723069202
KAZ,2013,45.866927637986201
KAZ,2014,51.087773365565702
KAZ,2015,48.346457502364402
KAZ,2016,46.049225882067397
KAZ,2017,49.971209228359498
KAZ,2018,51.966263958706399
KAZ,2019,57.342112378135099
KAZ,2020,62.292137367231902
KEN,1990,
KEN,1991,
KEN,1992,
KEN,1993,
KEN,1994,
KEN,1995,
KEN,1996,
KEN,1997,
KEN,1998,
KEN,1999,
KEN,2000,2.8150100708007799
KEN,2001,2.8829998970031698
KEN,2002,2.87671995162964
KEN,2003,
KEN,2004,2.9626700878143302
KEN,2005,3.0009999275207502
KEN,2006,
KEN,2007,
KEN,2008,
KEN,2009,3.9923000335693399
KEN,2010,
KEN,2011,
KEN,2012,
KEN,2013,
KEN,2014,
KEN,2015,9.2531949618872105
KEN,2016,11.6347883294504
KEN,2017,11.8049232142021
KEN,2018,
KEN,2019,10.4975595474243
KEN,2020,
KGZ,1990,26.2876701354981
KGZ,1991,24.896409988403299
KGZ,1992,23.962730407714801
KGZ,1993,22.096599578857401
KGZ,1994,21.560869216918899
KGZ,1995,20.6899299621582
KGZ,1996,21.920330047607401
KGZ,1997,23.8372802734375
KGZ,1998,27.400499343872099
KGZ,1999,28.0213508605957
KGZ,2000,33.69287109375
KGZ,2001,39.267208099365199
KGZ,2002,42.228118896484403
KGZ,2003,39.491138458252003
KGZ,2004,39.111000061035199
KGZ,2005,40.615779876708999
KGZ,2006,41.6426811218262
KGZ,2007,41.453739166259801
KGZ,2008,45.584220886230497
KGZ,2009,43.432868957519503
KGZ,2010,42.218204264543601
KGZ,2011,42.437471413981299
KGZ,2012,45.233062911578102
KGZ,2013,48.572789039019803
KGZ,2014,46.360320327803002
KGZ,2015,46.549589023795598
KGZ,2016,44.588603678737599
KGZ,2017,41.5760302696793
KGZ,2018,39.5679556504749
KGZ,2019,40.825700063854299
KGZ,2020,45.332784083034298
KHM,1990,0.68598002195358299
KHM,1991,0.82029002904892001
KHM,1992,1.07730996608734
KHM,1993,1.3053499460220299
KHM,1994,1.5178799629211399
KHM,1995,1.53399002552032
KHM,1996,1.79530000686646
KHM,1997,1.22730004787445
KHM,1998,
KHM,1999,
KHM,2000,1.8655799627304099
KHM,2001,1.9791300296783401
KHM,2002,2.3366100788116499
KHM,2003,3.0146000385284402
KHM,2004,3.0734400749206499
KHM,2005,3.7703599929809601
KHM,2006,6.2000598907470703
KHM,2007,7.6741700172424299
KHM,2008,8.9299497604370099
KHM,2009,10.6747398376465
KHM,2010,12.1998596191406
KHM,2011,11.4902860215331
KHM,2012,
KHM,2013,
KHM,2014,
KHM,2015,13.615484963166001
KHM,2016,
KHM,2017,12.518152998186199
KHM,2018,13.267173707776299
KHM,2019,12.940984675469601
KHM,2020,13.876757374713501
KIR,1990,
KIR,1991,
KIR,1992,
KIR,1993,
KIR,1994,
KIR,1995,
KIR,1996,
KIR,1997,
KIR,1998,
KIR,1999,
KIR,2000,
KIR,2001,
KIR,2002,
KIR,2003,
KIR,2004,
KIR,2005,
KIR,2006,
KIR,2007,
KIR,2008,
KIR,2009,
KIR,2010,
KIR,2011,
KIR,2012,
KIR,2013,
KIR,2014,
KIR,2015,
KIR,2016,
KIR,2017,
KIR,2018,
KIR,2019,
KIR,2020,
KNA,1990,
KNA,1991,
KNA,1992,6.1207799911498997
KNA,1993,10.4815101623535
KNA,1994,
KNA,1995,
KNA,1996,
KNA,1997,
KNA,1998,
KNA,1999,
KNA,2000,
KNA,2001,
KNA,2002,
KNA,2003,
KNA,2004,
KNA,2005,
KNA,2006,
KNA,2007,
KNA,2008,19.884260177612301
KNA,2009,
KNA,2010,
KNA,2011,
KNA,2012,
KNA,2013,
KNA,2014,90.959999084472699
KNA,2015,93.92236328125
KNA,2016,
KNA,2017,
KNA,2018,
KNA,2019,
KNA,2020,
KOR,1990,
KOR,1991,
KOR,1992,
KOR,1993,
KOR,1994,
KOR,1995,
KOR,1996,
KOR,1997,
KOR,1998,
KOR,1999,
KOR,2000,74.689857482910199
KOR,2001,77.343353271484403
KOR,2002,80.716049194335895
KOR,2003,84.456390380859403
KOR,2004,89.8009033203125
KOR,2005,95.370010375976605
KOR,2006,99.949310302734403
KOR,2007,102.949272155762
KOR,2008,103.136177062988
KOR,2009,102.658447265625
KOR,2010,101.673286437988
KOR,2011,100.81967926025401
KOR,2012,98.286979675292997
KOR,2013,96.337501525878906
KOR,2014,94.442169189453097
KOR,2015,93.9676513671875
KOR,2016,93.657722473144503
KOR,2017,93.7230224609375
KOR,2018,93.328178405761705
KOR,2019,93.998916625976605
KOR,2020,96.876770019531193
KWT,1990,12.6500101089478
KWT,1991,
KWT,1992,16.093009948730501
KWT,1993,15.538499832153301
KWT,1994,17.941469192504901
KWT,1995,22.5260505676269
KWT,1996,23.085889816284201
KWT,1997,21.098960876464801
KWT,1998,
KWT,1999,19.7340202331543
KWT,2000,
KWT,2001,18.3207397460938
KWT,2002,19.2795295715332
KWT,2003,19.5890598297119
KWT,2004,19.9746398925781
KWT,2005,
KWT,2006,
KWT,2007,
KWT,2008,
KWT,2009,
KWT,2010,
KWT,2011,
KWT,2012,
KWT,2013,
KWT,2014,55.893130577115997
KWT,2015,58.943455497382203
KWT,2016,59.221339421459597
KWT,2017,54.915962235926699
KWT,2018,52.106689360177398
KWT,2019,50.440059529918898
KWT,2020,53.731878917366998
LAO,1990,1.1159199476242101
LAO,1991,
LAO,1992,
LAO,1993,1.3179399967193599
LAO,1994,1.30735003948212
LAO,1995,1.6336599588394201
LAO,1996,2.36982989311218
LAO,1997,2.52199006080627
LAO,1998,2.0058300495147701
LAO,1999,2.3097701072692902
LAO,2000,2.6469199657440199
LAO,2001,3.0471398830413801
LAO,2002,4.0591602325439498
LAO,2003,4.7972598075866699
LAO,2004,5.5794301033020002
LAO,2005,7.6012802124023402
LAO,2006,8.7862596511840803
LAO,2007,11.2626600265503
LAO,2008,13.078300476074199
LAO,2009,16.2123508453369
LAO,2010,16.6638298034668
LAO,2011,17.495469642316099
LAO,2012,17.330766926856001
LAO,2013,18.922444877262102
LAO,2014,18.4954952643985
LAO,2015,18.1574846273063
LAO,2016,17.088071946177099
LAO,2017,15.411257733938401
LAO,2018,14.4969749098337
LAO,2019,13.7404020217342
LAO,2020,12.561911777868
LBN,1990,
LBN,1991,
LBN,1992,23.675479888916001
LBN,1993,
LBN,1994,
LBN,1995,
LBN,1996,21.619470596313501
LBN,1997,
LBN,1998,
LBN,1999,28.091859817504901
LBN,2000,28.109479904174801
LBN,2001,31.808469772338899
LBN,2002,33.239940643310497
LBN,2003,33.000770568847699
LBN,2004,34.897731781005902
LBN,2005,36.915519714355497
LBN,2006,38.105541229247997
LBN,2007,40.491691589355497
LBN,2008,41.774620056152301
LBN,2009,41.896389007568402
LBN,2010,42.177703108324401
LBN,2011,45.535121832399597
LBN,2012,44.932611762118398
LBN,2013,48.308921326346102
LBN,2014,42.935340881347699
LBN,2015,39.2905242294107
LBN,2016,42.507477145690899
LBN,2017,44.1878772500135
LBN,2018,47.2296269060678
LBN,2019,50.148393710421502
LBN,2020,51.567733764394198
LBR,1990,
LBR,1991,
LBR,1992,
LBR,1993,
LBR,1994,
LBR,1995,
LBR,1996,
LBR,1997,
LBR,1998,
LBR,1999,7.7649497985839799
LBR,2000,18.5271492004394
LBR,2001,
LBR,2002,
LBR,2003,
LBR,2004,
LBR,2005,
LBR,2006,
LBR,2007,
LBR,2008,
LBR,2009,
LBR,2010,9.0075300475270303
LBR,2011,
LBR,2012,10.838520055325001
LBR,2013,
LBR,2014,
LBR,2015,
LBR,2016,
LBR,2017,
LBR,2018,
LBR,2019,
LBR,2020,
LBY,1990,11.216500282287599
LBY,1991,
LBY,1992,14.902469635009799
LBY,1993,
LBY,1994,
LBY,1995,
LBY,1996,
LBY,1997,
LBY,1998,
LBY,1999,50.361869812011697
LBY,2000,46.539390563964801
LBY,2001,51.064220428466797
LBY,2002,56.240291595458999
LBY,2003,58.543701171875
LBY,2004,
LBY,2005,
LBY,2006,
LBY,2007,
LBY,2008,
LBY,2009,
LBY,2010,
LBY,2011,
LBY,2012,
LBY,2013,
LBY,2014,
LBY,2015,
LBY,2016,
LBY,2017,
LBY,2018,
LBY,2019,
LBY,2020,
LCA,1990,
LCA,1991,
LCA,1992,
LCA,1993,5.7067899703979501
LCA,1994,
LCA,1995,
LCA,1996,17.305160522460898
LCA,1997,
LCA,1998,
LCA,1999,
LCA,2000,
LCA,2001,
LCA,2002,
LCA,2003,
LCA,2004,13.3422899246216
LCA,2005,12.7918500900269
LCA,2006,9.5215797424316406
LCA,2007,8.4623098373413104
LCA,2008,15.7249202728272
LCA,2009,17.469539642333999
LCA,2010,12.4684000015259
LCA,2011,16.2693996429443
LCA,2012,10.2734699249268
LCA,2013,14.0192003250122
LCA,2014,17.0831794738769
LCA,2015,17.030109405517599
LCA,2016,19.799200057983398
LCA,2017,20.747129440307599
LCA,2018,14.656359672546399
LCA,2019,15.9467096328735
LCA,2020,16.819969177246101
LIE,1990,
LIE,1991,
LIE,1992,
LIE,1993,
LIE,1994,
LIE,1995,
LIE,1996,
LIE,1997,
LIE,1998,
LIE,1999,
LIE,2000,
LIE,2001,
LIE,2002,
LIE,2003,20.7547206878662
LIE,2004,24.606849670410199
LIE,2005,24.477470397949201
LIE,2006,29.81715965271
LIE,2007,31.596239089965799
LIE,2008,36.730949401855497
LIE,2009,34.492221832275398
LIE,2010,36.018310546875
LIE,2011,43.675098419189503
LIE,2012,42.496681213378899
LIE,2013,
LIE,2014,37.4887084960938
LIE,2015,33.542041778564503
LIE,2016,35.022621154785199
LIE,2017,35.6219291687012
LIE,2018,38.300270080566399
LIE,2019,41.165840148925803
LIE,2020,42.598609924316399
LKA,1990,
LKA,1991,
LKA,1992,
LKA,1993,
LKA,1994,4.7503800392150897
LKA,1995,
LKA,1996,
LKA,1997,
LKA,1998,
LKA,1999,
LKA,2000,
LKA,2001,
LKA,2002,
LKA,2003,
LKA,2004,
LKA,2005,
LKA,2006,
LKA,2007,
LKA,2008,
LKA,2009,
LKA,2010,15.844056345057799
LKA,2011,14.672718915633601
LKA,2012,16.322805343317
LKA,2013,17.7655041707891
LKA,2014,17.870191967823398
LKA,2015,18.172645919768598
LKA,2016,17.1510485178135
LKA,2017,17.1941300290821
LKA,2018,17.886975677811201
LKA,2019,19.4563160693078
LKA,2020,20.161487934302201
LSO,1990,1.2095099687576301
LSO,1991,1.2419899702072099
LSO,1992,2.1456298828125
LSO,1993,2.2732200622558598
LSO,1994,2.42086005210877
LSO,1995,2.3624999523162802
LSO,1996,2.4086999893188499
LSO,1997,
LSO,1998,
LSO,1999,1.9327600002288801
LSO,2000,2.08551001548767
LSO,2001,2.2731299400329599
LSO,2002,2.2450098991393999
LSO,2003,2.7027900218963601
LSO,2004,
LSO,2005,3.44801998138428
LSO,2006,3.6753699779510498
LSO,2007,
LSO,2008,
LSO,2009,
LSO,2010,
LSO,2011,
LSO,2012,10.852841813246201
LSO,2013,10.455838599691599
LSO,2014,10.4168970963646
LSO,2015,9.7251775437462396
LSO,2016,
LSO,2017,10.3130654092878
LSO,2018,9.9384429803358199
LSO,2019,
LSO,2020,
LTU,1990,
LTU,1991,
LTU,1992,
LTU,1993,
LTU,1994,
LTU,1995,
LTU,1996,
LTU,1997,
LTU,1998,
LTU,1999,
LTU,2000,
LTU,2001,57.347610473632798
LTU,2002,63.070079803466797
LTU,2003,69.630416870117202
LTU,2004,74.901382446289105
LTU,2005,79.729812622070298
LTU,2006,82.453178405761705
LTU,2007,82.515830993652301
LTU,2008,85.745086669921903
LTU,2009,89.252166748046903
LTU,2010,86.572570800781193
LTU,2011,84.055587768554702
LTU,2012,79.751632690429702
LTU,2013,74.396820068359403
LTU,2014,72.034538269042997
LTU,2015,72.1163330078125
LTU,2016,74.085830688476605
LTU,2017,76.538978576660199
LTU,2018,77.357772827148395
LTU,2019,75.094230651855497
LTU,2020,73.589286804199205
LUX,1990,
LUX,1991,
LUX,1992,
LUX,1993,
LUX,1994,
LUX,1995,
LUX,1996,
LUX,1997,
LUX,1998,
LUX,1999,
LUX,2000,
LUX,2001,9.9181604385375994
LUX,2002,11.631099700927701
LUX,2003,12.0609903335571
LUX,2004,
LUX,2005,
LUX,2006,9.85431003570557
LUX,2007,
LUX,2008,10.6716299057007
LUX,2009,
LUX,2010,18.2021293640137
LUX,2011,
LUX,2012,19.117790222168001
LUX,2013,
LUX,2014,
LUX,2015,20.2907104492188
LUX,2016,19.9203605651856
LUX,2017,19.5990200042725
LUX,2018,19.3915195465088
LUX,2019,19.396949768066399
LUX,2020,19.961389541626001
LVA,1990,
LVA,1991,
LVA,1992,
LVA,1993,
LVA,1994,
LVA,1995,
LVA,1996,
LVA,1997,
LVA,1998,
LVA,1999,
LVA,2000,
LVA,2001,63.4917602539062
LVA,2002,67.809303283691406
LVA,2003,71.034240722656193
LVA,2004,74.608558654785199
LVA,2005,75.419197082519503
LVA,2006,74.596511840820298
LVA,2007,73.043296813964801
LVA,2008,72.363540649414105
LVA,2009,73.054893493652301
LVA,2010,69.051040649414105
LVA,2011,67.953468322753906
LVA,2012,66.643547058105497
LVA,2013,69.076599121093807
LVA,2014,70.897941589355497
LVA,2015,74.299880981445298
LVA,2016,80.604812622070298
LVA,2017,88.057426452636705
LVA,2018,93.024482727050795
LVA,2019,94.864532470703097
LVA,2020,94.510833740234403
MAC,1990,
MAC,1991,
MAC,1992,
MAC,1993,
MAC,1994,
MAC,1995,
MAC,1996,
MAC,1997,
MAC,1998,
MAC,1999,
MAC,2000,
MAC,2001,50.430580139160199
MAC,2002,66.037551879882798
MAC,2003,80.227203369140597
MAC,2004,69.072540283203097
MAC,2005,57.060718536377003
MAC,2006,49.775600433349602
MAC,2007,46.432178497314503
MAC,2008,48.17041015625
MAC,2009,56.214748382568402
MAC,2010,63.404246165759602
MAC,2011,70.346210584547293
MAC,2012,53.934740882917502
MAC,2013,61.861915367483299
MAC,2014,69.298122065727696
MAC,2015,76.1658415841584
MAC,2016,79.924999999999997
MAC,2017,81.265508684863505
MAC,2018,76.793503480278403
MAC,2019,80.091121495327101
MAC,2020,86.795673076923094
MAF,1990,
MAF,1991,
MAF,1992,
MAF,1993,
MAF,1994,
MAF,1995,
MAF,1996,
MAF,1997,
MAF,1998,
MAF,1999,
MAF,2000,
MAF,2001,
MAF,2002,
MAF,2003,
MAF,2004,
MAF,2005,
MAF,2006,
MAF,2007,
MAF,2008,
MAF,2009,
MAF,2010,
MAF,2011,
MAF,2012,
MAF,2013,
MAF,2014,
MAF,2015,
MAF,2016,
MAF,2017,
MAF,2018,
MAF,2019,
MAF,2020,
MAR,1990,10.6727600097656
MAR,1991,10.548259735107401
MAR,1992,10.2783403396606
MAR,1993,10.642609596252401
MAR,1994,10.7795495986938
MAR,1995,11.2644500732422
MAR,1996,
MAR,1997,11.553009986877401
MAR,1998,9.1035203933715803
MAR,1999,9.5448303222656197
MAR,2000,10.146120071411101
MAR,2001,10.5071296691894
MAR,2002,10.6168403625488
MAR,2003,11.041500091552701
MAR,2004,11.135800361633301
MAR,2005,11.69873046875
MAR,2006,12.1653699874878
MAR,2007,11.603919982910201
MAR,2008,12.6373701095581
MAR,2009,13.0986795425415
MAR,2010,13.9896441158412
MAR,2011,15.8539977340994
MAR,2012,19.047228248907299
MAR,2013,22.4068908691406
MAR,2014,25.311241503142199
MAR,2015,28.551913057315399
MAR,2016,32.095257924323903
MAR,2017,33.473543309070301
MAR,2018,35.319186358341
MAR,2019,37.721202138248103
MAR,2020,39.685804757444501
MCO,1990,
MCO,1991,
MCO,1992,
MCO,1993,
MCO,1994,
MCO,1995,
MCO,1996,
MCO,1997,
MCO,1998,
MCO,1999,
MCO,2000,
MCO,2001,
MCO,2002,
MCO,2003,
MCO,2004,
MCO,2005,
MCO,2006,
MCO,2007,
MCO,2008,
MCO,2009,
MCO,2010,
MCO,2011,
MCO,2012,
MCO,2013,
MCO,2014,
MCO,2015,
MCO,2016,53.566799163818402
MCO,2017,
MCO,2018,
MCO,2019,
MCO,2020,
MDA,1990,
MDA,1991,
MDA,1992,
MDA,1993,
MDA,1994,
MDA,1995,
MDA,1996,
MDA,1997,
MDA,1998,
MDA,1999,
MDA,2000,
MDA,2001,
MDA,2002,
MDA,2003,
MDA,2004,
MDA,2005,
MDA,2006,
MDA,2007,
MDA,2008,
MDA,2009,
MDA,2010,38.145363114739702
MDA,2011,39.448043011541898
MDA,2012,40.108641499124097
MDA,2013,41.277170890534499
MDA,2014,52.151516238366
MDA,2015,52.100051911930699
MDA,2016,52.843582378437397
MDA,2017,51.949029139352497
MDA,2018,52.842309205945597
MDA,2019,54.781204803067503
MDA,2020,56.249819661251699
MDG,1990,3.2331900596618599
MDG,1991,3.0056200027465798
MDG,1992,
MDG,1993,3.3256499767303498
MDG,1994,2.7063000202178999
MDG,1995,2.1876099109649698
MDG,1996,2.03707003593445
MDG,1997,1.8317400217056301
MDG,1998,2.0486900806427002
MDG,1999,1.99398005008698
MDG,2000,2.0237300395965598
MDG,2001,1.89465999603272
MDG,2002,1.92859995365143
MDG,2003,2.0998899936675999
MDG,2004,2.4406800270080602
MDG,2005,2.5462899208068901
MDG,2006,2.74632000923157
MDG,2007,3.1345300674438499
MDG,2008,3.2357299327850302
MDG,2009,3.4488999843597399
MDG,2010,3.6103285542536199
MDG,2011,3.99246757065153
MDG,2012,4.0498758355239204
MDG,2013,4.1867200532139996
MDG,2014,4.6853314408228401
MDG,2015,4.6590465223784499
MDG,2016,4.6583858057242997
MDG,2017,5.0752505806979702
MDG,2018,5.1187784920079098
MDG,2019,5.2858600616455096
MDG,2020,5.1733611727584101
MDV,1990,
MDV,1991,
MDV,1992,
MDV,1993,
MDV,1994,
MDV,1995,
MDV,1996,
MDV,1997,
MDV,1998,
MDV,1999,
MDV,2000,
MDV,2001,
MDV,2002,
MDV,2003,0.21356999874115001
MDV,2004,
MDV,2005,
MDV,2006,
MDV,2007,10.327050209045399
MDV,2008,11.3926296234131
MDV,2009,
MDV,2010,
MDV,2011,
MDV,2012,
MDV,2013,
MDV,2014,13.6843761236965
MDV,2015,
MDV,2016,
MDV,2017,33.329498124582898
MDV,2018,
MDV,2019,24.648005968856101
MDV,2020,27.080581241743701
MEX,1990,
MEX,1991,
MEX,1992,
MEX,1993,
MEX,1994,
MEX,1995,
MEX,1996,
MEX,1997,
MEX,1998,
MEX,1999,
MEX,2000,20.5259704589844
MEX,2001,21.377639770507798
MEX,2002,22.3153591156006
MEX,2003,23.0477905273438
MEX,2004,23.703149795532202
MEX,2005,24.130989074706999
MEX,2006,24.5689697265625
MEX,2007,25.1474304199219
MEX,2008,25.7789402008057
MEX,2009,26.2105903625488
MEX,2010,27.167020797729499
MEX,2011,28.036159515380898
MEX,2012,29.3496494293213
MEX,2013,30.3301601409912
MEX,2014,31.2052898406982
MEX,2015,31.971860885620099
MEX,2016,38.589771270752003
MEX,2017,40.339069366455099
MEX,2018,41.638278961181598
MEX,2019,43.044139862060497
MEX,2020,45.165451049804702
MHL,1990,
MHL,1991,
MHL,1992,
MHL,1993,
MHL,1994,
MHL,1995,
MHL,1996,
MHL,1997,
MHL,1998,
MHL,1999,
MHL,2000,
MHL,2001,
MHL,2002,16.047630310058601
MHL,2003,
MHL,2004,
MHL,2005,
MHL,2006,
MHL,2007,
MHL,2008,
MHL,2009,
MHL,2010,
MHL,2011,
MHL,2012,29.366306027820698
MHL,2013,
MHL,2014,
MHL,2015,34.320987654321002
MHL,2016,36.660929432013802
MHL,2017,
MHL,2018,
MHL,2019,37.3626373626374
MHL,2020,
MKD,1990,17.011049270629901
MKD,1991,15.430500030517599
MKD,1992,15.9333200454712
MKD,1993,15.906629562377899
MKD,1994,16.903459548950199
MKD,1995,18.175849914550799
MKD,1996,18.3413791656494
MKD,1997,18.966619491577099
MKD,1998,19.633279800415
MKD,1999,21.361530303955099
MKD,2000,22.4084796905518
MKD,2001,24.362869262695298
MKD,2002,26.807289123535199
MKD,2003,27.822059631347699
MKD,2004,28.2504692077637
MKD,2005,29.7906494140625
MKD,2006,29.252599716186499
MKD,2007,35.243289947509801
MKD,2008,39.638851165771499
MKD,2009,39.837718963622997
MKD,2010,38.147590637207003
MKD,2011,
MKD,2012,39.796108245849602
MKD,2013,38.949901580810497
MKD,2014,39.321491241455099
MKD,2015,42.081180572509801
MKD,2016,
MKD,2017,43.509769439697301
MKD,2018,43.854789733886697
MKD,2019,43.199100494384801
MKD,2020,43.782169342041001
MLI,1990,0.61520999670028698
MLI,1991,0.59588998556137096
MLI,1992,0.75949001312255904
MLI,1993,0.87980997562408403
MLI,1994,
MLI,1995,0.90017002820968595
MLI,1996,1.00970995426178
MLI,1997,1.38881003856659
MLI,1998,1.35441994667053
MLI,1999,1.7500699758529701
MLI,2000,1.7769199609756501
MLI,2001,1.8902399539947501
MLI,2002,1.88522005081177
MLI,2003,
MLI,2004,
MLI,2005,
MLI,2006,
MLI,2007,
MLI,2008,4.79010009765625
MLI,2009,5.2962598800659197
MLI,2010,5.5058949588522701
MLI,2011,4.9689688864116901
MLI,2012,6.4186174542873804
MLI,2013,5.9412350178915503
MLI,2014,5.5350488267807902
MLI,2015,5.1275094117393198
MLI,2016,
MLI,2017,
MLI,2018,
MLI,2019,
MLI,2020,
MLT,1990,
MLT,1991,
MLT,1992,
MLT,1993,
MLT,1994,
MLT,1995,
MLT,1996,
MLT,1997,
MLT,1998,
MLT,1999,
MLT,2000,
MLT,2001,24.994949340820298
MLT,2002,24.255689620971701
MLT,2003,30.086769104003899
MLT,2004,26.623569488525401
MLT,2005,32.205360412597699
MLT,2006,31.2252807617188
MLT,2007,34.669071197509801
MLT,2008,33.321609497070298
MLT,2009,35.787868499755902
MLT,2010,36.834419250488303
MLT,2011,39.448661804199197
MLT,2012,42.547328948974602
MLT,2013,44.481391906738303
MLT,2014,45.410350799560497
MLT,2015,48.038970947265597
MLT,2016,49.217189788818402
MLT,2017,54.089019775390597
MLT,2018,57.8407592773438
MLT,2019,58.498508453369098
MLT,2020,61.476711273193402
MMR,1990,5.3570299148559597
MMR,1991,
MMR,1992,4.6560001373290998
MMR,1993,5.7301697731018102
MMR,1994,5.4682698249816903
MMR,1995,5.6351599693298304
MMR,1996,
MMR,1997,
MMR,1998,7.3606200218200701
MMR,1999,
MMR,2000,
MMR,2001,11.6847896575928
MMR,2002,
MMR,2003,
MMR,2004,
MMR,2005,
MMR,2006,
MMR,2007,11.050809860229499
MMR,2008,
MMR,2009,
MMR,2010,
MMR,2011,14.3246002197266
MMR,2012,13.7377004623413
MMR,2013,
MMR,2014,
MMR,2015,
MMR,2016,
MMR,2017,
MMR,2018,20.372329711914102
MMR,2019,
MMR,2020,
MNE,1990,
MNE,1991,
MNE,1992,
MNE,1993,
MNE,1994,
MNE,1995,
MNE,1996,
MNE,1997,
MNE,1998,
MNE,1999,
MNE,2000,18.111270904541001
MNE,2001,18.9315395355225
MNE,2002,17.718500137329102
MNE,2003,18.680089950561499
MNE,2004,22.109699249267599
MNE,2005,24.9292507171631
MNE,2006,29.194290161132798
MNE,2007,36.327491760253899
MNE,2008,43.55712890625
MNE,2009,51.660140991210902
MNE,2010,55.296348571777301
MNE,2011,59.011508941650398
MNE,2012,60.309249877929702
MNE,2013,60.434768676757798
MNE,2014,63.219638824462898
MNE,2015,63.937271118164098
MNE,2016,59.183921813964801
MNE,2017,60.910221099853501
MNE,2018,58.183151245117202
MNE,2019,56.263320922851598
MNE,2020,58.094470977783203
MNG,1990,18.552860260009801
MNG,1991,16.260929107666001
MNG,1992,14.437390327453601
MNG,1993,12.4017696380615
MNG,1994,12.822790145874
MNG,1995,14.1376399993897
MNG,1996,15.7019596099853
MNG,1997,17.720329284668001
MNG,1998,20.345500946044901
MNG,1999,25.9451408386231
MNG,2000,29.2760200500488
MNG,2001,33.286590576171903
MNG,2002,34.798110961914098
MNG,2003,36.878849029541001
MNG,2004,39.599990844726598
MNG,2005,43.483020782470703
MNG,2006,46.814830780029297
MNG,2007,46.977230072021499
MNG,2008,49.174598693847699
MNG,2009,53.180671691894503
MNG,2010,56.077678680419901
MNG,2011,56.748213383494701
MNG,2012,61.3067016601562
MNG,2013,64.817169189453097
MNG,2014,66.679229736328097
MNG,2015,70.358726501464801
MNG,2016,65.247711181640597
MNG,2017,64.405570983886705
MNG,2018,65.103050231933594
MNG,2019,67.970817565917997
MNG,2020,66.255746710774901
MNP,1990,
MNP,1991,
MNP,1992,
MNP,1993,
MNP,1994,
MNP,1995,
MNP,1996,
MNP,1997,
MNP,1998,
MNP,1999,
MNP,2000,
MNP,2001,
MNP,2002,
MNP,2003,
MNP,2004,
MNP,2005,
MNP,2006,
MNP,2007,
MNP,2008,
MNP,2009,
MNP,2010,
MNP,2011,
MNP,2012,
MNP,2013,
MNP,2014,
MNP,2015,
MNP,2016,
MNP,2017,
MNP,2018,
MNP,2019,
MNP,2020,
MOZ,1990,
MOZ,1991,
MOZ,1992,0.36842998862266502
MOZ,1993,0.40834999084472701
MOZ,1994,0.453289985656738
MOZ,1995,0.45010998845100397
MOZ,1996,0.47034999728202798
MOZ,1997,
MOZ,1998,
MOZ,1999,0.60234999656677202
MOZ,2000,0.61348998546600297
MOZ,2001,0.60258001089096103
MOZ,2002,0.68207997083663896
MOZ,2003,0.92852997779846203
MOZ,2004,1.1555099487304701
MOZ,2005,1.43202996253967
MOZ,2006,2.1277000904083301
MOZ,2007,3.0394699573516899
MOZ,2008,3.5193998813629199
MOZ,2009,3.8214600086212198
MOZ,2010,4.6029332896013999
MOZ,2011,4.9037034924149996
MOZ,2012,5.1995137335817896
MOZ,2013,5.59344755668074
MOZ,2014,6.2504913252799703
MOZ,2015,6.7318171770285904
MOZ,2016,7.3419730407701298
MOZ,2017,7.2457309919135602
MOZ,2018,7.4630510423432996
MOZ,2019,
MOZ,2020,
MRT,1990,3.0773799419403098
MRT,1991,2.7404799461364799
MRT,1992,2.9126501083374001
MRT,1993,3.51754999160767
MRT,1994,3.4855499267578098
MRT,1995,3.42460989952087
MRT,1996,3.7065598964691202
MRT,1997,3.9948699474334699
MRT,1998,3.9036099910736102
MRT,1999,4.1963400840759304
MRT,2000,
MRT,2001,3.4791400432586701
MRT,2002,3.0836501121521001
MRT,2003,3.2928199768066402
MRT,2004,3.34153008460998
MRT,2005,3.07908010482788
MRT,2006,3.4869899749755899
MRT,2007,3.9500200748443599
MRT,2008,4.0717902183532697
MRT,2009,4.1240901947021502
MRT,2010,4.6676963685347896
MRT,2011,5.0664717581293797
MRT,2012,5.4933507042599699
MRT,2013,5.79601450584933
MRT,2014,
MRT,2015,5.8842500127303499
MRT,2016,5.5624583432760897
MRT,2017,5.1561402014437503
MRT,2018,5.1327548077544796
MRT,2019,5.8882398646185097
MRT,2020,5.9719433002535904
MUS,1990,3.39674997329712
MUS,1991,4.0171399116516104
MUS,1992,
MUS,1993,5.9955601692199698
MUS,1994,5.4636402130126998
MUS,1995,5.9572200775146502
MUS,1996,6.6942701339721697
MUS,1997,6.5130801200866699
MUS,1998,
MUS,1999,9.5549602508544904
MUS,2000,10.6760301589966
MUS,2001,16.448570251464801
MUS,2002,15.1241102218628
MUS,2003,15.757729530334499
MUS,2004,17.285100936889599
MUS,2005,21.0529594421387
MUS,2006,23.6054592132568
MUS,2007,24.523849487304702
MUS,2008,27.0272006988525
MUS,2009,31.399379730224599
MUS,2010,33.0799908955061
MUS,2011,34.226505380956503
MUS,2012,40.3749497386409
MUS,2013,41.402395352538598
MUS,2014,40.038200423569499
MUS,2015,37.760738643162
MUS,2016,38.410769261726102
MUS,2017,39.661878656090202
MUS,2018,40.407809826196299
MUS,2019,42.9878710798151
MUS,2020,42.5378418595105
MWI,1990,0.51695001125335704
MWI,1991,0.53711998462677002
MWI,1992,0.54043000936508201
MWI,1993,0.53981000185012795
MWI,1994,0.574460029602051
MWI,1995,0.589349985122681
MWI,1996,0.59769999980926503
MWI,1997,
MWI,1998,
MWI,1999,0.30913999676704401
MWI,2000,0.33153998851776101
MWI,2001,0.36478000879287698
MWI,2002,0.385289996862411
MWI,2003,0.39151999354362499
MWI,2004,0.46270999312400801
MWI,2005,0.45329999923705999
MWI,2006,0.47940999269485501
MWI,2007,0.477120012044907
MWI,2008,
MWI,2009,
MWI,2010,1.2622588983210801
MWI,2011,1.5518303717475399
MWI,2012,0.83882028117041496
MWI,2013,
MWI,2014,0.82777786722116098
MWI,2015,0.809801002249246
MWI,2016,
MWI,2017,
MWI,2018,1.6942403485732001
MWI,2019,
MWI,2020,2.4021738073213399
MYS,1990,7.2577700614929199
MYS,1991,8.0601501464843803
MYS,1992,9.1637697219848597
MYS,1993,9.4571599960327095
MYS,1994,10.398039817810099
MYS,1995,11.261329650878899
MYS,1996,
MYS,1997,
MYS,1998,22.9279899597168
MYS,1999,24.185340881347699
MYS,2000,27.552299499511701
MYS,2001,26.960880279541001
MYS,2002,28.92991065979
MYS,2003,31.2641696929932
MYS,2004,29.779899597168001
MYS,2005,27.1163005828857
MYS,2006,27.6703605651856
MYS,2007,29.375789642333999
MYS,2008,32.903701782226598
MYS,2009,35.060211181640597
MYS,2010,36.677430557355301
MYS,2011,35.5661790570975
MYS,2012,36.825516807355001
MYS,2013,38.070097090026501
MYS,2014,38.391914202932497
MYS,2015,44.289909239243002
MYS,2016,45.403465956997202
MYS,2017,42.293211695145999
MYS,2018,43.310027930079698
MYS,2019,40.808296681394403
MYS,2020,39.744566736763304
NAM,1990,
NAM,1991,2.8493299484252899
NAM,1992,
NAM,1993,
NAM,1994,6.2191100120544398
NAM,1995,7.0980300903320304
NAM,1996,
NAM,1997,5.3210000991821298
NAM,1998,6.5371198654174796
NAM,1999,
NAM,2000,
NAM,2001,7.4026999473571804
NAM,2002,6.05016994476318
NAM,2003,6.39102983474731
NAM,2004,
NAM,2005,7.1070499420165998
NAM,2006,6.7527799606323198
NAM,2007,
NAM,2008,9.4936895370483398
NAM,2009,
NAM,2010,
NAM,2011,
NAM,2012,16.904860310668301
NAM,2013,17.460399983866299
NAM,2014,18.465306928106699
NAM,2015,19.655150499336099
NAM,2016,21.436703619300001
NAM,2017,22.480175547100899
NAM,2018,23.700169040403502
NAM,2019,25.896651120182401
NAM,2020,25.987048414502599
NCL,1990,
NCL,1991,
NCL,1992,
NCL,1993,
NCL,1994,
NCL,1995,
NCL,1996,
NCL,1997,
NCL,1998,
NCL,1999,
NCL,2000,
NCL,2001,
NCL,2002,
NCL,2003,
NCL,2004,
NCL,2005,
NCL,2006,
NCL,2007,
NCL,2008,
NCL,2009,
NCL,2010,
NCL,2011,
NCL,2012,
NCL,2013,
NCL,2014,
NCL,2015,
NCL,2016,
NCL,2017,
NCL,2018,
NCL,2019,
NCL,2020,
NER,1990,0.63098001480102495
NER,1991,
NER,1992,0.59944999217987105
NER,1993,
NER,1994,
NER,1995,
NER,1996,
NER,1997,
NER,1998,
NER,1999,
NER,2000,
NER,2001,
NER,2002,
NER,2003,0.82785999774932895
NER,2004,0.79602998495101895
NER,2005,0.95157998800277699
NER,2006,0.96016997098922696
NER,2007,0.90551000833511397
NER,2008,1.0377000570297199
NER,2009,1.2563500404357899
NER,2010,1.30152108043912
NER,2011,1.3481664994453799
NER,2012,1.54284142561837
NER,2013,
NER,2014,
NER,2015,3.2425782241364201
NER,2016,3.45043638449437
NER,2017,3.6674198187897802
NER,2018,4.3380195675136601
NER,2019,4.1517073034734597
NER,2020,
NGA,1990,
NGA,1991,
NGA,1992,
NGA,1993,
NGA,1994,
NGA,1995,
NGA,1996,
NGA,1997,
NGA,1998,
NGA,1999,5.8022599220275897
NGA,2000,
NGA,2001,
NGA,2002,
NGA,2003,9.2829198837280291
NGA,2004,9.52007961273193
NGA,2005,10.096899986267101
NGA,2006,
NGA,2007,
NGA,2008,
NGA,2009,
NGA,2010,9.2118754810013392
NGA,2011,9.7415335092258601
NGA,2012,
NGA,2013,
NGA,2014,
NGA,2015,
NGA,2016,
NGA,2017,
NGA,2018,
NGA,2019,
NGA,2020,
NIC,1990,7.3200998306274396
NIC,1991,7.2482600212097203
NIC,1992,7.9403500556945801
NIC,1993,
NIC,1994,
NIC,1995,10.233369827270501
NIC,1996,
NIC,1997,10.461310386657701
NIC,1998,
NIC,1999,
NIC,2000,
NIC,2001,
NIC,2002,17.965499877929702
NIC,2003,
NIC,2004,
NIC,2005,
NIC,2006,
NIC,2007,
NIC,2008,
NIC,2009,
NIC,2010,
NIC,2011,
NIC,2012,
NIC,2013,
NIC,2014,
NIC,2015,
NIC,2016,
NIC,2017,
NIC,2018,
NIC,2019,
NIC,2020,
NLD,1990,
NLD,1991,
NLD,1992,
NLD,1993,
NLD,1994,
NLD,1995,
NLD,1996,
NLD,1997,
NLD,1998,
NLD,1999,
NLD,2000,
NLD,2001,52.978981018066399
NLD,2002,54.251228332519503
NLD,2003,54.995929718017599
NLD,2004,56.770988464355497
NLD,2005,58.789501190185497
NLD,2006,59.826511383056598
NLD,2007,60.394039154052699
NLD,2008,61.017059326171903
NLD,2009,61.428009033203097
NLD,2010,63.704978942871101
NLD,2011,75.518798828125
NLD,2012,75.814163208007798
NLD,2013,
NLD,2014,
NLD,2015,80.160148620605497
NLD,2016,79.845489501953097
NLD,2017,83.200988769531193
NLD,2018,83.652473449707003
NLD,2019,
NLD,2020,85.337081909179702
NOR,1990,
NOR,1991,
NOR,1992,
NOR,1993,
NOR,1994,
NOR,1995,
NOR,1996,
NOR,1997,
NOR,1998,
NOR,1999,
NOR,2000,
NOR,2001,69.963081359863295
NOR,2002,72.317329406738295
NOR,2003,77.970588684082003
NOR,2004,78.612548828125
NOR,2005,78.445030212402301
NOR,2006,77.931068420410199
NOR,2007,77.037361145019503
NOR,2008,73.591468811035199
NOR,2009,73.067451477050795
NOR,2010,72.117080688476605
NOR,2011,71.061416625976605
NOR,2012,71.704757690429702
NOR,2013,75.863578796386705
NOR,2014,78.109977722167997
NOR,2015,79.206428527832003
NOR,2016,81.882728576660199
NOR,2017,83.735336303710895
NOR,2018,85.388351440429702
NOR,2019,85.763381958007798
NOR,2020,87.168533325195298
NPL,1990,4.94331979751587
NPL,1991,5.6502099037170401
NPL,1992,5.1717200279235804
NPL,1993,4.9591498374939
NPL,1994,4.6468400955200204
NPL,1995,4.2643399238586399
NPL,1996,4.7298898696899396
NPL,1997,
NPL,1998,
NPL,1999,
NPL,2000,4.1218500137329102
NPL,2001,4.4095702171325701
NPL,2002,4.9877500534057599
NPL,2003,4.9113497734069798
NPL,2004,5.6947798728942898
NPL,2005,7.1542201042175302
NPL,2006,7.6267199516296396
NPL,2007,9.5037403106689506
NPL,2008,10.4749002456665
NPL,2009,10.446740150451699
NPL,2010,13.3236488235053
NPL,2011,13.286738597118299
NPL,2012,
NPL,2013,15.4719563352624
NPL,2014,13.2380540463977
NPL,2015,12.282886814704
NPL,2016,11.0932748536215
NPL,2017,11.4357824790838
NPL,2018,12.613695863565001
NPL,2019,13.807282195391201
NPL,2020,14.2002391888535
NRU,1990,
NRU,1991,
NRU,1992,
NRU,1993,
NRU,1994,
NRU,1995,
NRU,1996,
NRU,1997,
NRU,1998,
NRU,1999,
NRU,2000,
NRU,2001,
NRU,2002,
NRU,2003,
NRU,2004,
NRU,2005,
NRU,2006,
NRU,2007,
NRU,2008,
NRU,2009,
NRU,2010,
NRU,2011,
NRU,2012,
NRU,2013,
NRU,2014,
NRU,2015,
NRU,2016,
NRU,2017,
NRU,2018,
NRU,2019,
NRU,2020,
NZL,1990,
NZL,1991,
NZL,1992,
NZL,1993,
NZL,1994,
NZL,1995,
NZL,1996,
NZL,1997,
NZL,1998,
NZL,1999,
NZL,2000,
NZL,2001,
NZL,2002,
NZL,2003,
NZL,2004,
NZL,2005,
NZL,2006,
NZL,2007,
NZL,2008,
NZL,2009,
NZL,2010,
NZL,2011,
NZL,2012,
NZL,2013,80.388542175292997
NZL,2014,80.710006713867202
NZL,2015,82.181846618652301
NZL,2016,81.863357543945298
NZL,2017,81.269859313964801
NZL,2018,81.251312255859403
NZL,2019,77.584373474121094
NZL,2020,75.734832763671903
OMN,1990,3.6087999343872101
OMN,1991,3.7533500194549601
OMN,1992,4.2214899063110396
OMN,1993,4.1974501609802202
OMN,1994,4.3110699653625497
OMN,1995,5.0013098716735804
OMN,1996,4.7746300697326696
OMN,1997,5.8045401573181197
OMN,1998,7.2172999382018999
OMN,1999,
OMN,2000,
OMN,2001,
OMN,2002,
OMN,2003,14.3313598632812
OMN,2004,15.1500101089478
OMN,2005,17.117769241333001
OMN,2006,19.2329597473144
OMN,2007,20.408649444580099
OMN,2008,20.446210861206101
OMN,2009,21.967899322509801
OMN,2010,27.852685436595301
OMN,2011,31.5563508791784
OMN,2012,
OMN,2013,35.149615885003001
OMN,2014,41.181856158184203
OMN,2015,45.189894595951202
OMN,2016,46.823505984595798
OMN,2017,43.576781852019501
OMN,2018,44.954021650564499
OMN,2019,45.172318386313101
OMN,2020,48.375439744090897
PAK,1990,2.8773000240325901
PAK,1991,
PAK,1992,1.9615399837493901
PAK,1993,
PAK,1994,
PAK,1995,
PAK,1996,
PAK,1997,
PAK,1998,
PAK,1999,
PAK,2000,
PAK,2001,
PAK,2002,
PAK,2003,2.37435007095337
PAK,2004,2.97886991500854
PAK,2005,4.3280801773071298
PAK,2006,4.3956499099731499
PAK,2007,4.9579200744628897
PAK,2008,4.8782401084899902
PAK,2009,5.9727301597595197
PAK,2010,7.0330384357659597
PAK,2011,7.3173955739039904
PAK,2012,8.3330361701824103
PAK,2013,8.7183599577281203
PAK,2014,8.7456922854447505
PAK,2015,8.4355664890415305
PAK,2016,8.3197390355087801
PAK,2017,8.62228080260493
PAK,2018,8.2068305796338095
PAK,2019,11.103638528677999
PAK,2020,11.7245978752314
PAN,1990,20.9681491851807
PAN,1991,22.733970642089801
PAN,1992,24.4285793304443
PAN,1993,26.270879745483398
PAN,1994,26.049289703369102
PAN,1995,28.642499923706101
PAN,1996,30.0619602203369
PAN,1997,
PAN,1998,37.605888366699197
PAN,1999,39.532428741455099
PAN,2000,42.537109375
PAN,2001,41.646728515625
PAN,2002,40.7841186523438
PAN,2003,44.272911071777301
PAN,2004,43.045078277587898
PAN,2005,41.664989471435497
PAN,2006,42.692501068115199
PAN,2007,42.921478271484403
PAN,2008,43.099269866943402
PAN,2009,43.0278511047363
PAN,2010,43.9639480204278
PAN,2011,41.885879591862299
PAN,2012,43.662651652923401
PAN,2013,
PAN,2014,44.625350193776399
PAN,2015,47.581943558431298
PAN,2016,48.379995975891397
PAN,2017,
PAN,2018,
PAN,2019,
PAN,2020,44.937294864628598
PER,1990,29.885740280151399
PER,1991,31.3302307128906
PER,1992,30.836490631103501
PER,1993,27.470750808715799
PER,1994,26.317510604858398
PER,1995,26.713050842285199
PER,1996,25.355789184570298
PER,1997,25.386650085449201
PER,1998,
PER,1999,38.012489318847699
PER,2000,33.413768768310497
PER,2001,29.9192008972168
PER,2002,30.2558097839356
PER,2003,30.319580078125
PER,2004,32.165889739990199
PER,2005,32.460891723632798
PER,2006,33.918418884277301
PER,2007,
PER,2008,
PER,2009,
PER,2010,
PER,2011,
PER,2012,
PER,2013,
PER,2014,
PER,2015,
PER,2016,73.222320556640597
PER,2017,71.240470886230497
PER,2018,
PER,2019,
PER,2020,
PHL,1990,23.274269104003899
PHL,1991,25.9223308563232
PHL,1992,25.0141506195068
PHL,1993,
PHL,1994,
PHL,1995,27.071260452270501
PHL,1996,28.5230102539062
PHL,1997,
PHL,1998,26.649549484252901
PHL,1999,27.5217990875244
PHL,2000,
PHL,2001,28.647680282592798
PHL,2002,28.348150253295898
PHL,2003,27.230110168456999
PHL,2004,26.545759201049801
PHL,2005,25.823429107666001
PHL,2006,26.246810913085898
PHL,2007,
PHL,2008,27.128990173339801
PHL,2009,26.6055793762207
PHL,2010,27.7549235195177
PHL,2011,29.070915146315301
PHL,2012,29.629894227684598
PHL,2013,31.8704183328366
PHL,2014,33.874192321479903
PHL,2015,35.874588781966402
PHL,2016,38.344741452551297
PHL,2017,33.684101868234897
PHL,2018,28.116622859230802
PHL,2019,30.054868011036501
PHL,2020,31.631759850708502
PLW,1990,
PLW,1991,
PLW,1992,
PLW,1993,
PLW,1994,
PLW,1995,
PLW,1996,
PLW,1997,
PLW,1998,
PLW,1999,
PLW,2000,45.782211303710902
PLW,2001,36.336109161377003
PLW,2002,36.336341857910199
PLW,2003,
PLW,2004,
PLW,2005,
PLW,2006,
PLW,2007,
PLW,2008,
PLW,2009,
PLW,2010,
PLW,2011,
PLW,2012,
PLW,2013,67.316688537597699
PLW,2014,
PLW,2015,
PLW,2016,
PLW,2017,
PLW,2018,
PLW,2019,
PLW,2020,
PNG,1990,
PNG,1991,
PNG,1992,
PNG,1993,
PNG,1994,
PNG,1995,3.21866011619568
PNG,1996,3.52103996276856
PNG,1997,
PNG,1998,2.0009799003601101
PNG,1999,1.9498100280761701
PNG,2000,
PNG,2001,
PNG,2002,
PNG,2003,
PNG,2004,
PNG,2005,
PNG,2006,
PNG,2007,
PNG,2008,
PNG,2009,
PNG,2010,
PNG,2011,
PNG,2012,
PNG,2013,
PNG,2014,
PNG,2015,
PNG,2016,
PNG,2017,
PNG,2018,
PNG,2019,
PNG,2020,
POL,1990,
POL,1991,
POL,1992,
POL,1993,
POL,1994,
POL,1995,
POL,1996,
POL,1997,
POL,1998,
POL,1999,
POL,2000,
POL,2001,56.345691680908203
POL,2002,59.536140441894503
POL,2003,60.621471405029297
POL,2004,61.743698120117202
POL,2005,63.779140472412102
POL,2006,65.090072631835895
POL,2007,66.942466735839801
POL,2008,70.294631958007798
POL,2009,72.679359436035199
POL,2010,76.557121276855497
POL,2011,75.802101135253906
POL,2012,75.038291931152301
POL,2013,73.317268371582003
POL,2014,70.238967895507798
POL,2015,69.373199462890597
POL,2016,69.850379943847699
POL,2017,70.617462158203097
POL,2018,71.021743774414105
POL,2019,70.906501770019503
POL,2020,70.973037719726605
PRI,1990,
PRI,1991,
PRI,1992,
PRI,1993,
PRI,1994,
PRI,1995,
PRI,1996,
PRI,1997,
PRI,1998,
PRI,1999,
PRI,2000,
PRI,2001,
PRI,2002,
PRI,2003,
PRI,2004,
PRI,2005,
PRI,2006,
PRI,2007,78.609207153320298
PRI,2008,84.457099914550795
PRI,2009,86.697257995605497
PRI,2010,90.730876702759303
PRI,2011,91.797744976095899
PRI,2012,94.007475145517205
PRI,2013,95.3715682046859
PRI,2014,97.201655710548906
PRI,2015,100.706557185143
PRI,2016,100.64340616633601
PRI,2017,100.739404309645
PRI,2018,107.502380763432
PRI,2019,95.691495012119603
PRI,2020,88.414853869933793
PRK,1990,
PRK,1991,
PRK,1992,
PRK,1993,
PRK,1994,
PRK,1995,
PRK,1996,
PRK,1997,
PRK,1998,
PRK,1999,
PRK,2000,
PRK,2001,
PRK,2002,
PRK,2003,
PRK,2004,
PRK,2005,
PRK,2006,
PRK,2007,
PRK,2008,
PRK,2009,30.125379562377901
PRK,2010,
PRK,2011,29.818059921264599
PRK,2012,
PRK,2013,
PRK,2014,
PRK,2015,27.9393501281738
PRK,2016,
PRK,2017,
PRK,2018,26.720619201660199
PRK,2019,
PRK,2020,
PRT,1990,
PRT,1991,
PRT,1992,
PRT,1993,
PRT,1994,
PRT,1995,
PRT,1996,
PRT,1997,
PRT,1998,
PRT,1999,
PRT,2000,
PRT,2001,
PRT,2002,
PRT,2003,
PRT,2004,
PRT,2005,
PRT,2006,
PRT,2007,
PRT,2008,
PRT,2009,
PRT,2010,
PRT,2011,
PRT,2012,
PRT,2013,
PRT,2014,
PRT,2015,61.7960205078125
PRT,2016,63.2387504577637
PRT,2017,64.204017639160199
PRT,2018,65.112739562988295
PRT,2019,66.092056274414105
PRT,2020,68.156890869140597
PRY,1990,8.7224102020263707
PRY,1991,
PRY,1992,
PRY,1993,10.947699546814
PRY,1994,
PRY,1995,9.9464397430419904
PRY,1996,10.049030303955099
PRY,1997,
PRY,1998,
PRY,1999,14.3129796981812
PRY,2000,17.2918395996094
PRY,2001,19.336540222168001
PRY,2002,28.316459655761701
PRY,2003,26.9151496887207
PRY,2004,27.1320304870606
PRY,2005,27.776199340820298
PRY,2006,
PRY,2007,31.087760925293001
PRY,2008,36.885189056396499
PRY,2009,39.772468566894503
PRY,2010,37.617926104095702
PRY,2011,
PRY,2012,
PRY,2013,
PRY,2014,
PRY,2015,
PRY,2016,
PRY,2017,
PRY,2018,
PRY,2019,
PRY,2020,
PSE,1990,
PSE,1991,
PSE,1992,
PSE,1993,
PSE,1994,
PSE,1995,
PSE,1996,15.8326501846313
PSE,1997,18.3967094421387
PSE,1998,20.1686706542969
PSE,1999,22.7711391448975
PSE,2000,23.624870300293001
PSE,2001,25.772769927978501
PSE,2002,27.503730773925799
PSE,2003,31.260129928588899
PSE,2004,35.171909332275398
PSE,2005,38.400749206542997
PSE,2006,40.143749237060497
PSE,2007,43.544979095458999
PSE,2008,44.701568603515597
PSE,2009,43.409149169921903
PSE,2010,45.094374240304603
PSE,2011,47.509436475864803
PSE,2012,47.041699108919502
PSE,2013,45.235483686185802
PSE,2014,44.8451220304662
PSE,2015,46.087183176420297
PSE,2016,45.392490755783797
PSE,2017,45.5044081379083
PSE,2018,46.485216205931899
PSE,2019,45.633046468716799
PSE,2020,45.3895360497376
PYF,1990,
PYF,1991,
PYF,1992,1.4567799568176301
PYF,1993,
PYF,1994,
PYF,1995,
PYF,1996,
PYF,1997,
PYF,1998,
PYF,1999,
PYF,2000,
PYF,2001,
PYF,2002,
PYF,2003,
PYF,2004,
PYF,2005,
PYF,2006,
PYF,2007,
PYF,2008,
PYF,2009,
PYF,2010,
PYF,2011,
PYF,2012,
PYF,2013,
PYF,2014,
PYF,2015,
PYF,2016,
PYF,2017,
PYF,2018,
PYF,2019,
PYF,2020,
QAT,1990,17.968450546264599
QAT,1991,17.2565193176269
QAT,1992,16.953630447387699
QAT,1993,18.669090270996101
QAT,1994,18.9698295593262
QAT,1995,20.534299850463899
QAT,1996,22.4816493988037
QAT,1997,23.927839279174801
QAT,1998,21.5736999511719
QAT,1999,19.764520645141602
QAT,2000,
QAT,2001,18.6874694824219
QAT,2002,17.287359237670898
QAT,2003,15.7512302398682
QAT,2004,16.891599655151399
QAT,2005,14.724229812622101
QAT,2006,12.835539817810099
QAT,2007,11.8196697235107
QAT,2008,11.342160224914601
QAT,2009,10.165490150451699
QAT,2010,9.6427327808343204
QAT,2011,12.600855269097901
QAT,2012,12.2866942772156
QAT,2013,14.870729520909499
QAT,2014,17.306361312693198
QAT,2015,15.9339905308662
QAT,2016,14.8163562584538
QAT,2017,16.777436260547301
QAT,2018,17.445825085757502
QAT,2019,21.093141604940499
QAT,2020,23.764921231476301
ROU,1990,
ROU,1991,
ROU,1992,
ROU,1993,
ROU,1994,
ROU,1995,
ROU,1996,
ROU,1997,
ROU,1998,
ROU,1999,
ROU,2000,
ROU,2001,28.054430007934599
ROU,2002,33.701690673828097
ROU,2003,38.906398773193402
ROU,2004,41.799739837646499
ROU,2005,45.463729858398402
ROU,2006,54.138931274414098
ROU,2007,60.283119201660199
ROU,2008,73.447067260742202
ROU,2009,81.533149719238295
ROU,2010,75.229026794433594
ROU,2011,66.786582946777301
ROU,2012,54.9534912109375
ROU,2013,51.382610321044901
ROU,2014,51.095039367675803
ROU,2015,49.360988616943402
ROU,2016,49.911319732666001
ROU,2017,50.510818481445298
ROU,2018,51.994350433349602
ROU,2019,52.4439697265625
ROU,2020,53.491111755371101
RUS,1990,52.374259948730497
RUS,1991,50.466331481933601
RUS,1992,48.446388244628899
RUS,1993,46.183769226074197
RUS,1994,44.210041046142599
RUS,1995,42.86083984375
RUS,1996,43.897239685058601
RUS,1997,45.285820007324197
RUS,1998,47.279411315917997
RUS,1999,52.1262397766113
RUS,2000,55.213661193847699
RUS,2001,60.3866996765137
RUS,2002,65.010421752929702
RUS,2003,69.035209655761705
RUS,2004,69.818717956542997
RUS,2005,72.222801208496094
RUS,2006,73.439888000488295
RUS,2007,76.130546569824205
RUS,2008,77.533973693847699
RUS,2009,77.868560791015597
RUS,2010,
RUS,2011,80.162973641276395
RUS,2012,80.532345397549193
RUS,2013,82.800956726074205
RUS,2014,84.518138751335599
RUS,2015,84.235565124025598
RUS,2016,83.860044350614004
RUS,2017,81.705102168141806
RUS,2018,81.568111599852301
RUS,2019,80.952069747109107
RUS,2020,57.223285473975402
RWA,1990,0.57688999176025402
RWA,1991,
RWA,1992,
RWA,1993,
RWA,1994,
RWA,1995,
RWA,1996,
RWA,1997,
RWA,1998,
RWA,1999,0.70520997047424305
RWA,2000,1.1278500556945801
RWA,2001,1.54308998584747
RWA,2002,1.87186002731323
RWA,2003,2.3414399623870801
RWA,2004,2.7314898967742902
RWA,2005,2.8511199951171902
RWA,2006,3.6422998905181898
RWA,2007,3.8854598999023402
RWA,2008,4.1830000877380398
RWA,2009,5.0719199180603001
RWA,2010,5.7731666556235304
RWA,2011,6.8372302055358896
RWA,2012,6.7093866602730303
RWA,2013,6.2314911703034497
RWA,2014,7.3586177433901403
RWA,2015,7.5312485644831799
RWA,2016,7.5780726444176398
RWA,2017,7.3448829609045196
RWA,2018,6.7609464771426397
RWA,2019,6.3142892660234002
RWA,2020,7.5670958634555303
SAU,1990,16.326259613037099
SAU,1991,17.2099800109863
SAU,1992,17.467969894409201
SAU,1993,19.594850540161101
SAU,1994,19.4799900054932
SAU,1995,21.511110305786101
SAU,1996,22.005180358886701
SAU,1997,22.672019958496101
SAU,1998,23.251459121704102
SAU,1999,27.540899276733398
SAU,2000,28.375949859619102
SAU,2001,27.237730026245099
SAU,2002,25.1049709320068
SAU,2003,26.623029708862301
SAU,2004,26.263130187988299
SAU,2005,25.198369979858398
SAU,2006,24.513769149780298
SAU,2007,24.3000392913818
SAU,2008,24.465980529785199
SAU,2009,25.0353107452393
SAU,2010,29.3244802795728
SAU,2011,28.941949844360401
SAU,2012,36.044410705566399
SAU,2013,43.163501739502003
SAU,2014,53.1803840195563
SAU,2015,57.089277139723599
SAU,2016,63.982662335536901
SAU,2017,70.747134298142399
SAU,2018,73.197173638391803
SAU,2019,77.966494201100801
SAU,2020,73.751086636885901
SDN,1990,
SDN,1991,
SDN,1992,
SDN,1993,
SDN,1994,
SDN,1995,
SDN,1996,
SDN,1997,
SDN,1998,
SDN,1999,6.5686402320861799
SDN,2000,6.6948099136352504
SDN,2001,8.2572698593139595
SDN,2002,9.3130998611450195
SDN,2003,8.6573801040649396
SDN,2004,10.549059867858899
SDN,2005,11.823320388794
SDN,2006,13.337409973144499
SDN,2007,13.0165500640869
SDN,2008,14.3921899795532
SDN,2009,14.609820365905801
SDN,2010,14.803529739379901
SDN,2011,14.5120697021484
SDN,2012,14.8181400299072
SDN,2013,16.667629241943398
SDN,2014,15.958589553833001
SDN,2015,15.8645696640015
SDN,2016,
SDN,2017,
SDN,2018,
SDN,2019,
SDN,2020,
SEN,1990,
SEN,1991,
SEN,1992,3.05016994476318
SEN,1993,
SEN,1994,
SEN,1995,
SEN,1996,
SEN,1997,3.11023998260498
SEN,1998,
SEN,1999,3.2056300640106201
SEN,2000,
SEN,2001,
SEN,2002,
SEN,2003,
SEN,2004,4.7520298957824698
SEN,2005,5.2614102363586399
SEN,2006,5.4657502174377397
SEN,2007,6.1223201751709002
SEN,2008,7.75537014007568
SEN,2009,7.9150800704956001
SEN,2010,7.6297975128977402
SEN,2011,10.121109956384
SEN,2012,10.263553725466799
SEN,2013,10.572539745854501
SEN,2014,10.878756863240801
SEN,2015,10.8409366679467
SEN,2016,10.8875992426245
SEN,2017,11.3494415127099
SEN,2018,12.417837505994701
SEN,2019,12.60825139125
SEN,2020,13.313662486093101
SGP,1990,
SGP,1991,
SGP,1992,
SGP,1993,
SGP,1994,
SGP,1995,
SGP,1996,
SGP,1997,
SGP,1998,
SGP,1999,
SGP,2000,
SGP,2001,
SGP,2002,
SGP,2003,
SGP,2004,
SGP,2005,
SGP,2006,
SGP,2007,
SGP,2008,
SGP,2009,
SGP,2010,93.2696812803906
SGP,2011,95.981745237288294
SGP,2012,101.99681244982
SGP,2013,
SGP,2014,
SGP,2015,
SGP,2016,83.940977823664795
SGP,2017,84.7929138455372
SGP,2018,88.886445341076893
SGP,2019,91.088990441477605
SGP,2020,93.134767179468
SLB,1990,
SLB,1991,
SLB,1992,
SLB,1993,
SLB,1994,
SLB,1995,
SLB,1996,
SLB,1997,
SLB,1998,
SLB,1999,
SLB,2000,
SLB,2001,
SLB,2002,
SLB,2003,
SLB,2004,
SLB,2005,
SLB,2006,
SLB,2007,
SLB,2008,
SLB,2009,
SLB,2010,
SLB,2011,
SLB,2012,
SLB,2013,
SLB,2014,
SLB,2015,
SLB,2016,
SLB,2017,
SLB,2018,
SLB,2019,
SLB,2020,
SLE,1990,1.4081399440765401
SLE,1991,1.2468500137329099
SLE,1992,
SLE,1993,
SLE,1994,
SLE,1995,
SLE,1996,
SLE,1997,
SLE,1998,
SLE,1999,
SLE,2000,1.6745300292968801
SLE,2001,2.1130099296569802
SLE,2002,1.9878300428390501
SLE,2003,
SLE,2004,
SLE,2005,
SLE,2006,
SLE,2007,
SLE,2008,
SLE,2009,
SLE,2010,
SLE,2011,
SLE,2012,
SLE,2013,
SLE,2014,
SLE,2015,
SLE,2016,
SLE,2017,
SLE,2018,
SLE,2019,
SLE,2020,
SLV,1990,14.6922903060913
SLV,1991,16.1209907531738
SLV,1992,
SLV,1993,17.640989303588899
SLV,1994,19.5335502624512
SLV,1995,20.680080413818398
SLV,1996,19.896650314331101
SLV,1997,
SLV,1998,20.4799194335938
SLV,1999,20.482419967651399
SLV,2000,19.7553405761719
SLV,2001,18.9663391113281
SLV,2002,19.7187805175781
SLV,2003,20.576499938964801
SLV,2004,21.6425590515137
SLV,2005,22.454269409179702
SLV,2006,23.2541999816894
SLV,2007,24.743709564208999
SLV,2008,25.5441799163818
SLV,2009,25.9216804504394
SLV,2010,26.315170885820599
SLV,2011,27.324864205440001
SLV,2012,28.097907627260199
SLV,2013,28.273129903873599
SLV,2014,27.544102781236798
SLV,2015,27.3929262374809
SLV,2016,27.179480247169501
SLV,2017,27.640910454900599
SLV,2018,28.194336537251999
SLV,2019,28.517806354593599
SLV,2020,30.998637032401302
SMR,1990,
SMR,1991,
SMR,1992,
SMR,1993,
SMR,1994,
SMR,1995,
SMR,1996,
SMR,1997,
SMR,1998,
SMR,1999,
SMR,2000,59.319900512695298
SMR,2001,
SMR,2002,
SMR,2003,
SMR,2004,
SMR,2005,
SMR,2006,
SMR,2007,
SMR,2008,65.980110168457003
SMR,2009,
SMR,2010,66.406803685329507
SMR,2011,64.295580110497198
SMR,2012,59.8490048043926
SMR,2013,
SMR,2014,
SMR,2015,
SMR,2016,
SMR,2017,
SMR,2018,45.421020282729003
SMR,2019,50.235571260306202
SMR,2020,55.096097845078603
SOM,1990,
SOM,1991,
SOM,1992,
SOM,1993,
SOM,1994,
SOM,1995,
SOM,1996,
SOM,1997,
SOM,1998,
SOM,1999,
SOM,2000,
SOM,2001,
SOM,2002,
SOM,2003,
SOM,2004,
SOM,2005,
SOM,2006,
SOM,2007,
SOM,2008,
SOM,2009,
SOM,2010,
SOM,2011,
SOM,2012,
SOM,2013,
SOM,2014,
SOM,2015,
SOM,2016,
SOM,2017,
SOM,2018,
SOM,2019,
SOM,2020,
SRB,1990,
SRB,1991,
SRB,1992,
SRB,1993,
SRB,1994,
SRB,1995,
SRB,1996,
SRB,1997,
SRB,1998,
SRB,1999,
SRB,2000,
SRB,2001,37.761878967285199
SRB,2002,35.663719177246101
SRB,2003,39.613361358642599
SRB,2004,40.933799743652301
SRB,2005,44.205249786377003
SRB,2006,46.819580078125
SRB,2007,47.966869354247997
SRB,2008,48.665378570556598
SRB,2009,49.8496704101562
SRB,2010,49.082511901855497
SRB,2011,51.5937690734863
SRB,2012,53.500030517578097
SRB,2013,56.3808784484863
SRB,2014,58.054969787597699
SRB,2015,58.287689208984403
SRB,2016,62.136970520019503
SRB,2017,66.486740112304702
SRB,2018,67.158660888671903
SRB,2019,67.789840698242202
SRB,2020,68.143112182617202
SSD,1990,
SSD,1991,
SSD,1992,
SSD,1993,
SSD,1994,
SSD,1995,
SSD,1996,
SSD,1997,
SSD,1998,
SSD,1999,
SSD,2000,
SSD,2001,
SSD,2002,
SSD,2003,
SSD,2004,
SSD,2005,
SSD,2006,
SSD,2007,
SSD,2008,
SSD,2009,
SSD,2010,
SSD,2011,
SSD,2012,
SSD,2013,
SSD,2014,
SSD,2015,
SSD,2016,
SSD,2017,
SSD,2018,
SSD,2019,
SSD,2020,
STP,1990,
STP,1991,
STP,1992,
STP,1993,
STP,1994,
STP,1995,
STP,1996,
STP,1997,
STP,1998,
STP,1999,
STP,2000,
STP,2001,
STP,2002,
STP,2003,
STP,2004,
STP,2005,
STP,2006,
STP,2007,
STP,2008,
STP,2009,3.9268200397491499
STP,2010,4.2290101051330602
STP,2011,
STP,2012,7.8356800079345703
STP,2013,
STP,2014,9.2439699172973597
STP,2015,12.8210802078247
STP,2016,
STP,2017,
STP,2018,
STP,2019,
STP,2020,
SUR,1990,9.5616598129272496
SUR,1991,
SUR,1992,
SUR,1993,
SUR,1994,
SUR,1995,
SUR,1996,
SUR,1997,
SUR,1998,
SUR,1999,
SUR,2000,
SUR,2001,
SUR,2002,11.260450363159199
SUR,2003,
SUR,2004,
SUR,2005,
SUR,2006,
SUR,2007,
SUR,2008,
SUR,2009,
SUR,2010,
SUR,2011,
SUR,2012,
SUR,2013,
SUR,2014,
SUR,2015,
SUR,2016,
SUR,2017,
SUR,2018,
SUR,2019,5.2643513094743204
SUR,2020,5.3057471264367804
SVK,1990,
SVK,1991,
SVK,1992,
SVK,1993,
SVK,1994,
SVK,1995,
SVK,1996,
SVK,1997,
SVK,1998,
SVK,1999,
SVK,2000,
SVK,2001,30.816490173339801
SVK,2002,32.742240905761697
SVK,2003,34.550590515136697
SVK,2004,36.659961700439503
SVK,2005,40.771060943603501
SVK,2006,45.032688140869098
SVK,2007,50.556358337402301
SVK,2008,54.163711547851598
SVK,2009,56.770099639892599
SVK,2010,58.044239044189503
SVK,2011,57.152488708496101
SVK,2012,57.038440704345703
SVK,2013,55.253978729247997
SVK,2014,53.884300231933601
SVK,2015,52.720668792724602
SVK,2016,50.301448822021499
SVK,2017,49.1256103515625
SVK,2018,47.813831329345703
SVK,2019,48.190238952636697
SVK,2020,48.379001617431598
SVN,1990,
SVN,1991,
SVN,1992,
SVN,1993,
SVN,1994,
SVN,1995,
SVN,1996,
SVN,1997,
SVN,1998,
SVN,1999,
SVN,2000,
SVN,2001,60.845508575439503
SVN,2002,66.654571533203097
SVN,2003,69.604766845703097
SVN,2004,73.348876953125
SVN,2005,81.272811889648395
SVN,2006,85.273887634277301
SVN,2007,87.265167236328097
SVN,2008,88.598709106445298
SVN,2009,87.96533203125
SVN,2010,90.251487731933594
SVN,2011,87.188713073730497
SVN,2012,89.021560668945298
SVN,2013,87.857208251953097
SVN,2014,84.378028869628906
SVN,2015,82.199783325195298
SVN,2016,79.474746704101605
SVN,2017,79.270347595214801
SVN,2018,77.301597595214801
SVN,2019,76.472007751464801
SVN,2020,75.816680908203097
SWE,1990,
SWE,1991,
SWE,1992,
SWE,1993,
SWE,1994,
SWE,1995,
SWE,1996,
SWE,1997,
SWE,1998,
SWE,1999,
SWE,2000,
SWE,2001,70.011520385742202
SWE,2002,74.741432189941406
SWE,2003,80.490287780761705
SWE,2004,83.034980773925795
SWE,2005,81.739089965820298
SWE,2006,79.335227966308594
SWE,2007,75.394371032714801
SWE,2008,71.158073425292997
SWE,2009,71.011581420898395
SWE,2010,73.081832885742202
SWE,2011,71.918411254882798
SWE,2012,68.742301940917997
SWE,2013,65.782089233398395
SWE,2014,64.954193115234403
SWE,2015,66.428321838378906
SWE,2016,68.306037902832003
SWE,2017,70.434249877929702
SWE,2018,73.408378601074205
SWE,2019,75.114852905273395
SWE,2020,79.119636535644503
SWZ,1990,3.9252700805664098
SWZ,1991,3.75163006782532
SWZ,1992,3.3471701145172101
SWZ,1993,4.4334897994995099
SWZ,1994,
SWZ,1995,
SWZ,1996,5.9414701461792001
SWZ,1997,
SWZ,1998,
SWZ,1999,4.5455398559570304
SWZ,2000,4.2658200263977104
SWZ,2001,
SWZ,2002,4.41731977462769
SWZ,2003,
SWZ,2004,5.3918800354003897
SWZ,2005,4.7824501991271999
SWZ,2006,4.6042799949645996
SWZ,2007,
SWZ,2008,
SWZ,2009,
SWZ,2010,
SWZ,2011,7.0284009282793702
SWZ,2012,
SWZ,2013,6.4354577186354298
SWZ,2014,
SWZ,2015,
SWZ,2016,
SWZ,2017,
SWZ,2018,
SWZ,2019,
SWZ,2020,
SXM,1990,
SXM,1991,
SXM,1992,
SXM,1993,
SXM,1994,
SXM,1995,
SXM,1996,
SXM,1997,
SXM,1998,
SXM,1999,
SXM,2000,
SXM,2001,
SXM,2002,
SXM,2003,
SXM,2004,
SXM,2005,
SXM,2006,
SXM,2007,
SXM,2008,
SXM,2009,
SXM,2010,
SXM,2011,
SXM,2012,7.8405017921146998
SXM,2013,
SXM,2014,7.32811856731165
SXM,2015,7.9345603271983602
SXM,2016,
SXM,2017,9.8560837331007392
SXM,2018,
SXM,2019,
SXM,2020,
SYC,1990,
SYC,1991,
SYC,1992,
SYC,1993,
SYC,1994,
SYC,1995,
SYC,1996,
SYC,1997,
SYC,1998,
SYC,1999,
SYC,2000,
SYC,2001,
SYC,2002,
SYC,2003,
SYC,2004,
SYC,2005,
SYC,2006,
SYC,2007,
SYC,2008,
SYC,2009,
SYC,2010,
SYC,2011,2.9175671503550502
SYC,2012,1.55593589544111
SYC,2013,3.5015447991761102
SYC,2014,7.2911929664999198
SYC,2015,16.497300730390599
SYC,2016,25.6358902463449
SYC,2017,42.208201892744498
SYC,2018,38.858131487889302
SYC,2019,41.297043010752702
SYC,2020,26.934264107038999
SYR,1990,17.3862705230713
SYR,1991,17.316240310668899
SYR,1992,16.540809631347699
SYR,1993,16.547630310058601
SYR,1994,15.1282196044922
SYR,1995,14.572970390319799
SYR,1996,
SYR,1997,
SYR,1998,
SYR,1999,
SYR,2000,
SYR,2001,
SYR,2002,12.6482696533203
SYR,2003,13.2320003509522
SYR,2004,15.2420597076416
SYR,2005,18.2976398468018
SYR,2006,20.849990844726602
SYR,2007,21.3354091644287
SYR,2008,21.803300857543899
SYR,2009,22.903039932251001
SYR,2010,24.734500885009801
SYR,2011,24.5282592773438
SYR,2012,28.835939407348601
SYR,2013,31.4127197265625
SYR,2014,44.460979461669901
SYR,2015,47.835899353027301
SYR,2016,43.760658264160199
SYR,2017,
SYR,2018,
SYR,2019,
SYR,2020,
TCA,1990,
TCA,1991,
TCA,1992,
TCA,1993,
TCA,1994,
TCA,1995,
TCA,1996,
TCA,1997,
TCA,1998,
TCA,1999,
TCA,2000,
TCA,2001,
TCA,2002,
TCA,2003,
TCA,2004,
TCA,2005,
TCA,2006,
TCA,2007,
TCA,2008,0.116480000317097
TCA,2009,
TCA,2010,0.30978998541831998
TCA,2011,
TCA,2012,
TCA,2013,
TCA,2014,13.5160680529301
TCA,2015,12.380952380952399
TCA,2016,11.061946902654901
TCA,2017,11.817125145292501
TCA,2018,11.3000755857899
TCA,2019,11.7383177570093
TCA,2020,
TCD,1990,
TCD,1991,
TCD,1992,
TCD,1993,
TCD,1994,
TCD,1995,
TCD,1996,0.50379002094268799
TCD,1997,0.54332000017166104
TCD,1998,0.67287999391555797
TCD,1999,
TCD,2000,0.79297000169753995
TCD,2001,0.81611001491546598
TCD,2002,
TCD,2003,0.94213998317718495
TCD,2004,1.20975995063782
TCD,2005,1.4159699678421001
TCD,2006,
TCD,2007,
TCD,2008,1.95048999786377
TCD,2009,2.0165100097656201
TCD,2010,2.0962732183809001
TCD,2011,2.2131289839093902
TCD,2012,
TCD,2013,
TCD,2014,3.38820626861646
TCD,2015,3.2275067759043301
TCD,2016,
TCD,2017,
TCD,2018,
TCD,2019,
TCD,2020,4.3966596726706504
TGO,1990,2.1656899452209499
TGO,1991,2.3943500518798801
TGO,1992,2.6325500011444101
TGO,1993,2.2161200046539302
TGO,1994,2.3897900581359899
TGO,1995,2.7103199958801301
TGO,1996,2.69524002075195
TGO,1997,
TGO,1998,3.0728700160980198
TGO,1999,
TGO,2000,
TGO,2001,
TGO,2002,
TGO,2003,
TGO,2004,
TGO,2005,
TGO,2006,4.9507098197937003
TGO,2007,5.5628399848937997
TGO,2008,
TGO,2009,
TGO,2010,8.9067827094547898
TGO,2011,9.6696808104362795
TGO,2012,10.707913774562501
TGO,2013,10.839786567787799
TGO,2014,10.538494517563199
TGO,2015,10.8146472215817
TGO,2016,12.0913340463942
TGO,2017,12.3068653432672
TGO,2018,12.903159960318501
TGO,2019,13.155147212361699
TGO,2020,14.9029897765252
THA,1990,15.9281196594238
THA,1991,
THA,1992,
THA,1993,19.885480880737301
THA,1994,
THA,1995,21.1048393249512
THA,1996,22.213499069213899
THA,1997,24.777959823608398
THA,1998,28.787599563598601
THA,1999,34.581310272216797
THA,2000,35.303871154785199
THA,2001,38.934478759765597
THA,2002,40.125709533691399
THA,2003,41.1551513671875
THA,2004,42.144599914550803
THA,2005,44.336719512939503
THA,2006,44.176181793212898
THA,2007,47.55419921875
THA,2008,46.352130889892599
THA,2009,46.202339172363303
THA,2010,46.3783774485726
THA,2011,52.733276559658897
THA,2012,50.740310061335897
THA,2013,49.687940818456603
THA,2014,49.909182002139403
THA,2015,45.713134717198002
THA,2016,49.3227291503798
THA,2017,47.427491541895002
THA,2018,46.166779117428597
THA,2019,44.988004007205298
THA,2020,42.5900878816865
TJK,1990,21.2453308105469
TJK,1991,21.279039382934599
TJK,1992,21.036300659179702
TJK,1993,20.743059158325199
TJK,1994,20.4126892089844
TJK,1995,20.391580581665
TJK,1996,
TJK,1997,
TJK,1998,
TJK,1999,16.642860412597699
TJK,2000,17.199710845947301
TJK,2001,16.723899841308601
TJK,2002,16.9350700378418
TJK,2003,18.305740356445298
TJK,2004,19.584060668945298
TJK,2005,20.151950836181602
TJK,2006,21.302490234375
TJK,2007,22.2864494323731
TJK,2008,22.7512302398682
TJK,2009,22.523929595947301
TJK,2010,22.830890655517599
TJK,2011,22.319940567016602
TJK,2012,22.692359924316399
TJK,2013,22.616439819335898
TJK,2014,24.226009368896499
TJK,2015,26.066909790039102
TJK,2016,28.517910003662099
TJK,2017,30.237470626831101
TJK,2018,
TJK,2019,
TJK,2020,34.667645819591101
TKM,1990,11.7992095947266
TKM,1991,21.024909973144499
TKM,1992,
TKM,1993,
TKM,1994,
TKM,1995,
TKM,1996,
TKM,1997,
TKM,1998,
TKM,1999,
TKM,2000,
TKM,2001,
TKM,2002,
TKM,2003,
TKM,2004,
TKM,2005,
TKM,2006,
TKM,2007,
TKM,2008,
TKM,2009,
TKM,2010,
TKM,2011,
TKM,2012,
TKM,2013,
TKM,2014,7.0009363797729396
TKM,2015,
TKM,2016,
TKM,2017,
TKM,2018,
TKM,2019,11.0507708201956
TKM,2020,12.408570257635599
TLS,1990,
TLS,1991,
TLS,1992,
TLS,1993,
TLS,1994,
TLS,1995,
TLS,1996,
TLS,1997,
TLS,1998,
TLS,1999,
TLS,2000,
TLS,2001,
TLS,2002,8.40392971038818
TLS,2003,
TLS,2004,
TLS,2005,
TLS,2006,
TLS,2007,
TLS,2008,
TLS,2009,16.515600204467798
TLS,2010,17.702909469604499
TLS,2011,
TLS,2012,
TLS,2013,
TLS,2014,
TLS,2015,
TLS,2016,
TLS,2017,
TLS,2018,
TLS,2019,
TLS,2020,
TON,1990,
TON,1991,
TON,1992,
TON,1993,
TON,1994,
TON,1995,
TON,1996,
TON,1997,
TON,1998,
TON,1999,3.42492008209229
TON,2000,5.3739299774169904
TON,2001,4.6266999244689897
TON,2002,6.1286997795104998
TON,2003,6.8239898681640598
TON,2004,
TON,2005,
TON,2006,
TON,2007,
TON,2008,
TON,2009,
TON,2010,
TON,2011,
TON,2012,
TON,2013,
TON,2014,
TON,2015,
TON,2016,
TON,2017,
TON,2018,
TON,2019,
TON,2020,21.278298650811799
TTO,1990,
TTO,1991,6.5735101699829102
TTO,1992,6.7226800918579102
TTO,1993,7.2165498733520499
TTO,1994,
TTO,1995,
TTO,1996,
TTO,1997,
TTO,1998,
TTO,1999,5.8103599548339799
TTO,2000,5.7581501007080096
TTO,2001,6.2536802291870099
TTO,2002,8.5869598388671893
TTO,2003,8.7043199539184606
TTO,2004,11.8308000564575
TTO,2005,
TTO,2006,
TTO,2007,
TTO,2008,
TTO,2009,
TTO,2010,
TTO,2011,
TTO,2012,
TTO,2013,
TTO,2014,
TTO,2015,
TTO,2016,
TTO,2017,
TTO,2018,
TTO,2019,
TTO,2020,
TUN,1990,7.6366701126098597
TUN,1991,8.3627595901489293
TUN,1992,9.2115297317504901
TUN,1993,10.3985395431519
TUN,1994,11.024609565734901
TUN,1995,11.4788904190063
TUN,1996,12.3348503112793
TUN,1997,13.0872402191162
TUN,1998,14.4664297103882
TUN,1999,16.054599761962901
TUN,2000,18.247270584106399
TUN,2001,20.596340179443398
TUN,2002,22.057090759277301
TUN,2003,25.974290847778299
TUN,2004,28.322050094604499
TUN,2005,30.426349639892599
TUN,2006,31.5884609222412
TUN,2007,32.141681671142599
TUN,2008,33.582748413085902
TUN,2009,35.308181762695298
TUN,2010,36.042530059814503
TUN,2011,35.942798614502003
TUN,2012,36.069309234619098
TUN,2013,34.213008880615199
TUN,2014,33.725231170654297
TUN,2015,33.373851776122997
TUN,2016,31.212810516357401
TUN,2017,30.927749633789102
TUN,2018,30.959470748901399
TUN,2019,31.4410896301269
TUN,2020,32.518199920654297
TUR,1990,12.0200004577637
TUR,1991,12.9068098068237
TUR,1992,13.753210067749
TUR,1993,15.489830017089799
TUR,1994,18.949609756469702
TUR,1995,19.249710083007798
TUR,1996,
TUR,1997,22.7995204925537
TUR,1998,22.001060485839801
TUR,1999,22.477199554443398
TUR,2000,
TUR,2001,25.038450241088899
TUR,2002,25.933429718017599
TUR,2003,29.7210502624512
TUR,2004,30.766250610351602
TUR,2005,33.222518920898402
TUR,2006,37.3102416992188
TUR,2007,39.387401580810497
TUR,2008,40.772960662841797
TUR,2009,46.940460205078097
TUR,2010,56.750621795654297
TUR,2011,61.516300201416001
TUR,2012,70.104499816894503
TUR,2013,79.646957397460895
TUR,2014,86.9976806640625
TUR,2015,95.564506530761705
TUR,2016,103.71558380127
TUR,2017,110.534072875977
TUR,2018,115.46246337890599
TUR,2019,117.00547027587901
TUR,2020,118.883682250977
TUV,1990,
TUV,1991,
TUV,1992,
TUV,1993,
TUV,1994,
TUV,1995,
TUV,1996,
TUV,1997,
TUV,1998,
TUV,1999,
TUV,2000,
TUV,2001,
TUV,2002,
TUV,2003,
TUV,2004,
TUV,2005,
TUV,2006,
TUV,2007,
TUV,2008,
TUV,2009,
TUV,2010,
TUV,2011,
TUV,2012,
TUV,2013,
TUV,2014,
TUV,2015,
TUV,2016,
TUV,2017,
TUV,2018,
TUV,2019,
TUV,2020,
TZA,1990,
TZA,1991,0.33186000585556003
TZA,1992,0.338530004024506
TZA,1993,0.378969997167587
TZA,1994,0.39408999681472801
TZA,1995,0.44846999645233099
TZA,1996,0.50594002008438099
TZA,1997,0.60356998443603505
TZA,1998,0.52179998159408603
TZA,1999,0.60271000862121604
TZA,2000,0.64341002702713002
TZA,2001,0.66246002912521396
TZA,2002,0.69742000102996804
TZA,2003,0.89796000719070401
TZA,2004,1.2152400016784699
TZA,2005,1.4277199506759599
TZA,2006,
TZA,2007,1.4631099700927701
TZA,2008,
TZA,2009,
TZA,2010,2.1391362175342699
TZA,2011,
TZA,2012,3.9646194716133301
TZA,2013,3.67337417645482
TZA,2014,
TZA,2015,3.9836107713250102
TZA,2016,3.7289393992540401
TZA,2017,4.7820536115313796
TZA,2018,4.27996511118124
TZA,2019,2.8558889882660798
TZA,2020,7.1818826577518697
UGA,1990,1.0555900335311901
UGA,1991,1.23331999778748
UGA,1992,1.20323002338409
UGA,1993,1.3078199625015301
UGA,1994,1.4531600475311299
UGA,1995,1.5566600561142001
UGA,1996,1.78656005859375
UGA,1997,
UGA,1998,
UGA,1999,1.9514000415802
UGA,2000,2.6123199462890598
UGA,2001,2.8511600494384801
UGA,2002,3.5437500476837198
UGA,2003,3.7790400981903098
UGA,2004,3.6594800949096702
UGA,2005,
UGA,2006,3.5614700317382799
UGA,2007,
UGA,2008,3.80542993545532
UGA,2009,4.1919398307800302
UGA,2010,3.9166100025177002
UGA,2011,4.3765802383422896
UGA,2012,3.7498700618743901
UGA,2013,
UGA,2014,4.6189999580383301
UGA,2015,
UGA,2016,
UGA,2017,
UGA,2018,
UGA,2019,
UGA,2020,
UKR,1990,46.614749908447301
UKR,1991,45.606758117675803
UKR,1992,45.646461486816399
UKR,1993,43.972049713134801
UKR,1994,41.646549224853501
UKR,1995,43.584869384765597
UKR,1996,43.076389312744098
UKR,1997,
UKR,1998,46.256080627441399
UKR,1999,48.156978607177699
UKR,2000,50.507118225097699
UKR,2001,52.910110473632798
UKR,2002,56.645679473877003
UKR,2003,60.255321502685497
UKR,2004,63.440750122070298
UKR,2005,66.889862060546903
UKR,2006,71.939811706542997
UKR,2007,76.262756347656193
UKR,2008,79.732521057128906
UKR,2009,82.499252319335895
UKR,2010,81.908251085865501
UKR,2011,84.798105962978397
UKR,2012,83.879899989159796
UKR,2013,81.532011256884402
UKR,2014,83.784217461324502
UKR,2015,76.864655647692899
UKR,2016,77.039837469543798
UKR,2017,80.199024694339101
UKR,2018,81.494671621044603
UKR,2019,84.48135621115
UKR,2020,82.134599218073106
URY,1990,30.11083984375
URY,1991,30.7541999816894
URY,1992,28.0859699249268
URY,1993,
URY,1994,
URY,1995,
URY,1996,29.964319229126001
URY,1997,
URY,1998,35.438400268554702
URY,1999,33.619789123535199
URY,2000,33.8414497375488
URY,2001,37.779159545898402
URY,2002,39.583229064941399
URY,2003,41.762969970703097
URY,2004,42.765609741210902
URY,2005,44.383670806884801
URY,2006,45.339981079101598
URY,2007,50.392131805419901
URY,2008,51.062759399414098
URY,2009,50.943809509277301
URY,2010,51.888430351271197
URY,2011,52.5558159999377
URY,2012,54.7069093768187
URY,2013,59.9512588300598
URY,2014,59.826704311423001
URY,2015,57.7897211461691
URY,2016,59.646294575806898
URY,2017,59.751890428693301
URY,2018,60.278134296800197
URY,2019,61.9644279466795
URY,2020,64.933215010721398
USA,1990,71.4957275390625
USA,1991,72.812797546386705
USA,1992,77.062660217285199
USA,1993,78.714416503906193
USA,1994,79.476432800292997
USA,1995,80.342529296875
USA,1996,79.337333679199205
USA,1997,
USA,1998,70.899620056152301
USA,1999,71.37548828125
USA,2000,
USA,2001,
USA,2002,
USA,2003,
USA,2004,
USA,2005,80.634826660156193
USA,2006,
USA,2007,
USA,2008,
USA,2009,
USA,2010,
USA,2011,
USA,2012,
USA,2013,88.726417541503906
USA,2014,88.626869201660199
USA,2015,88.889411926269503
USA,2016,88.835052490234403
USA,2017,88.167388916015597
USA,2018,88.299179077148395
USA,2019,87.888710021972699
USA,2020,87.567657470703097
UZB,1990,16.854549407958999
UZB,1991,17.0046997070312
UZB,1992,16.437440872192401
UZB,1993,
UZB,1994,
UZB,1995,
UZB,1996,
UZB,1997,
UZB,1998,
UZB,1999,12.9796800613403
UZB,2000,13.008110046386699
UZB,2001,13.297869682311999
UZB,2002,13.737999916076699
UZB,2003,13.835060119628899
UZB,2004,13.852789878845201
UZB,2005,9.8444499969482404
UZB,2006,9.9605302810668892
UZB,2007,9.8314304351806605
UZB,2008,9.8993396759033203
UZB,2009,9.8161096572875994
UZB,2010,8.8565323701225296
UZB,2011,8.5849794757320801
UZB,2012,7.84954008903504
UZB,2013,7.9767696341609504
UZB,2014,7.9923186940546902
UZB,2015,8.0532081463957503
UZB,2016,8.3395837799809307
UZB,2017,8.6475030701938191
UZB,2018,9.9585552235171093
UZB,2019,13.0316667432446
UZB,2020,15.972095708489199
VCT,1990,6.0625100135803196
VCT,1991,
VCT,1992,
VCT,1993,
VCT,1994,
VCT,1995,
VCT,1996,
VCT,1997,
VCT,1998,
VCT,1999,
VCT,2000,
VCT,2001,
VCT,2002,
VCT,2003,
VCT,2004,
VCT,2005,
VCT,2006,
VCT,2007,
VCT,2008,
VCT,2009,
VCT,2010,13.4546976354886
VCT,2011,20.6017072662919
VCT,2012,19.801673380849099
VCT,2013,19.765511516912198
VCT,2014,23.9405403137207
VCT,2015,23.618629455566399
VCT,2016,23.668307967770801
VCT,2017,25.721542368967899
VCT,2018,26.014035922445601
VCT,2019,29.685396009303499
VCT,2020,33.669227862451201
VEN,1990,26.876979827880898
VEN,1991,27.4910392761231
VEN,1992,27.043460845947301
VEN,1993,
VEN,1994,
VEN,1995,
VEN,1996,
VEN,1997,
VEN,1998,
VEN,1999,
VEN,2000,27.811489105224599
VEN,2001,
VEN,2002,37.518970489502003
VEN,2003,39.206340789794901
VEN,2004,41.2058296203613
VEN,2005,
VEN,2006,
VEN,2007,
VEN,2008,78.251502990722699
VEN,2009,78.269920349121094
VEN,2010,
VEN,2011,
VEN,2012,
VEN,2013,
VEN,2014,
VEN,2015,
VEN,2016,
VEN,2017,
VEN,2018,
VEN,2019,
VEN,2020,
VGB,1990,
VGB,1991,
VGB,1992,
VGB,1993,
VGB,1994,
VGB,1995,
VGB,1996,
VGB,1997,
VGB,1998,
VGB,1999,57.798778533935497
VGB,2000,49.8008003234863
VGB,2001,43.840099334716797
VGB,2002,47.823341369628899
VGB,2003,
VGB,2004,65.437789916992202
VGB,2005,
VGB,2006,
VGB,2007,
VGB,2008,
VGB,2009,70.488937377929702
VGB,2010,
VGB,2011,
VGB,2012,
VGB,2013,
VGB,2014,
VGB,2015,40.341463414634099
VGB,2016,39.173320807891002
VGB,2017,
VGB,2018,17.755102040816301
VGB,2019,24.253232278198801
VGB,2020,30.475763016158002
VIR,1990,
VIR,1991,29.536470413208001
VIR,1992,31.271720886230501
VIR,1993,33.551349639892599
VIR,1994,
VIR,1995,
VIR,1996,
VIR,1997,
VIR,1998,
VIR,1999,
VIR,2000,
VIR,2001,
VIR,2002,
VIR,2003,
VIR,2004,
VIR,2005,
VIR,2006,
VIR,2007,
VIR,2008,
VIR,2009,
VIR,2010,
VIR,2011,
VIR,2012,
VIR,2013,
VIR,2014,
VIR,2015,
VIR,2016,
VIR,2017,
VIR,2018,
VIR,2019,
VIR,2020,
VNM,1990,3.0539600849151598
VNM,1991,2.0498900413513201
VNM,1992,1.6264499425888099
VNM,1993,2.01602005958557
VNM,1994,2.2471499443054199
VNM,1995,2.8320000171661399
VNM,1996,4.0636301040649396
VNM,1997,6.8408799171447798
VNM,1998,9.5381002426147496
VNM,1999,10.4174203872681
VNM,2000,9.2474098205566406
VNM,2001,9.3010301589965803
VNM,2002,9.5572299957275408
VNM,2003,9.9179296493530291
VNM,2004,
VNM,2005,15.8760204315185
VNM,2006,16.805250167846701
VNM,2007,18.9504508972168
VNM,2008,20.055200576782202
VNM,2009,21.500719070434599
VNM,2010,23.9250975429329
VNM,2011,25.8674734818525
VNM,2012,25.748709122203099
VNM,2013,25.624941276959198
VNM,2014,31.330638929388702
VNM,2015,29.725079740299901
VNM,2016,29.081198083940901
VNM,2017,25.9526307046456
VNM,2018,
VNM,2019,30.224119186401399
VNM,2020,
VUT,1990,
VUT,1991,
VUT,1992,
VUT,1993,
VUT,1994,
VUT,1995,
VUT,1996,
VUT,1997,
VUT,1998,
VUT,1999,4.5567297935485804
VUT,2000,4.5441999435424796
VUT,2001,4.5063099861145002
VUT,2002,5.4170198440551802
VUT,2003,4.8640298843383798
VUT,2004,4.8779201507568404
VUT,2005,
VUT,2006,
VUT,2007,
VUT,2008,
VUT,2009,
VUT,2010,
VUT,2011,
VUT,2012,
VUT,2013,
VUT,2014,
VUT,2015,
VUT,2016,
VUT,2017,
VUT,2018,
VUT,2019,
VUT,2020,
WSM,1990,
WSM,1991,
WSM,1992,
WSM,1993,
WSM,1994,
WSM,1995,
WSM,1996,
WSM,1997,
WSM,1998,8.5551004409790004
WSM,1999,11.0324897766113
WSM,2000,7.18760013580322
WSM,2001,
WSM,2002,
WSM,2003,
WSM,2004,
WSM,2005,
WSM,2006,
WSM,2007,
WSM,2008,
WSM,2009,
WSM,2010,
WSM,2011,
WSM,2012,
WSM,2013,
WSM,2014,
WSM,2015,
WSM,2016,
WSM,2017,13.2596995097127
WSM,2018,14.1633542972529
WSM,2019,13.5792119039657
WSM,2020,17.330345464317698
XKX,1990,
XKX,1991,
XKX,1992,
XKX,1993,
XKX,1994,
XKX,1995,
XKX,1996,
XKX,1997,
XKX,1998,
XKX,1999,
XKX,2000,
XKX,2001,
XKX,2002,
XKX,2003,
XKX,2004,
XKX,2005,
XKX,2006,
XKX,2007,
XKX,2008,
XKX,2009,
XKX,2010,
XKX,2011,
XKX,2012,
XKX,2013,
XKX,2014,
XKX,2015,
XKX,2016,
XKX,2017,
XKX,2018,
XKX,2019,
XKX,2020,
YEM,1990,
YEM,1991,
YEM,1992,3.9902501106262198
YEM,1993,
YEM,1994,
YEM,1995,
YEM,1996,
YEM,1997,3.9720699787139901
YEM,1998,
YEM,1999,9.0114297866821307
YEM,2000,
YEM,2001,
YEM,2002,9.1837596893310494
YEM,2003,8.7811698913574201
YEM,2004,8.3586101531982404
YEM,2005,8.3372001647949201
YEM,2006,8.0074300765991193
YEM,2007,9.0486402511596697
YEM,2008,9.2086000442504901
YEM,2009,9.6977901458740199
YEM,2010,9.2615404129028303
YEM,2011,8.8069000244140607
YEM,2012,
YEM,2013,
YEM,2014,
YEM,2015,
YEM,2016,
YEM,2017,
YEM,2018,
YEM,2019,
YEM,2020,
ZAF,1990,11.43630027771
ZAF,1991,11.845069885253899
ZAF,1992,12.3273200988769
ZAF,1993,13.6232995986938
ZAF,1994,15.7045001983643
ZAF,1995,
ZAF,1996,
ZAF,1997,
ZAF,1998,
ZAF,1999,
ZAF,2000,
ZAF,2001,
ZAF,2002,
ZAF,2003,
ZAF,2004,
ZAF,2005,
ZAF,2006,
ZAF,2007,
ZAF,2008,
ZAF,2009,
ZAF,2010,
ZAF,2011,
ZAF,2012,17.9447234835981
ZAF,2013,18.608822530534201
ZAF,2014,18.481335637006701
ZAF,2015,19.033294953766099
ZAF,2016,18.9292980324153
ZAF,2017,21.090290960321202
ZAF,2018,22.351542518423098
ZAF,2019,22.244246510402299
ZAF,2020,22.614874257200899
ZMB,1990,2.0848801136016899
ZMB,1991,
ZMB,1992,
ZMB,1993,
ZMB,1994,
ZMB,1995,
ZMB,1996,
ZMB,1997,
ZMB,1998,2.3989999294281001
ZMB,1999,2.3826599121093799
ZMB,2000,
ZMB,2001,
ZMB,2002,
ZMB,2003,
ZMB,2004,
ZMB,2005,
ZMB,2006,
ZMB,2007,
ZMB,2008,
ZMB,2009,
ZMB,2010,
ZMB,2011,3.99062158481189
ZMB,2012,3.9615973876382502
ZMB,2013,
ZMB,2014,
ZMB,2015,
ZMB,2016,
ZMB,2017,
ZMB,2018,
ZMB,2019,
ZMB,2020,
ZWE,1990,5.2350702285766602
ZWE,1991,5.2987599372863796
ZWE,1992,6.0151801109314
ZWE,1993,
ZWE,1994,
ZWE,1995,
ZWE,1996,
ZWE,1997,
ZWE,1998,
ZWE,1999,
ZWE,2000,
ZWE,2001,
ZWE,2002,
ZWE,2003,
ZWE,2004,
ZWE,2005,
ZWE,2006,
ZWE,2007,
ZWE,2008,
ZWE,2009,
ZWE,2010,6.9457720142893002
ZWE,2011,7.1112266437159999
ZWE,2012,7.12874147164551
ZWE,2013,7.31873655658947
ZWE,2014,
ZWE,2015,11.048902037007601
ZWE,2016,
ZWE,2017,
ZWE,2018,
ZWE,2019,
ZWE,2020,
