country,year,GDP_per_capita
ABW,1990,24763.653809938402
ABW,1991,25460.3630272927
ABW,1992,25743.445501002501
ABW,1993,25870.153396050398
ABW,1994,26581.976748899699
ABW,1995,26504.186418080899
ABW,1996,25779.597928224699
ABW,1997,26547.416607669598
ABW,1998,26418.088330272702
ABW,1999,26384.810593513699
ABW,2000,28104.8954362859
ABW,2001,29007.7386958774
ABW,2002,28535.463948022199
ABW,2003,28525.807706383901
ABW,2004,29959.774818958202
ABW,2005,29081.706699789702
ABW,2006,28885.911870046901
ABW,2007,29556.838468655402
ABW,2008,29870.664807700501
ABW,2009,26204.0597361984
ABW,2010,25429.2180974853
ABW,2011,26093.054208322701
ABW,2012,25444.7336646687
ABW,2013,26680.141120634202
ABW,2014,26773.822910239101
ABW,2015,27458.220153750601
ABW,2016,27587.249804048301
ABW,2017,28548.8904317739
ABW,2018,29419.208623316001
ABW,2019,29700.363467056501
ABW,2020,22718.229444500699
AFG,1990,
AFG,1991,
AFG,1992,
AFG,1993,
AFG,1994,
AFG,1995,
AFG,1996,
AFG,1997,
AFG,1998,
AFG,1999,
AFG,2000,308.31826974663801
AFG,2001,277.118051443941
AFG,2002,338.13997364338701
AFG,2003,346.07162709622298
AFG,2004,338.637273888197
AFG,2005,363.64014143677298
AFG,2006,367.75831169358003
AFG,2007,410.75772887909699
AFG,2008,417.647282647498
AFG,2009,488.83065249194902
AFG,2010,542.87103047603705
AFG,2011,525.42698276581996
AFG,2012,568.92902145834103
AFG,2013,580.60383333309596
AFG,2014,575.14624580854604
AFG,2015,565.56973040875096
AFG,2016,563.87233672314699
AFG,2017,562.76957414098797
AFG,2018,553.12515168829304
AFG,2019,557.86153320745905
AFG,2020,527.83455449930602
AGO,1990,2675.05239369334
AGO,1991,2612.3317051993299
AGO,1992,2380.5827421400099
AGO,1993,1752.7231866103
AGO,1994,1719.54294463666
AGO,1995,1912.51777520778
AGO,1996,2099.3504538325101
AGO,1997,2176.8775798399301
AGO,1998,2203.9869270140198
AGO,1999,2179.0642697319699
AGO,2000,2172.46326718726
AGO,2001,2189.1735215804802
AGO,2002,2404.9779207173501
AGO,2003,2403.4041515724198
AGO,2004,2583.3241146150799
AGO,2005,2843.3966357992099
AGO,2006,3065.0557624415501
AGO,2007,3336.3633246549098
AGO,2008,3559.1952251253801
AGO,2009,3494.8072446646802
AGO,2010,3540.7915956868101
AGO,2011,3528.16824373698
AGO,2012,3682.3522932307501
AGO,2013,3716.2971872759699
AGO,2014,3746.8161997893098
AGO,2015,3641.72893920253
AGO,2016,3505.5963468179202
AGO,2017,3378.0758810259799
AGO,2018,3246.8785714099699
AGO,2019,3105.5997124267201
AGO,2020,2847.2424157824298
ALB,1990,1682.8810874018
ALB,1991,1218.9642731736201
ALB,1992,1138.23773998809
ALB,1993,1254.6788841488799
ALB,1994,1367.2205896371199
ALB,1995,1558.9663856546099
ALB,1996,1683.7696554742399
ALB,1997,1495.90035328523
ALB,1998,1630.43874131845
ALB,1999,1841.8076276056599
ALB,2000,1991.91435867116
ALB,2001,2188.91854451375
ALB,2002,2297.1085351392398
ALB,2003,2428.6893465356302
ALB,2004,2567.2976368712102
ALB,2005,2712.8698383033102
ALB,2006,2894.3603258017401
ALB,2007,3105.8796756386
ALB,2008,3345.9816176147601
ALB,2009,3459.24695646692
ALB,2010,3579.8241318104601
ALB,2011,3677.89457937717
ALB,2012,3771.8478186201501
ALB,2013,3895.8997562194199
ALB,2014,4045.11934884933
ALB,2015,4199.5391292539798
ALB,2016,4431.55635814168
ALB,2017,4648.2307866065803
ALB,2018,4893.8237553871704
ALB,2019,5072.4364835473898
ALB,2020,4980.61699524696
AND,1990,31143.146875717201
AND,1991,29642.305981748101
AND,1992,28161.942493762701
AND,1993,26518.2336337044
AND,1994,26587.138304690099
AND,1995,27619.506061826702
AND,1996,28871.216075229699
AND,1997,31140.689681981301
AND,1998,31800.3640678661
AND,1999,32938.643741183201
AND,2000,34113.817378394902
AND,2001,36790.103708602197
AND,2002,38084.484310858898
AND,2003,39620.320160516101
AND,2004,40054.321153142097
AND,2005,40528.174862380001
AND,2006,41322.052921384602
AND,2007,40789.158969774799
AND,2008,37775.1261404342
AND,2009,35604.384009819601
AND,2010,36277.264442533102
AND,2011,37637.486834286603
AND,2012,36206.978435644603
AND,2013,35684.169434773699
AND,2014,37300.624419709602
AND,2015,38654.934721720703
AND,2016,40085.020598622003
AND,2017,39361.062264869899
AND,2018,39242.144897509897
AND,2019,39346.275035865001
AND,2020,34536.649922255601
ARE,1990,66481.589746643804
ARE,1991,63430.906618064997
ARE,1992,62201.818382812999
ARE,1993,59942.990798835097
ARE,1994,61156.7439104734
ARE,1995,62393.299324125001
ARE,1996,61871.421110981399
ARE,1997,61715.531199450197
ARE,1998,57355.896505409597
ARE,1999,54943.770569469001
ARE,2000,56939.3600767998
ARE,2001,54169.413570156503
ARE,2002,52216.831833817501
ARE,2003,53619.166287595799
ARE,2004,55611.437634412498
ARE,2005,55363.581819699801
ARE,2006,56629.971311754503
ARE,2007,52038.622939312198
ARE,2008,47922.6941430472
ARE,2009,42672.194622262701
ARE,2010,42328.846681859999
ARE,2011,43687.791942454598
ARE,2012,43958.577967071302
ARE,2013,44312.632046350504
ARE,2014,44257.665208545099
ARE,2015,44910.345886077601
ARE,2016,45168.4955973912
ARE,2017,43293.020236076503
ARE,2018,43377.802601486001
ARE,2019,43468.453470501299
ARE,2020,39878.466389638903
ARG,1990,8115.0938637075296
ARG,1991,8729.8231851889195
ARG,1992,9293.1869225174796
ARG,1993,9920.6735858243701
ARG,1994,10359.8927204871
ARG,1995,9934.1077613951493
ARG,1996,10352.1400002191
ARG,1997,11056.688133100201
ARG,1998,11348.2022124673
ARG,1999,10838.319934638699
ARG,2000,10631.6503639029
ARG,2001,10051.944846304301
ARG,2002,8861.5619928227807
ARG,2003,9545.5319411999408
ARG,2004,10302.4465316428
ARG,2005,11099.7509190602
ARG,2006,11870.2791559298
ARG,2007,12811.9021206578
ARG,2008,13197.357026702901
ARG,2009,12285.378465186501
ARG,2010,13387.155374845801
ARG,2011,14040.618912444401
ARG,2012,13754.4254235596
ARG,2013,13946.0950832252
ARG,2014,13456.131915915101
ARG,2015,13679.6264980954
ARG,2016,13265.8860639123
ARG,2017,13520.1129846159
ARG,2018,13058.3285449954
ARG,2019,12706.3978108968
ARG,2020,11393.050595787699
ARM,1990,1644.0221450215799
ARM,1991,1426.8279135714399
ARM,1992,840.20525917740201
ARM,1993,792.56785924638098
ARM,1994,857.39447481296895
ARM,1995,932.35782947180701
ARM,1996,995.72827531987195
ARM,1997,1039.0798243009001
ARM,1998,1128.0988884522701
ARM,1999,1180.45341995952
ARM,2000,1229.2151043610199
ARM,2001,1351.1207269455499
ARM,2002,1535.20452885187
ARM,2003,1759.6468482938601
ARM,2004,1955.22262459229
ARM,2005,2240.0927320978799
ARM,2006,2551.4354635845202
ARM,2007,2919.3734936372998
ARM,2008,3141.33193500774
ARM,2009,2716.9743628047099
ARM,2010,2796.0814342804301
ARM,2011,2943.8368711931498
ARM,2012,3159.7586078688901
ARM,2013,3266.2988299987301
ARM,2014,3393.0925232688401
ARM,2015,3512.39350276709
ARM,2016,3533.8850360700699
ARM,2017,3815.3747426036998
ARM,2018,4027.8339301097899
ARM,2019,4343.4583958301901
ARM,2020,4032.0904345495501
ASM,1990,
ASM,1991,
ASM,1992,
ASM,1993,
ASM,1994,
ASM,1995,
ASM,1996,
ASM,1997,
ASM,1998,
ASM,1999,
ASM,2000,
ASM,2001,
ASM,2002,13054.6364326897
ASM,2003,13201.734751616599
ASM,2004,13291.535662685101
ASM,2005,13284.2791128875
ASM,2006,12794.7565021718
ASM,2007,13092.3111393408
ASM,2008,12809.463307968301
ASM,2009,12342.057538401599
ASM,2010,12446.308626501501
ASM,2011,12521.809505864399
ASM,2012,12068.266737498299
ASM,2013,11871.7937192729
ASM,2014,12203.0894714284
ASM,2015,12727.4102651386
ASM,2016,12665.2829921268
ASM,2017,11930.777123682599
ASM,2018,12412.602407456199
ASM,2019,12524.0160252283
ASM,2020,13194.274740127999
ATG,1990,13166.5241173582
ATG,1991,13385.0114363295
ATG,1992,13326.272879649599
ATG,1993,13776.8264136781
ATG,1994,14420.4693979194
ATG,1995,13519.5287711166
ATG,1996,14117.8679127333
ATG,1997,14588.3079841576
ATG,1998,14991.780261068399
ATG,1999,15282.973398590701
ATG,2000,15961.0918359058
ATG,2001,15003.4389169034
ATG,2002,14968.070301388299
ATG,2003,15703.934714549099
ATG,2004,16433.413054148299
ATG,2005,17301.213431751799
ATG,2006,19259.6486517907
ATG,2007,20770.268973284401
ATG,2008,20464.786306605001
ATG,2009,17746.700856040999
ATG,2010,16135.397384487
ATG,2011,15633.909113182101
ATG,2012,15989.3900199779
ATG,2013,15748.195202422599
ATG,2014,15967.284996712
ATG,2015,16077.6340769406
ATG,2016,16635.895232831001
ATG,2017,16992.932749523599
ATG,2018,18042.159643572701
ATG,2019,18525.258890716701
ATG,2020,14950.894239720799
AUS,1990,36975.419900790803
AUS,1991,36366.696239761201
AUS,1992,36117.544650344098
AUS,1993,37246.004433236303
AUS,1994,38356.769197669302
AUS,1995,39407.5647528439
AUS,1996,40437.094186485701
AUS,1997,41569.165367939102
AUS,1998,43081.720171817899
AUS,1999,44755.659972131798
AUS,2000,45979.076565404801
AUS,2001,46314.623529796801
AUS,2002,47599.407928931199
AUS,2003,48509.663218036301
AUS,2004,50018.590448386101
AUS,2005,50972.640519744004
AUS,2006,51682.892523053699
AUS,2007,52671.325846724001
AUS,2008,53497.275355341997
AUS,2009,53430.527478165102
AUS,2010,53768.349733440999
AUS,2011,54296.232132481397
AUS,2012,55465.446287257699
AUS,2013,55966.1509270561
AUS,2014,56571.806252443697
AUS,2015,56970.361302809397
AUS,2016,57632.999592559398
AUS,2017,57991.771347333
AUS,2018,58772.706315221301
AUS,2019,59181.299790413097
AUS,2020,58377.767051780203
AUT,1990,31167.185797869799
AUT,1991,31919.557352027801
AUT,1992,32231.121614152202
AUT,1993,32134.829913593701
AUT,1994,32780.341942336898
AUT,1995,33603.427826355801
AUT,1996,34301.656215138202
AUT,1997,34998.032117393399
AUT,1998,36180.749057126501
AUT,1999,37468.869886979403
AUT,2000,38571.0858780001
AUT,2001,38929.753800544997
AUT,2002,39313.722510754502
AUT,2003,39569.288556732899
AUT,2004,40333.330718389399
AUT,2005,40989.013177897497
AUT,2006,42120.155700202202
AUT,2007,43568.8302243941
AUT,2008,44063.864201991601
AUT,2009,42372.4758254763
AUT,2010,43035.407353193303
AUT,2011,44146.195680529403
AUT,2012,44221.459953089303
AUT,2013,43851.367549740396
AUT,2014,43838.8345892137
AUT,2015,43915.228020857001
AUT,2016,44362.6702805116
AUT,2017,45056.638591241201
AUT,2018,45951.581916403396
AUT,2019,46550.562245949201
AUT,2020,43428.698313723398
AZE,1990,2866.41060718579
AZE,1991,2808.7274444490599
AZE,1992,2141.3400383701701
AZE,1993,1621.9180939560699
AZE,1994,1284.9555507345799
AZE,1995,1120.30867792344
AZE,1996,1123.4479384450401
AZE,1997,1177.1968599023201
AZE,1998,1282.68413749503
AZE,1999,1365.56585147028
AZE,2000,1504.7310670603499
AZE,2001,1640.93664540398
AZE,2002,1782.47319183639
AZE,2003,1949.6060841733099
AZE,2004,2111.4533834475001
AZE,2005,2674.3688564996
AZE,2006,3556.8321285813299
AZE,2007,4412.2032611793202
AZE,2008,4778.12452736673
AZE,2009,5118.4339549468696
AZE,2010,5300.1104872906199
AZE,2011,5149.2066591320599
AZE,2012,5193.1750111955198
AZE,2013,5425.9955978057797
AZE,2014,5508.6026561267599
AZE,2015,5500.5036462848602
AZE,2016,5272.7181714186099
AZE,2017,5229.2525999341296
AZE,2018,5261.9293823443204
AZE,2019,5346.9531860411398
AZE,2020,5087.5002278362699
BDI,1990,373.24524168799201
BDI,1991,383.87035858919103
BDI,1992,377.51831969787401
BDI,1993,365.28201227170501
BDI,1994,349.01624923776802
BDI,1995,302.70184452460398
BDI,1996,278.29347986698298
BDI,1997,273.88954833289603
BDI,1998,281.47089271642199
BDI,1999,272.03086478897302
BDI,2000,264.15440718022302
BDI,2001,262.91388577438403
BDI,2002,266.968141648342
BDI,2003,255.50082338561199
BDI,2004,258.05000911533301
BDI,2005,250.87893347593501
BDI,2006,255.105582251925
BDI,2007,254.31172551633099
BDI,2008,256.01246155449599
BDI,2009,252.582019875886
BDI,2010,253.30857774992401
BDI,2011,254.242110648215
BDI,2012,256.18039393187399
BDI,2013,259.31111720335502
BDI,2014,261.29672175200199
BDI,2015,254.40258522678801
BDI,2016,258.06197080406298
BDI,2017,261.72583928723901
BDI,2018,267.50869217268701
BDI,2019,270.41100571080898
BDI,2020,263.46387636259698
BEL,1990,29609.620751672399
BEL,1991,30040.550840409502
BEL,1992,30376.874534246199
BEL,1993,29967.394424160098
BEL,1994,30839.241433646501
BEL,1995,31508.622663522001
BEL,1996,31862.669386813199
BEL,1997,32991.5010116146
BEL,1998,33566.987591950703
BEL,1999,34676.605155526297
BEL,2000,35878.315358619497
BEL,2001,36148.288092430601
BEL,2002,36600.862592332
BEL,2003,36826.2699296094
BEL,2004,37976.697296744198
BEL,2005,38645.260519336203
BEL,2006,39371.085827744799
BEL,2007,40520.084320700902
BEL,2008,40380.907500404202
BEL,2009,39293.637546824997
BEL,2010,39991.564620628596
BEL,2011,40236.959630855803
BEL,2012,40074.492800398999
BEL,2013,40007.899789141098
BEL,2014,40533.913502789801
BEL,2015,40893.804537771997
BEL,2016,41172.886283120897
BEL,2017,41619.328629169002
BEL,2018,42208.362565027201
BEL,2019,43006.404230886299
BEL,2020,40769.021807296202
BEN,1990,749.45966658292605
BEN,1991,757.40314510787698
BEN,1992,756.08088816585098
BEN,1993,765.47991443834201
BEN,1994,752.27750874076401
BEN,1995,781.06478846009998
BEN,1996,793.79505269619995
BEN,1997,814.90139543867599
BEN,1998,821.45997143359898
BEN,1999,838.97678697576805
BEN,2000,861.21329201320896
BEN,2001,879.85446377364497
BEN,2002,893.13710096163402
BEN,2003,896.14676320173601
BEN,2004,907.62443120937803
BEN,2005,893.91536869992001
BEN,2006,900.62053578735004
BEN,2007,926.74011375407099
BEN,2008,943.20338030386199
BEN,2009,936.56565107155404
BEN,2010,928.24665532914401
BEN,2011,927.71641283670704
BEN,2012,943.91877153100097
BEN,2013,982.39920629051596
BEN,2014,1014.4330062135
BEN,2015,1002.41886879614
BEN,2016,1006.03926633023
BEN,2017,1032.9047119418201
BEN,2018,1071.5045215693201
BEN,2019,1114.1730452644299
BEN,2020,1126.65404122154
BFA,1990,332.15327666093498
BFA,1991,353.20672075737798
BFA,1992,345.40181682334901
BFA,1993,348.581211032689
BFA,1994,344.37118406950299
BFA,1995,354.84118850286097
BFA,1996,383.97358303114697
BFA,1997,397.83895525737302
BFA,1998,415.27351347024103
BFA,1999,433.10472759723399
BFA,2000,428.30979656619797
BFA,2001,442.914122870048
BFA,2002,448.12885631709099
BFA,2003,468.26304779012401
BFA,2004,474.08641233345901
BFA,2005,499.192797571217
BFA,2006,514.11313175706198
BFA,2007,519.26101218433996
BFA,2008,533.47129993828798
BFA,2009,533.47008483193099
BFA,2010,561.84722130248895
BFA,2011,581.60365873740705
BFA,2012,600.73134369781803
BFA,2013,616.741331164082
BFA,2014,624.57688518766497
BFA,2015,630.12475075231202
BFA,2016,648.42048017601201
BFA,2017,669.27631032833301
BFA,2018,694.49281312635105
BFA,2019,717.02159509663397
BFA,2020,713.84217792239997
BGD,1990,473.44482102108498
BGD,1991,480.673358976087
BGD,1992,497.371173735323
BGD,1993,511.19350942129398
BGD,1994,521.32314472655503
BGD,1995,537.931946643983
BGD,1996,552.07710713876702
BGD,1997,566.27114084763195
BGD,1998,584.44817517404704
BGD,1999,600.23232316295196
BGD,2000,620.560472822105
BGD,2001,641.288922876274
BGD,2002,655.67213936227199
BGD,2003,676.82625204642704
BGD,2004,702.65635708187301
BGD,2005,739.20371835340904
BGD,2006,779.41957044499804
BGD,2007,825.50822996453701
BGD,2008,866.45815762134998
BGD,2009,901.72962625193702
BGD,2010,943.66422864235994
BGD,2011,995.57994715566201
BGD,2012,1050.3914040406601
BGD,2013,1103.1569590712299
BGD,2014,1159.40753475981
BGD,2015,1224.38647668165
BGD,2016,1299.8309136079199
BGD,2017,1373.75363740186
BGD,2018,1462.2505025571299
BGD,2019,1564.2080244563599
BGD,2020,1604.6659234742001
BGR,1990,4425.49955286164
BGR,1991,4092.0793499046599
BGR,1992,3835.45427951087
BGR,1993,3808.94310683811
BGR,1994,3891.3823261778498
BGR,1995,4022.1974867315198
BGR,1996,4253.4519944019303
BGR,1997,3675.3687781144399
BGR,1998,3840.17297697202
BGR,1999,3537.5262695337601
BGR,2000,3718.1189599386298
BGR,2001,3937.90285118373
BGR,2002,4260.6225195689303
BGR,2003,4519.4153269770004
BGR,2004,4850.1191718457703
BGR,2005,5231.6053860709799
BGR,2006,5630.0890724539204
BGR,2007,6049.05136726418
BGR,2008,6465.0523107119398
BGR,2009,6289.0466660921602
BGR,2010,6429.04599233108
BGR,2011,6605.6461673685899
BGR,2012,6693.7698306079701
BGR,2013,6793.0825359274504
BGR,2014,6941.3731982577601
BGR,2015,7269.0258651371096
BGR,2016,7586.8917466811599
BGR,2017,7899.1105658987099
BGR,2018,8194.7929632001396
BGR,2019,8626.5750265742008
BGR,2020,8440.5141696455594
BHR,1990,18345.837996881499
BHR,1991,20882.505864047202
BHR,1992,21701.2220342029
BHR,1993,23858.193124582402
BHR,1994,23180.3322555659
BHR,1995,23465.712917022702
BHR,1996,23795.209253886202
BHR,1997,23893.1335655763
BHR,1998,24386.5916523491
BHR,1999,24773.8464104044
BHR,2000,25407.969405455198
BHR,2001,25106.286974261198
BHR,2002,24149.015601379899
BHR,2003,23857.640357976899
BHR,2004,23688.112105922501
BHR,2005,23439.6704353038
BHR,2006,23095.018133022801
BHR,2007,23112.488805839799
BHR,2008,23127.214804004801
BHR,2009,22206.937198522501
BHR,2010,22224.073616624901
BHR,2011,23288.044939831299
BHR,2012,23894.8804447088
BHR,2013,24271.6278814506
BHR,2014,24135.499130484899
BHR,2015,23734.0551143019
BHR,2016,23715.279132871201
BHR,2017,23606.8867501313
BHR,2018,24059.783864156201
BHR,2019,24873.664006013401
BHR,2020,23586.930958151599
BHS,1990,30995.483071594201
BHS,1991,29192.994260639101
BHS,1992,27565.978462298499
BHS,1993,27137.178342536001
BHS,1994,27503.635391286101
BHS,1995,28236.375376591401
BHS,1996,28967.048046475302
BHS,1997,28902.571896853999
BHS,1998,29837.438178944099
BHS,1999,31544.354060445399
BHS,2000,32424.727178671601
BHS,2001,32870.091830728503
BHS,2002,33374.602685913997
BHS,2003,32559.311554897999
BHS,2004,32444.0739567569
BHS,2005,33144.787879027499
BHS,2006,33541.850748700999
BHS,2007,33549.336000727402
BHS,2008,32331.824613509201
BHS,2009,30581.334219848799
BHS,2010,30657.431905965899
BHS,2011,30492.6738528071
BHS,2012,31553.491949064501
BHS,2013,30368.2631244189
BHS,2014,30658.534456372199
BHS,2015,30719.405417468999
BHS,2016,30152.1619246021
BHS,2017,30974.7477261317
BHS,2018,31537.242384195601
BHS,2019,31117.6299132391
BHS,2020,24791.670494510599
BIH,1990,791.44397038945203
BIH,1991,715.90006117004395
BIH,1992,705.20666851642898
BIH,1993,748.15002716904098
BIH,1994,871.39848718945302
BIH,1995,1013.22444430671
BIH,1996,1498.0059275225001
BIH,1997,1974.0574211779999
BIH,1998,2262.0326363938302
BIH,1999,2452.8518837791898
BIH,2000,2567.3413709461902
BIH,2001,2617.1823035081202
BIH,2002,2743.1387861583798
BIH,2003,2855.6831493984901
BIH,2004,3063.8354344893601
BIH,2005,3217.8134161534499
BIH,2006,3419.7588745719199
BIH,2007,3665.08966529499
BIH,2008,3929.03297717336
BIH,2009,3877.5354007845599
BIH,2010,3981.2098569203199
BIH,2011,4094.25329541877
BIH,2012,4139.9173277365699
BIH,2013,4306.7317507221396
BIH,2014,4412.6761781773403
BIH,2015,4662.2586921944803
BIH,2016,4876.5347149563304
BIH,2017,5099.8160285644699
BIH,2018,5360.2520101763303
BIH,2019,5583.2972127645799
BIH,2020,5490.7536663513902
BLR,1990,2888.8129658248599
BLR,1991,2852.8308592488802
BLR,1992,2573.2995510321498
BLR,1993,2372.4851691038498
BLR,1994,2097.3818700750298
BLR,1995,1885.3606266018601
BLR,1996,1944.6870051297601
BLR,1997,2175.40374180154
BLR,1998,2368.7833087785102
BLR,1999,2460.3694419579801
BLR,2000,2615.36376799462
BLR,2001,2753.0336970696999
BLR,2002,2910.3993748415301
BLR,2003,3137.26261430575
BLR,2004,3520.40452642524
BLR,2005,3877.71738911289
BLR,2006,4291.68647163264
BLR,2007,4682.2067671904197
BLR,2008,5177.6453477567602
BLR,2009,5200.7741855542299
BLR,2010,5616.0941173307001
BLR,2011,5941.6899915623899
BLR,2012,6052.6373706236
BLR,2013,6115.4328809870703
BLR,2014,6212.9166741865902
BLR,2015,5967.05595058777
BLR,2016,5811.2015918254701
BLR,2017,5964.8966883456096
BLR,2018,6165.9132001927701
BLR,2019,6267.7350874350504
BLR,2020,6251.9889896864497
BLZ,1990,4112.5951753271302
BLZ,1991,4499.5797128186196
BLZ,1992,4967.9271047884304
BLZ,1993,5166.8286739016503
BLZ,1994,5056.9520119383196
BLZ,1995,4967.9615381804897
BLZ,1996,4875.6567502306098
BLZ,1997,4915.3403407039004
BLZ,1998,4931.4549910361602
BLZ,1999,5213.5662826521002
BLZ,2000,5663.6463237497301
BLZ,2001,5764.9905549110399
BLZ,2002,5895.1523503789804
BLZ,2003,6274.4742827931304
BLZ,2004,6383.07432412662
BLZ,2005,6337.1238922237799
BLZ,2006,6435.58767337678
BLZ,2007,6465.8288584604497
BLZ,2008,6187.9588502365496
BLZ,2009,5997.6844715638299
BLZ,2010,5937.7539834378904
BLZ,2011,5802.2434453149199
BLZ,2012,5902.7423469688101
BLZ,2013,6013.0787989536202
BLZ,2014,6116.49578852783
BLZ,2015,6154.6226423036896
BLZ,2016,6012.2129698366798
BLZ,2017,5767.6192196376196
BLZ,2018,5707.6105995443604
BLZ,2019,5864.14611827109
BLZ,2020,5006.4845327693502
BMU,1990,89089.734642360796
BMU,1991,85311.049428859202
BMU,1992,84642.608492729894
BMU,1993,86582.834499714198
BMU,1994,86545.782355780699
BMU,1995,89849.125013981306
BMU,1996,91743.296233867906
BMU,1997,95383.022511036499
BMU,1998,98347.908981605098
BMU,1999,100867.914579743
BMU,2000,109502.763102809
BMU,2001,116809.92525307099
BMU,2002,114574.433608566
BMU,2003,118018.831592635
BMU,2004,120432.12052555
BMU,2005,122143.799577518
BMU,2006,128662.93192426101
BMU,2007,132595.48265486601
BMU,2008,129525.177139097
BMU,2009,121727.584908744
BMU,2010,118382.908990645
BMU,2011,113937.83570098301
BMU,2012,108040.57565920299
BMU,2013,107860.394791964
BMU,2014,103941.98260695599
BMU,2015,104855.36682213499
BMU,2016,104190.876720334
BMU,2017,107734.608357327
BMU,2018,106843.16373939101
BMU,2019,106709.88123884299
BMU,2020,98846.445807964395
BOL,1990,1679.40847944141
BOL,1991,1731.3951413633599
BOL,1992,1724.3633452511001
BOL,1993,1762.66830964982
BOL,1994,1809.5706511527301
BOL,1995,1858.78185214476
BOL,1996,1904.2870221359401
BOL,1997,1962.8640430160499
BOL,1998,2025.5033470495
BOL,1999,1998.9453397505099
BOL,2000,2014.1902463413201
BOL,2001,2013.8458109456799
BOL,2002,2029.66993705968
BOL,2003,2050.0713341908199
BOL,2004,2099.9908107391998
BOL,2005,2156.1867035360301
BOL,2006,2221.4272258894098
BOL,2007,2283.4273353529702
BOL,2008,2383.25032547517
BOL,2009,2422.5757938024499
BOL,2010,2481.4070083833999
BOL,2011,2568.5205167440599
BOL,2012,2657.2388497837001
BOL,2013,2793.5145712405401
BOL,2014,2900.9024157147701
BOL,2015,2996.0128981134399
BOL,2016,3077.57057582774
BOL,2017,3160.16421247588
BOL,2018,3204.5367083800502
BOL,2019,3207.3869523112799
BOL,2020,2765.0927178860202
BRA,1990,6149.86788926381
BRA,1991,6107.6488367574702
BRA,1992,5973.9828562258599
BRA,1993,6167.4609217893103
BRA,1994,6427.1690194370403
BRA,1995,6596.3357267481897
BRA,1996,6640.7270065575003
BRA,1997,6764.8584209131895
BRA,1998,6687.4952355024197
BRA,1999,6621.63676249539
BRA,2000,6817.7842408570004
BRA,2001,6823.0339699989099
BRA,2002,6944.6233749575504
BRA,2003,6941.4404574507998
BRA,2004,7258.7818516591196
BRA,2005,7409.5691323271803
BRA,2006,7622.0400713326399
BRA,2007,8003.2541309604703
BRA,2008,8330.7645984130395
BRA,2009,8246.0970699509398
BRA,2010,8792.6343612034198
BRA,2011,9067.9931634804707
BRA,2012,9167.4992392981494
BRA,2013,9366.7393243435909
BRA,2014,9338.3427827811392
BRA,2015,8936.1966171211297
BRA,2016,8577.8437665091096
BRA,2017,8628.2530890804301
BRA,2018,8722.3363031793506
BRA,2019,8771.4405129217703
BRA,2020,8435.0114325497798
BRB,1990,19965.240479079999
BRB,1991,19128.101934263301
BRB,1992,17977.267183021999
BRB,1993,18067.081995045901
BRB,1994,18388.596509323899
BRB,1995,18728.9470113809
BRB,1996,19455.508662264099
BRB,1997,20369.332500215201
BRB,1998,21125.2533175225
BRB,1999,21189.410239496701
BRB,2000,22170.084671297402
BRB,2001,21615.8003391727
BRB,2002,21643.896490797299
BRB,2003,21979.292323002701
BRB,2004,22162.634404860699
BRB,2005,22918.543802859502
BRB,2006,24193.138434467401
BRB,2007,24579.089775259399
BRB,2008,24605.452323075198
BRB,2009,23250.801765934899
BRB,2010,21285.0039393558
BRB,2011,21200.1949825923
BRB,2012,20534.882587865301
BRB,2013,20521.1209928514
BRB,2014,20636.032718805502
BRB,2015,20429.474712355299
BRB,2016,20673.768233737501
BRB,2017,20766.551849112901
BRB,2018,20674.354784798401
BRB,2019,20687.646742790901
BRB,2020,17056.986866978099
BRN,1990,44179.827869453999
BRN,1991,44201.139494772702
BRN,1992,41672.3708419389
BRN,1993,40342.050406521201
BRN,1994,39721.434535212902
BRN,1995,39274.498020433501
BRN,1996,38331.6576177026
BRN,1997,39820.210752408602
BRN,1998,36331.1813349886
BRN,1999,37045.934256863802
BRN,2000,37509.598384774203
BRN,2001,37269.3099216587
BRN,2002,37976.262757360098
BRN,2003,38595.168851370203
BRN,2004,37948.6590825194
BRN,2005,37312.277879712201
BRN,2006,38229.356568418298
BRN,2007,36174.516515486001
BRN,2008,34126.694156396901
BRN,2009,32855.602160246599
BRN,2010,33121.317824172402
BRN,2011,33754.364078371298
BRN,2012,33544.538945787703
BRN,2013,32381.073979523098
BRN,2014,31148.7297405401
BRN,2015,30625.1287744656
BRN,2016,29492.4145927789
BRN,2017,29524.659127890001
BRN,2018,29200.195202422201
BRN,2019,29996.2407223175
BRN,2020,30015.9588506697
BTN,1990,812.67132558873902
BTN,1991,795.19184286538302
BTN,1992,863.46389569327005
BTN,1993,917.29129268981205
BTN,1994,963.01657429167904
BTN,1995,1043.3874898167401
BTN,1996,1099.85817824831
BTN,1997,1138.3992231884699
BTN,1998,1182.9878107331599
BTN,1999,1248.61600842811
BTN,2000,1259.6237645235001
BTN,2001,1321.0987823027899
BTN,2002,1427.2569331731499
BTN,2003,1506.4152751782001
BTN,2004,1552.7391519580101
BTN,2005,1632.02169500573
BTN,2006,1701.11878173586
BTN,2007,1952.2573460377901
BTN,2008,2017.76018913403
BTN,2009,2148.5648037503402
BTN,2010,2378.7281076098502
BTN,2011,2552.4887107309401
BTN,2012,2654.7479894602702
BTN,2013,2671.0746020117099
BTN,2014,2797.8188397190802
BTN,2015,2954.04081911097
BTN,2016,3173.3677321743098
BTN,2017,3211.8090327559298
BTN,2018,3300.55006461736
BTN,2019,3467.3859897935599
BTN,2020,3092.1242839936299
BWA,1990,4039.46544455099
BWA,1991,4224.0985754494804
BWA,1992,4226.7399949829296
BWA,1993,4186.1454735836296
BWA,1994,4219.4408088678001
BWA,1995,4399.1388580936
BWA,1996,4543.2105349272997
BWA,1997,4809.4439184672001
BWA,1998,4724.9367094202798
BWA,1999,5070.9477204872901
BWA,2000,5062.6428917358799
BWA,2001,4971.9637179418796
BWA,2002,5175.4765531723097
BWA,2003,5320.4402951390002
BWA,2004,5369.4251676611202
BWA,2005,5514.2174266470502
BWA,2006,5865.00026521361
BWA,2007,6085.6354476125998
BWA,2008,6158.6162936805104
BWA,2009,5179.4138607145997
BWA,2010,5584.5034321845997
BWA,2011,5850.0785857546098
BWA,2012,5742.9192445263598
BWA,2013,6284.9767800261798
BWA,2014,6547.1225411589203
BWA,2015,6141.20394726616
BWA,2016,6490.8346359348297
BWA,2017,6662.5764480546704
BWA,2018,6843.8461202773897
BWA,2019,6951.7318905114598
BWA,2020,6254.2480624109103
CAF,1990,519.78673596191197
CAF,1991,500.991150890901
CAF,1992,454.148968239471
CAF,1993,441.38490750836399
CAF,1994,448.78444295980103
CAF,1995,468.15052762068598
CAF,1996,437.925054761723
CAF,1997,448.63466363955098
CAF,1998,457.14885841643797
CAF,1999,460.82790021608503
CAF,2000,437.16892841482598
CAF,2001,446.65863419208301
CAF,2002,452.80870221703498
CAF,2003,418.24053228985798
CAF,2004,433.82522777023303
CAF,2005,427.96804315523701
CAF,2006,439.29433090276802
CAF,2007,450.76278540189298
CAF,2008,450.31361688602198
CAF,2009,492.21539891483599
CAF,2010,519.14145640848403
CAF,2011,532.38295493852002
CAF,2012,553.72957831491203
CAF,2013,349.82117168897298
CAF,2014,351.56155491162502
CAF,2015,366.322853938121
CAF,2016,376.85825412039799
CAF,2017,387.35795131741997
CAF,2018,395.020015455909
CAF,2019,401.82582161434999
CAF,2020,398.83427412213899
CAN,1990,31700.578115460699
CAN,1991,30654.363936897302
CAN,1992,30563.4095229714
CAN,1993,31032.785763879001
CAN,1994,32074.188480629899
CAN,1995,32595.484269090899
CAN,1996,32801.334817158597
CAN,1997,33867.041927409096
CAN,1998,34894.648492840402
CAN,1999,36391.5718964607
CAN,2000,37906.898210120002
CAN,2001,38200.494502539499
CAN,2002,38921.706405451398
CAN,2003,39270.062908466898
CAN,2004,40108.799026291599
CAN,2005,41006.264144023997
CAN,2006,41663.554158816602
CAN,2007,42106.914718616499
CAN,2008,42067.610977794997
CAN,2009,40376.455933092802
CAN,2010,41164.381248657803
CAN,2011,42043.684204400801
CAN,2012,42320.685653001798
CAN,2013,42851.213587623199
CAN,2014,43643.279491099602
CAN,2015,43594.237908070601
CAN,2016,43551.386355823597
CAN,2017,44339.433221787804
CAN,2018,44907.388799446897
CAN,2019,45100.336805858999
CAN,2020,42366.1710935265
CHE,1990,69584.5767626374
CHE,1991,67932.785459211605
CHE,1992,66409.491461386002
CHE,1993,64448.1064296646
CHE,1994,66503.931187767303
CHE,1995,68765.800489574496
CHE,1996,68846.281129572206
CHE,1997,70121.292645071895
CHE,1998,71854.117686389902
CHE,1999,72713.706842054395
CHE,2000,74933.277007755198
CHE,2001,75646.178114413095
CHE,2002,75361.694160738494
CHE,2003,74592.028469095501
CHE,2004,75997.445315476099
CHE,2005,77741.343610470401
CHE,2006,80448.9696781612
CHE,2007,82909.135829145904
CHE,2008,83934.765722124605
CHE,2009,81288.642957611999
CHE,2010,83069.427637345507
CHE,2011,83307.318099846496
CHE,2012,83354.0207485188
CHE,2013,83914.024508081202
CHE,2014,85004.813453399998
CHE,2015,85265.062051929999
CHE,2016,85951.223414834501
CHE,2017,86362.360972862007
CHE,2018,88581.082693558405
CHE,2019,88932.411930642498
CHE,2020,86293.918344115504
CHI,1990,
CHI,1991,
CHI,1992,
CHI,1993,
CHI,1994,
CHI,1995,
CHI,1996,
CHI,1997,
CHI,1998,
CHI,1999,
CHI,2000,
CHI,2001,
CHI,2002,
CHI,2003,
CHI,2004,
CHI,2005,
CHI,2006,
CHI,2007,
CHI,2008,
CHI,2009,67617.820540369605
CHI,2010,64722.9832990297
CHI,2011,65006.487128721601
CHI,2012,60861.900646050097
CHI,2013,60780.669022098002
CHI,2014,61892.808344570803
CHI,2015,61847.821223885701
CHI,2016,62434.185944421799
CHI,2017,63393.393869864398
CHI,2018,63859.9826096615
CHI,2019,64594.521390868402
CHI,2020,58636.703614336497
CHL,1990,5290.5369483553504
CHL,1991,5606.86557277047
CHL,1992,6151.7654645432604
CHL,1993,6461.73217350303
CHL,1994,6688.2971770470704
CHL,1995,7201.1310036144096
CHL,1996,7605.2895301060298
CHL,1997,8058.9422880153497
CHL,1998,8287.4506109654703
CHL,1999,8161.4516887218597
CHL,2000,8465.3530325886404
CHL,2001,8632.0148244055999
CHL,2002,8810.6905271225696
CHL,2003,9130.7842621819
CHL,2004,9642.3747865122805
CHL,2005,10104.420839137299
CHL,2006,10611.614401287699
CHL,2007,11051.345071767801
CHL,2008,11356.092210598301
CHL,2009,11116.409344310299
CHL,2010,11649.2897090856
CHL,2011,12252.8441074615
CHL,2012,12882.834417927001
CHL,2013,13182.732961985599
CHL,2014,13285.954036119199
CHL,2015,13433.9202987032
CHL,2016,13505.097711132999
CHL,2017,13473.3458532934
CHL,2018,13763.006884479501
CHL,2019,13631.9284885172
CHL,2020,12680.7761524378
CHN,1990,917.18788717720497
CHN,1991,989.58527867484599
CHN,1992,1117.2953388296801
CHN,1993,1258.3414267661899
CHN,1994,1406.97393365064
CHN,1995,1545.0789784810499
CHN,1996,1681.4574126944301
CHN,1997,1819.07954081306
CHN,1998,1944.4671862642399
CHN,1999,2076.9318025991402
CHN,2000,2237.3004791869198
CHN,2001,2405.99411858042
CHN,2002,2610.66275070444
CHN,2003,2856.8505329321902
CHN,2004,3127.9144489233699
CHN,2005,3465.7276706764201
CHN,2006,3883.2746437081601
CHN,2007,4409.6970944598597
CHN,2008,4811.3448634626202
CHN,2009,5237.7880998237697
CHN,2010,5764.6501236637496
CHN,2011,6275.7163428881404
CHN,2012,6723.0900374460698
CHN,2013,7197.9373194959999
CHN,2014,7686.3736952040299
CHN,2015,8175.3328507739297
CHN,2016,8679.2252880504093
CHN,2017,9221.3504563984206
CHN,2018,9798.5789056640206
CHN,2019,10356.2924890582
CHN,2020,10573.3794064211
CIV,1990,1866.0785698740999
CIV,1991,1794.1206256691801
CIV,1992,1719.7126133516299
CIV,1993,1649.47036183619
CIV,1994,1598.69239055813
CIV,1995,1647.0877707550401
CIV,1996,1706.97650014485
CIV,1997,1801.1316312213301
CIV,1998,1808.42289027986
CIV,1999,1770.8654038935699
CIV,2000,1717.95385651231
CIV,2001,1636.5731870521799
CIV,2002,1551.27925902838
CIV,2003,1441.5880175503701
CIV,2004,1451.8654714189399
CIV,2005,1431.7332020311101
CIV,2006,1437.77453798586
CIV,2007,1420.1738958245001
CIV,2008,1454.62731800082
CIV,2009,1473.9183699329001
CIV,2010,1540.52927270246
CIV,2011,1426.4646386453401
CIV,2012,1503.43433046682
CIV,2013,1632.3271278700599
CIV,2014,1742.53693001178
CIV,2015,1814.7185508801699
CIV,2016,1889.2777794993799
CIV,2017,1972.81431788947
CIV,2018,2013.3230759849901
CIV,2019,2093.0999433577899
CIV,2020,2055.0848399643201
CMR,1990,1360.4776529601099
CMR,1991,1271.0465860838799
CMR,1992,1196.85081918895
CMR,1993,1070.9827537763599
CMR,1994,1060.8732655290901
CMR,1995,1062.0160734998699
CMR,1996,1077.3892520296099
CMR,1997,1096.6975773500701
CMR,1998,1118.5081996307899
CMR,1999,1138.3629854656499
CMR,2000,1151.2768930294701
CMR,2001,1169.9267046498401
CMR,2002,1189.96707897027
CMR,2003,1221.0944614145401
CMR,2004,1271.7432687416699
CMR,2005,1264.74345218659
CMR,2006,1277.3299071234201
CMR,2007,1295.73067471287
CMR,2008,1295.02211276052
CMR,2009,1290.8996135114901
CMR,2010,1290.9013745759
CMR,2011,1297.3064962694
CMR,2012,1319.66961634054
CMR,2013,1347.2130636705999
CMR,2014,1381.81938454907
CMR,2015,1415.00009710569
CMR,2016,1435.6183072783899
CMR,2017,1444.90682916573
CMR,2018,1461.01969999317
CMR,2019,1470.31785276187
CMR,2020,1434.5191372340901
COD,1990,831.66294744097002
COD,1991,736.69121546821702
COD,1992,637.43688333556099
COD,1993,532.21445061576605
COD,1994,487.81460148257599
COD,1995,471.25421668081498
COD,1996,457.55178560577798
COD,1997,424.96660973279103
COD,1998,406.859287635557
COD,1999,376.622893450888
COD,2000,339.52682222416001
COD,2001,322.033920026494
COD,2002,321.547848189305
COD,2003,329.70953654187701
COD,2004,341.71492575276602
COD,2005,351.708486411683
COD,2006,358.45438227557901
COD,2007,377.62283005585999
COD,2008,393.64051789861497
COD,2009,383.72625454121697
COD,2010,403.72237387852499
COD,2011,389.119308449762
COD,2012,408.96623281628803
COD,2013,464.52671546049402
COD,2014,481.83024188377601
COD,2015,495.82663301488299
COD,2016,480.46137788047503
COD,2017,482.85468212854101
COD,2018,495.31210571102702
COD,2019,482.52429512947202
COD,2020,470.85295000092901
COG,1990,2363.7670181458702
COG,1991,2352.52754080776
COG,1992,2346.6791379440601
COG,1993,2255.9436080196101
COG,1994,2069.7964045656699
COG,1995,2092.5433790524498
COG,1996,2122.6281929483698
COG,1997,2064.7536042464999
COG,1998,2095.3440357059499
COG,1999,1986.8478922289
COG,2000,2057.0192202355101
COG,2001,2056.1650592261699
COG,2002,2100.1687671457398
COG,2003,2058.8868367503801
COG,2004,2058.8840294689599
COG,2005,2140.0368620025101
COG,2006,2226.0233547376001
COG,2007,2004.10103961966
COG,2008,2061.5582988057399
COG,2009,2211.3157238202798
COG,2010,2332.2850805595299
COG,2011,2307.4938439971502
COG,2012,2467.0610290683899
COG,2013,2390.6575493866198
COG,2014,2488.6811854899202
COG,2015,2439.3518940369599
COG,2016,2174.1931025122399
COG,2017,2003.2712107518701
COG,2018,1909.9560382116999
COG,2019,1885.5108087773101
COG,2020,1725.5104004996299
COL,1990,3714.1849928328002
COL,1991,3713.1772753557598
COL,1992,3787.5942918216001
COL,1993,3912.6590835796001
COL,1994,4059.3214611388198
COL,1995,4189.7277091399901
COL,1996,4198.6912625270797
COL,1997,4265.6935185645998
COL,1998,4213.8280047005101
COL,1999,3967.1133993768099
COL,2000,4016.8095174816699
COL,2001,4020.5078975484198
COL,2002,4058.2849357873802
COL,2003,4154.1752852361797
COL,2004,4311.9159125523302
COL,2005,4457.27537460443
COL,2006,4694.0344293917497
COL,2007,4947.2526081310798
COL,2008,5048.5718724524904
COL,2009,5046.9712175772702
COL,2010,5214.2454762013103
COL,2011,5517.1011086898998
COL,2012,5675.7561797830504
COL,2013,5910.8059230116596
COL,2014,6121.83982019825
COL,2015,6248.5149053451196
COL,2016,6316.0706778254198
COL,2017,6309.6774529251798
COL,2018,6353.5464285392
COL,2019,6439.9635981264701
COL,2020,5891.9552321540305
COM,1990,1253.76230051227
COM,1991,1148.13962801407
COM,1992,1207.2924194956399
COM,1993,1215.6498324184799
COM,1994,1146.70744816409
COM,1995,1190.50070057888
COM,1996,1164.2036745498999
COM,1997,1194.7951949665101
COM,1998,1174.69021233013
COM,1999,1185.07075486739
COM,2000,1150.8287109180701
COM,2001,1188.5013904912701
COM,2002,1217.1153433012801
COM,2003,1216.9806947950899
COM,2004,1231.1477994685099
COM,2005,1274.6147094806599
COM,2006,1227.2466943509201
COM,2007,1212.6966173610999
COM,2008,1235.9728046528701
COM,2009,1250.9023714576299
COM,2010,1272.6071620800701
COM,2011,1299.1109344940801
COM,2012,1313.58187559666
COM,2013,1343.5468328065599
COM,2014,1342.3295858321001
COM,2015,1329.37048235986
COM,2016,1345.6261652830999
COM,2017,1369.4118027596301
COM,2018,1391.8457044326699
COM,2019,1389.3648801485899
COM,2020,1359.7070891825001
CPV,1990,835.12072317550405
CPV,1991,826.68139930954703
CPV,1992,896.51935955854105
CPV,1993,953.86101111572896
CPV,1994,1113.9380647646699
CPV,1995,1248.2810435075901
CPV,1996,1365.4982060362299
CPV,1997,1492.0184742250699
CPV,1998,1652.11117220593
CPV,1999,1809.8058262413699
CPV,2000,2037.3172091271399
CPV,2001,2051.2173388810202
CPV,2002,2127.7087229650201
CPV,2003,2186.8950042276501
CPV,2004,2379.7963622413499
CPV,2005,2514.1677925532699
CPV,2006,2683.8394385689198
CPV,2007,3056.9710285115402
CPV,2008,3238.44159287498
CPV,2009,3159.5869869397702
CPV,2010,3194.6166773423301
CPV,2011,3309.2012164389798
CPV,2012,3341.7421054836
CPV,2013,3361.09387702205
CPV,2014,3383.8422809791
CPV,2015,3415.0626673093102
CPV,2016,3560.1400729533998
CPV,2017,3719.71306047915
CPV,2018,3853.6794003524101
CPV,2019,4115.9028346940604
CPV,2020,3255.9362898405798
CRI,1990,6048.5830753390701
CRI,1991,6030.1797086372399
CRI,1992,6420.44624299731
CRI,1993,6706.2766889267004
CRI,1994,6839.3623289413399
CRI,1995,6954.0953766388802
CRI,1996,6884.7355295812404
CRI,1997,7099.52398121837
CRI,1998,7439.7267287990799
CRI,1999,7589.2909368369401
CRI,2000,7726.5198561746702
CRI,2001,7854.2339756381898
CRI,2002,7989.5592610610502
CRI,2003,8207.4574782614109
CRI,2004,8445.5291757742907
CRI,2005,8655.3396766737296
CRI,2006,9160.2943731337891
CRI,2007,9779.5115022182708
CRI,2008,10104.909235200499
CRI,2009,9883.6756863378505
CRI,2010,10285.0856777667
CRI,2011,10612.4694960426
CRI,2012,11001.5193084396
CRI,2013,11151.143793774399
CRI,2014,11422.6735972442
CRI,2015,11714.7106121672
CRI,2016,12084.4351419988
CRI,2017,12468.565484933601
CRI,2018,12708.804282835899
CRI,2019,12944.013449341001
CRI,2020,12322.235945853399
CUB,1990,4961.4573886094804
CUB,1991,4395.45493473446
CUB,1992,3861.87437370304
CUB,1993,3270.5504764554198
CUB,1994,3280.3845326447599
CUB,1995,3348.88763214863
CUB,1996,3599.3249855597801
CUB,1997,3687.4253035258898
CUB,1998,3680.9841800895101
CUB,1999,3895.5464332266101
CUB,2000,4112.2616835067101
CUB,2001,4229.9030943335601
CUB,2002,4277.3956564235896
CUB,2003,4426.96599591833
CUB,2004,4670.1880213802497
CUB,2005,5182.3528360173204
CUB,2006,5799.4116366861499
CUB,2007,6215.76603727772
CUB,2008,6469.0850784766799
CUB,2009,6561.2530509300605
CUB,2010,6716.4904849705799
CUB,2011,6902.1639757113899
CUB,2012,7109.2483418563497
CUB,2013,7307.8200441074096
CUB,2014,7392.48324633027
CUB,2015,7727.9199720799797
CUB,2016,7774.0698462623004
CUB,2017,7927.2776943176696
CUB,2018,8120.4312355825596
CUB,2019,8124.7528205910803
CUB,2020,7252.2881117984398
CUW,1990,
CUW,1991,
CUW,1992,
CUW,1993,
CUW,1994,
CUW,1995,
CUW,1996,
CUW,1997,
CUW,1998,
CUW,1999,
CUW,2000,21523.645897370199
CUW,2001,22171.065546042199
CUW,2002,22231.879309162501
CUW,2003,21840.891316839599
CUW,2004,21512.1116035171
CUW,2005,21112.321922013602
CUW,2006,20913.6630394407
CUW,2007,21011.157062201099
CUW,2008,21202.430511557501
CUW,2009,20952.899845186399
CUW,2010,20706.437457765802
CUW,2011,20518.098608710301
CUW,2012,20277.5111916571
CUW,2013,19921.477063406401
CUW,2014,19529.528670497501
CUW,2015,19361.813000867802
CUW,2016,18953.053741500298
CUW,2017,18651.4798142441
CUW,2018,18355.176713588899
CUW,2019,17980.529817711398
CUW,2020,14849.9698474917
CYM,1990,
CYM,1991,
CYM,1992,
CYM,1993,
CYM,1994,
CYM,1995,
CYM,1996,
CYM,1997,
CYM,1998,
CYM,1999,
CYM,2000,
CYM,2001,
CYM,2002,
CYM,2003,
CYM,2004,
CYM,2005,
CYM,2006,96066.629083235501
CYM,2007,96202.737941549305
CYM,2008,93115.3168416314
CYM,2009,84001.421565760698
CYM,2010,79483.097281360402
CYM,2011,78233.018755187601
CYM,2012,77074.389087251096
CYM,2013,76038.879554034997
CYM,2014,76104.621572741598
CYM,2015,76379.209510868095
CYM,2016,77031.864387362497
CYM,2017,77717.175205882202
CYM,2018,79305.769672996001
CYM,2019,80714.571822298705
CYM,2020,75199.644600628395
CYP,1990,17144.4609375
CYP,1991,16829.904296875
CYP,1992,17928.53125
CYP,1993,17623.275390625
CYP,1994,18281.01171875
CYP,1995,19453.837890625
CYP,1996,19385.27734375
CYP,1997,19617.17578125
CYP,1998,20562.287109375
CYP,1999,21349.740234375
CYP,2000,22383.955078125
CYP,2001,23019.240234375
CYP,2002,23604.177734375
CYP,2003,23930.7734375
CYP,2004,24799.63671875
CYP,2005,25631.35546875
CYP,2006,26395.490234375
CYP,2007,27156.806640625
CYP,2008,27449.212890625
CYP,2009,26183.673828125
CYP,2010,26090.037109375
CYP,2011,25538.76953125
CYP,2012,24285.484375
CYP,2013,22711.708984375
CYP,2014,22373.56640625
CYP,2015,23088.4296875
CYP,2016,24477.974609375
CYP,2017,25665.990234375
CYP,2018,26962.392578125
CYP,2019,28167.146484375
CYP,2020,26895.671875
CZE,1990,11900.584458142101
CZE,1991,10543.6195982395
CZE,1992,10479.491866787699
CZE,1993,10475.084914745799
CZE,1994,10775.9443891717
CZE,1995,11453.3800188807
CZE,1996,11944.7171474526
CZE,1997,11886.3480904927
CZE,1998,11850.8396211995
CZE,1999,12026.4688076608
CZE,2000,12543.936434236701
CZE,2001,12958.466760753299
CZE,2002,13179.9878092741
CZE,2003,13618.9349633164
CZE,2004,14259.633427979999
CZE,2005,15147.721441761099
CZE,2006,16107.3042502688
CZE,2007,16892.542854973999
CZE,2008,17190.6470333289
CZE,2009,16272.8084766719
CZE,2010,16665.9317825137
CZE,2011,16926.284667443499
CZE,2012,16772.353922332801
CZE,2013,16759.7808635642
CZE,2014,17118.042557157802
CZE,2015,17931.598767076801
CZE,2016,18359.097810390402
CZE,2017,19257.693068091099
CZE,2018,19736.629526128501
CZE,2019,20360.059922181401
CZE,2020,19233.146954982902
DEU,1990,29763.312465712399
DEU,1991,31056.593882212601
DEU,1992,31441.974347757801
DEU,1993,30932.0193060317
DEU,1994,31625.393967955399
DEU,1995,32007.145402933998
DEU,1996,32245.860837955701
DEU,1997,32795.783345516502
DEU,1998,33477.985645876397
DEU,1999,34168.830821008298
DEU,2000,35104.130846784399
DEU,2001,35618.514369849298
DEU,2002,35477.515154430097
DEU,2003,35270.022728426702
DEU,2004,35687.637870854203
DEU,2005,36024.094704702104
DEU,2006,37459.261328041997
DEU,2007,38593.074991050802
DEU,2008,39009.847763635698
DEU,2009,36940.407867266098
DEU,2010,38526.737104269501
DEU,2011,40722.484926824203
DEU,2012,40834.5088218456
DEU,2013,40884.892675902804
DEU,2014,41602.466128166801
DEU,2015,41929.754911072203
DEU,2016,42516.933706310301
DEU,2017,43543.480705055103
DEU,2018,43905.8550061973
DEU,2019,44235.265895468197
DEU,2020,42372.872678425498
DJI,1990,
DJI,1991,
DJI,1992,
DJI,1993,
DJI,1994,
DJI,1995,
DJI,1996,
DJI,1997,
DJI,1998,
DJI,1999,
DJI,2000,
DJI,2001,
DJI,2002,
DJI,2003,
DJI,2004,
DJI,2005,
DJI,2006,
DJI,2007,
DJI,2008,
DJI,2009,
DJI,2010,
DJI,2011,
DJI,2012,
DJI,2013,2140.1376944233598
DJI,2014,2253.1408224976799
DJI,2015,2376.1255471987301
DJI,2016,2502.85181449431
DJI,2017,2596.4513469826802
DJI,2018,2677.1650334451001
DJI,2019,2781.9435011348401
DJI,2020,2773.4066178009698
DMA,1990,5536.87901663922
DMA,1991,5638.3073302381999
DMA,1992,5750.3254137208496
DMA,1993,5865.4764713004097
DMA,1994,5863.7828373401098
DMA,1995,6042.2019651262499
DMA,1996,6235.0591740147502
DMA,1997,6381.5396520433796
DMA,1998,6639.1594601612596
DMA,1999,6687.2398771173303
DMA,2000,6879.5973727391802
DMA,2001,6897.6567408651799
DMA,2002,6676.9727146795703
DMA,2003,7047.6618959594598
DMA,2004,7323.8530008275002
DMA,2005,7381.7472852945302
DMA,2006,7698.5370148382399
DMA,2007,8106.1895187832497
DMA,2008,8682.5737817977297
DMA,2009,8582.7148143571794
DMA,2010,8574.2730868223807
DMA,2011,8553.8384670104006
DMA,2012,8532.3438811728902
DMA,2013,8459.6586988023992
DMA,2014,8576.2636762360908
DMA,2015,8282.5987470214095
DMA,2016,8499.5229190314894
DMA,2017,7985.6341102128999
DMA,2018,8261.1649255323591
DMA,2019,8624.5169599353703
DMA,2020,7302.9445495125401
DNK,1990,39306.793923243102
DNK,1991,39776.5961774467
DNK,1992,40447.232828495798
DNK,1993,40280.893586390899
DNK,1994,42270.652086761504
DNK,1995,43328.529341843903
DNK,1996,44331.619963744299
DNK,1997,45546.5896151864
DNK,1998,46437.1921069175
DNK,1999,47657.173190171598
DNK,2000,49266.988275788601
DNK,2001,49557.150996222699
DNK,2002,49624.596535958197
DNK,2003,49708.090908410901
DNK,2004,50956.304539881399
DNK,2005,52015.184116902099
DNK,2006,53823.159029548202
DNK,2007,54113.977147134101
DNK,2008,53572.534656818498
DNK,2009,50635.911806198797
DNK,2010,51209.449275777501
DNK,2011,51667.531321042501
DNK,2012,51470.689845426998
DNK,2013,51970.390932480601
DNK,2014,52368.362596927203
DNK,2015,53094.013360757403
DNK,2016,54300.203962199099
DNK,2017,55601.014571778702
DNK,2018,56355.073308471401
DNK,2019,57114.6227336347
DNK,2020,55934.555594552301
DOM,1990,2772.7706560838101
DOM,1991,2741.93908143923
DOM,1992,2989.6063022995299
DOM,1993,3147.67060324766
DOM,1994,3167.9449410856701
DOM,1995,3286.3614924938202
DOM,1996,3419.50600399521
DOM,1997,3659.5081904416202
DOM,1998,3840.8718026365
DOM,1999,4004.19876842647
DOM,2000,4123.1057316311499
DOM,2001,4158.9843028242904
DOM,2002,4280.8018239740804
DOM,2003,4162.6668611766099
DOM,2004,4212.0104412177297
DOM,2005,4549.2495700885702
DOM,2006,4904.7171583939798
DOM,2007,5204.7850065225402
DOM,2008,5308.9266496681403
DOM,2009,5294.6495337442602
DOM,2010,5666.45633430206
DOM,2011,5773.5740345915601
DOM,2012,5860.2989332101297
DOM,2013,6075.0339997273704
DOM,2014,6430.2781105133899
DOM,2015,6800.9530939547403
DOM,2016,7177.7537647548797
DOM,2017,7379.3997806713696
DOM,2018,7818.7059324046904
DOM,2019,8117.0463918578598
DOM,2020,7395.8734262396001
DZA,1990,3605.6870121260799
DZA,1991,3478.50976269176
DZA,1992,3455.9293629416202
DZA,1993,3302.91950568634
DZA,1994,3201.5691440256601
DZA,1995,3255.1872686956099
DZA,1996,3322.9553814147398
DZA,1997,3297.4660336126499
DZA,1998,3410.8825440164401
DZA,1999,3471.4919627649701
DZA,2000,3553.3242052199098
DZA,2001,3610.0060563198299
DZA,2002,3754.66081538446
DZA,2003,3945.8981609400698
DZA,2004,4066.2820480649498
DZA,2005,4223.6025213394296
DZA,2006,4279.6154712082698
DZA,2007,4339.25055772831
DZA,2008,4367.5653801754097
DZA,2009,4336.10054052949
DZA,2010,4456.6102741642999
DZA,2011,4501.3543013352
DZA,2012,4518.4397895646398
DZA,2013,4543.2344400676702
DZA,2014,4634.1014917995199
DZA,2015,4685.0590272900199
DZA,2016,4768.7314008102703
DZA,2017,4742.9007553252904
DZA,2018,4717.0035885361003
DZA,2019,4672.6640867863498
DZA,2020,4363.6853376778299
ECU,1990,3919.7175806709301
ECU,1991,4000.5681978767798
ECU,1992,4000.0314619168598
ECU,1993,3996.9937748181101
ECU,1994,4087.34069011974
ECU,1995,4100.6873534103097
ECU,1996,4093.8415447633502
ECU,1997,4192.8552320848303
ECU,1998,4252.0434864947501
ECU,1999,3979.1929361151301
ECU,2000,3953.3987972835698
ECU,2001,4049.0001889951
ECU,2002,4174.8979357996504
ECU,2003,4220.2129846663802
ECU,2004,4430.2371798418799
ECU,2005,4589.3284920345204
ECU,2006,4706.9805682381602
ECU,2007,4715.3035984255503
ECU,2008,4939.9021502178903
ECU,2009,4909.3368170568301
ECU,2010,5022.2037438720499
ECU,2011,5359.4572461563903
ECU,2012,5579.8562428215801
ECU,2013,5893.3217268303597
ECU,2014,6055.0417276148501
ECU,2015,5976.1596805650997
ECU,2016,5849.1358793367199
ECU,2017,6104.2725352175103
ECU,2018,6063.0956178775996
ECU,2019,5971.3893838672302
ECU,2020,5355.6893419644302
EGY,1990,1972.1378930332501
EGY,1991,1940.10019358564
EGY,1992,1979.0201013133201
EGY,1993,1989.97920020791
EGY,1994,2024.9537380525301
EGY,1995,2074.8399114024601
EGY,1996,2133.6480417724401
EGY,1997,2204.6657594244598
EGY,1998,2277.2850483467
EGY,1999,2361.8642510136901
EGY,2000,2458.6083500315399
EGY,2001,2492.0344118886101
EGY,2002,2498.4812119434
EGY,2003,2524.8047719575302
EGY,2004,2574.4234178964698
EGY,2005,2635.7030522663399
EGY,2006,2761.6241076831102
EGY,2007,2902.0655980325901
EGY,2008,3052.2129784593999
EGY,2009,3135.0966130571201
EGY,2010,3233.84521249306
EGY,2011,3222.3765011139699
EGY,2012,3220.9919420118799
EGY,2013,3216.3783902445398
EGY,2014,3235.6624623551902
EGY,2015,3306.9815941414099
EGY,2016,3381.2224630771202
EGY,2017,3452.90961245976
EGY,2018,3568.6396628636498
EGY,2019,3701.2446344954001
EGY,2020,3770.8694786854398
ERI,1990,
ERI,1991,
ERI,1992,642.07223352720905
ERI,1993,705.98840515803704
ERI,1994,829.91503722726804
ERI,1995,806.70299532895604
ERI,1996,838.66057263521395
ERI,1997,895.03377345205297
ERI,1998,899.08297419910195
ERI,1999,886.05367921838604
ERI,2000,845.13243006054404
ERI,2001,893.26873543919305
ERI,2002,889.00911359298198
ERI,2003,830.37967228260095
ERI,2004,808.59142018459204
ERI,2005,809.794793468889
ERI,2006,789.40243201808505
ERI,2007,789.07270174324697
ERI,2008,693.39887421249398
ERI,2009,702.43093648077797
ERI,2010,703.87737438165402
ERI,2011,751.37489979466795
ERI,2012,
ERI,2013,
ERI,2014,
ERI,2015,
ERI,2016,
ERI,2017,
ERI,2018,
ERI,2019,
ERI,2020,
ESP,1990,19174.770832329999
ESP,1991,19612.976604195701
ESP,1992,19698.511767659998
ESP,1993,19394.4931411816
ESP,1994,19762.3886289154
ESP,1995,20217.903194037201
ESP,1996,20658.8402775701
ESP,1997,21310.431188898601
ESP,1998,22135.404501880199
ESP,1999,23017.838771323
ESP,2000,24106.8818529374
ESP,2001,24878.378454399099
ESP,2002,25205.3154769045
ESP,2003,25481.1653690112
ESP,2004,25825.310646331502
ESP,2005,26294.447384390998
ESP,2006,26899.092149711301
ESP,2007,27338.795417739999
ESP,2008,27112.526293889001
ESP,2009,25860.8142592652
ESP,2010,25766.251582574299
ESP,2011,25510.557967882902
ESP,2012,24763.568274484001
ESP,2013,24498.5559507945
ESP,2014,24947.851250591299
ESP,2015,25982.441619777499
ESP,2016,26719.244226861501
ESP,2017,27426.281015093002
ESP,2018,27956.722546648401
ESP,2019,28301.439394956298
ESP,2020,25077.019882928002
EST,1990,9341.2255810609095
EST,1991,8637.2057772572607
EST,1992,6934.1705766238902
EST,1993,6706.5602112248398
EST,1994,6738.9990412223597
EST,1995,7170.9460772116799
EST,1996,7637.2570828696298
EST,1997,8732.9908565719397
EST,1998,9199.9353412763194
EST,1999,9133.8959338435507
EST,2000,10006.7696280939
EST,2001,10662.945502033101
EST,2002,11474.662272192299
EST,2003,12424.044153569301
EST,2004,13348.528446332401
EST,2005,14703.617970777201
EST,2006,16234.5152041417
EST,2007,17543.4661785723
EST,2008,16688.997772178001
EST,2009,14274.8511086787
EST,2010,14657.939813612
EST,2011,15820.922342204
EST,2012,16460.6843479001
EST,2013,16809.532668378099
EST,2014,17413.686756021201
EST,2015,17722.155766952299
EST,2016,18264.987330427899
EST,2017,19270.814121051098
EST,2018,19914.345492287801
EST,2019,20579.875673237599
EST,2020,19946.945696898001
ETH,1990,267.078134508598
ETH,1991,237.502454667904
ETH,1992,207.96788087977399
ETH,1993,227.173295614208
ETH,1994,226.399912642527
ETH,1995,232.23045063384501
ETH,1996,252.612985005506
ETH,1997,252.31166668183201
ETH,1998,236.05551452188001
ETH,1999,240.604711286049
ETH,2000,247.505413659694
ETH,2001,260.04231608135001
ETH,2002,256.06663588370901
ETH,2003,243.07666602000899
ETH,2004,267.92351339171199
ETH,2005,290.83338142505897
ETH,2006,313.01389672150299
ETH,2007,338.79906465430798
ETH,2008,364.64220815573498
ETH,2009,385.63241971137398
ETH,2010,421.89862237863298
ETH,2011,455.90962864855499
ETH,2012,481.63999990980801
ETH,2013,518.32466220810602
ETH,2014,556.36253224386701
ETH,2015,597.91211321866297
ETH,2016,636.83568095142903
ETH,2017,678.98541915757005
ETH,2018,705.96881207336003
ETH,2019,744.70278974004202
ETH,2020,768.70542448487299
FIN,1990,31291.5222587198
FIN,1991,29290.977395055801
FIN,1992,28162.351234884602
FIN,1993,27807.861466332699
FIN,1994,28785.9195720485
FIN,1995,29890.524328992498
FIN,1996,30883.834723784599
FIN,1997,32762.117910757501
FIN,1998,34457.455593974199
FIN,1999,35886.494908054803
FIN,2000,37872.602034350399
FIN,2001,38784.130811572599
FIN,2002,39343.069899762697
FIN,2003,40038.983970227702
FIN,2004,41521.962874475998
FIN,2005,42529.350692088403
FIN,2006,44069.395883471698
FIN,2007,46213.689897573699
FIN,2008,46359.873284405498
FIN,2009,42412.513351353402
FIN,2010,43556.538583436799
FIN,2011,44391.453566798402
FIN,2012,43507.934537157802
FIN,2013,42883.638498641703
FIN,2014,42502.488019985802
FIN,2015,42560.345676710298
FIN,2016,43529.676161696902
FIN,2017,44862.220404205
FIN,2018,45337.240955057503
FIN,2019,45898.570844895403
FIN,2020,44690.980110307399
FJI,1990,3414.9505275486199
FJI,1991,3295.7268636797999
FJI,1992,3471.43143388926
FJI,1993,3522.8422969987701
FJI,1994,3682.0001072731702
FJI,1995,3755.2683213160699
FJI,1996,3910.8296490510102
FJI,1997,3785.46685383881
FJI,1998,3787.4869956249599
FJI,1999,4073.3770634923799
FJI,2000,3960.88903458193
FJI,2001,3998.7973000803599
FJI,2002,4086.1043298133
FJI,2003,4087.72446536081
FJI,2004,4264.5972580237603
FJI,2005,4255.4509602501103
FJI,2006,4295.4067707480599
FJI,2007,4223.44802067613
FJI,2008,4240.7726489861598
FJI,2009,4164.2931481556898
FJI,2010,4272.3591621038204
FJI,2011,4375.5808351407704
FJI,2012,4427.9784152355196
FJI,2013,4630.3512738487998
FJI,2014,4883.2429934079901
FJI,2015,5097.5310686469502
FJI,2016,5218.8582457347702
FJI,2017,5500.6784028007196
FJI,2018,5720.2144575290704
FJI,2019,5701.1043453235698
FJI,2020,4721.1228128725297
FRA,1990,27992.9751471374
FRA,1991,28197.235954060699
FRA,1992,28482.519467550901
FRA,1993,28257.096248781701
FRA,1994,28822.500649506899
FRA,1995,29379.615842405201
FRA,1996,29683.7786067651
FRA,1997,30325.522871824
FRA,1998,31256.507383065498
FRA,1999,32152.720747873402
FRA,2000,33255.137964233501
FRA,2001,33640.673800256503
FRA,2002,33753.578297975801
FRA,2003,33840.617572010102
FRA,2004,34557.147111158098
FRA,2005,34946.037249470297
FRA,2006,35645.416242711603
FRA,2007,36322.168514100398
FRA,2008,36257.365893093804
FRA,2009,35052.8510772683
FRA,2010,35578.196801018297
FRA,2011,36269.956153088802
FRA,2012,36161.291825346503
FRA,2013,36256.086680981003
FRA,2014,36444.394908914597
FRA,2015,36702.432373337899
FRA,2016,36920.534284691399
FRA,2017,37580.597932935598
FRA,2018,38062.443596141202
FRA,2019,38705.207294061802
FRA,2020,35709.2045925926
FRO,1990,
FRO,1991,
FRO,1992,
FRO,1993,
FRO,1994,
FRO,1995,
FRO,1996,
FRO,1997,
FRO,1998,
FRO,1999,
FRO,2000,
FRO,2001,
FRO,2002,
FRO,2003,
FRO,2004,
FRO,2005,
FRO,2006,
FRO,2007,
FRO,2008,44623.031587197504
FRO,2009,42379.085117604402
FRO,2010,42334.391628988
FRO,2011,43947.157062582097
FRO,2012,47304.845172820402
FRO,2013,50121.791968457401
FRO,2014,52645.8769957728
FRO,2015,52638.266821845398
FRO,2016,52758.462646154003
FRO,2017,53832.102275279802
FRO,2018,54432.525765806597
FRO,2019,56031.662870129301
FRO,2020,54305.791882333397
FSM,1990,2394.3755888636101
FSM,1991,2525.5024196649501
FSM,1992,2575.2973280604701
FSM,1993,2726.1572575904302
FSM,1994,2661.6421897661198
FSM,1995,2818.4969090602799
FSM,1996,2712.5737998207201
FSM,1997,2535.8244544768099
FSM,1998,2600.59655060566
FSM,1999,2622.8171426163599
FSM,2000,2735.1956569283002
FSM,2001,2777.0246648919901
FSM,2002,2787.27413276067
FSM,2003,2840.5244906886501
FSM,2004,2758.74590390098
FSM,2005,2847.48229525537
FSM,2006,2853.2071373284698
FSM,2007,2827.5307210616302
FSM,2008,2779.8297111309798
FSM,2009,2841.46745946079
FSM,2010,2901.2460479821498
FSM,2011,3006.5397623700601
FSM,2012,2952.5870965681702
FSM,2013,2837.1574672913498
FSM,2014,2757.39654878889
FSM,2015,2869.8627616910098
FSM,2016,2896.4728224546802
FSM,2017,2945.6014738446202
FSM,2018,2946.0582784642802
FSM,2019,3043.0771898901198
FSM,2020,2963.4436052902201
GAB,1990,8354.2630900087606
GAB,1991,8627.3898573790502
GAB,1992,8138.8682190537102
GAB,1993,8237.7433874389008
GAB,1994,8322.6101084308393
GAB,1995,8514.9400989959595
GAB,1996,8603.0081340036104
GAB,1997,8870.1255086401907
GAB,1998,8949.1211008365008
GAB,1999,7944.6451793646602
GAB,2000,7596.0997065051897
GAB,2001,7556.7699531489798
GAB,2002,7338.7562061360504
GAB,2003,7301.67154442842
GAB,2004,7148.9871344749699
GAB,2005,7130.22505771754
GAB,2006,6724.0814897727396
GAB,2007,6908.6739916299903
GAB,2008,6468.3852335760903
GAB,2009,6264.8361148015401
GAB,2010,6481.49612073562
GAB,2011,6699.2339460651201
GAB,2012,6803.2266807921096
GAB,2013,6938.2575386223598
GAB,2014,6998.6054543957598
GAB,2015,7047.1265463435502
GAB,2016,6991.3251446736003
GAB,2017,6840.0595934780204
GAB,2018,6724.5961429108002
GAB,2019,6817.5687946876396
GAB,2020,6534.2796652944398
GBR,1990,30071.208561695501
GBR,1991,29590.905405342801
GBR,1992,29893.077679374299
GBR,1993,30862.411812165399
GBR,1994,32308.795272211501
GBR,1995,33362.016127250703
GBR,1996,34147.345905403301
GBR,1997,35721.6105928791
GBR,1998,36773.928779040602
GBR,1999,37730.715559116099
GBR,2000,39297.136631726702
GBR,2001,40082.135935682199
GBR,2002,40594.932929344999
GBR,2003,41706.830393012599
GBR,2004,42434.820902363797
GBR,2005,43320.562868443798
GBR,2006,43944.998579906904
GBR,2007,44882.141312303997
GBR,2008,44508.287463147899
GBR,2009,42146.509587996203
GBR,2010,42762.720840223003
GBR,2011,42791.093431347399
GBR,2012,43136.700679599599
GBR,2013,43585.873177228103
GBR,2014,44628.572457821698
GBR,2015,45256.040227056998
GBR,2016,45888.709961456298
GBR,2017,47019.451041999899
GBR,2018,47516.209977032202
GBR,2019,47866.914035407797
GBR,2020,42985.039214824799
GEO,1990,3534.0322773278199
GEO,1991,2768.8101608929301
GEO,1992,1513.85017404463
GEO,1993,1062.09528080207
GEO,1994,966.41959622548404
GEO,1995,1029.4805462834699
GEO,1996,1187.1232062189999
GEO,1997,1354.78352202066
GEO,1998,1431.79336069224
GEO,1999,1503.4629877673401
GEO,2000,1561.1986763884699
GEO,2001,1661.8301910642101
GEO,2002,1768.5970116888
GEO,2003,1977.4614333874099
GEO,2004,2105.0047284379898
GEO,2005,2321.6008428516302
GEO,2006,2554.8125350391401
GEO,2007,2891.1370233184598
GEO,2008,2970.1585828242801
GEO,2009,2887.2560793592202
GEO,2010,3090.06513662318
GEO,2011,3362.1030031967998
GEO,2012,3609.780798626
GEO,2013,3806.5060064905101
GEO,2014,3960.35080091901
GEO,2015,4086.6223465964999
GEO,2016,4225.0915490480602
GEO,2017,4442.5074412737404
GEO,2018,4713.6535484530305
GEO,2019,4975.8114819481398
GEO,2020,4659.6092531823397
GHA,1990,855.85250708181002
GHA,1991,878.63570406593999
GHA,1992,890.31317479941902
GHA,1993,910.72289775222202
GHA,1994,918.428722656692
GHA,1995,933.89531166435597
GHA,1996,954.325387944775
GHA,1997,970.99573936263096
GHA,1998,992.20631798932004
GHA,1999,1010.88194916348
GHA,2000,1022.27520714566
GHA,2001,1035.2266605325699
GHA,2002,1052.46591644399
GHA,2003,1077.69990866645
GHA,2004,1108.3047535363301
GHA,2005,1143.3117893430101
GHA,2006,1185.26570738595
GHA,2007,1205.3170580420899
GHA,2008,1282.63416886747
GHA,2009,1311.6305376012499
GHA,2010,1381.2279503505999
GHA,2011,1537.81834019283
GHA,2012,1640.54072088003
GHA,2013,1718.5970476995799
GHA,2014,1726.3693013464699
GHA,2015,1722.77282833606
GHA,2016,1740.81101902928
GHA,2017,1841.4463615324901
GHA,2018,1915.4532323781
GHA,2019,1999.5537222021101
GHA,2020,1970.1941146039801
GIB,1990,
GIB,1991,
GIB,1992,
GIB,1993,
GIB,1994,
GIB,1995,
GIB,1996,
GIB,1997,
GIB,1998,
GIB,1999,
GIB,2000,
GIB,2001,
GIB,2002,
GIB,2003,
GIB,2004,
GIB,2005,
GIB,2006,
GIB,2007,
GIB,2008,
GIB,2009,
GIB,2010,
GIB,2011,
GIB,2012,
GIB,2013,
GIB,2014,
GIB,2015,
GIB,2016,
GIB,2017,
GIB,2018,
GIB,2019,
GIB,2020,
GIN,1990,548.37153481942596
GIN,1991,540.62274746538799
GIN,1992,540.76823801764897
GIN,1993,551.00674265477198
GIN,1994,555.96278228614801
GIN,1995,565.55335974950503
GIN,1996,574.30286575049195
GIN,1997,591.77353015526
GIN,1998,601.90799308537305
GIN,1999,611.007685844967
GIN,2000,614.13723508363796
GIN,2001,628.32055486493596
GIN,2002,650.55496397329102
GIN,2003,644.07121790889403
GIN,2004,645.18284339068896
GIN,2005,651.359606871604
GIN,2006,645.47200192365301
GIN,2007,673.69899742062603
GIN,2008,684.775780377366
GIN,2009,660.75670133028405
GIN,2010,675.73691732770806
GIN,2011,696.19999139557103
GIN,2012,719.50591679454601
GIN,2013,729.83314323632601
GIN,2014,738.27227448130805
GIN,2015,747.35696675944803
GIN,2016,807.23642104388796
GIN,2017,867.90750257760703
GIN,2018,899.90732804517495
GIN,2019,926.42221954853005
GIN,2020,945.57090338966498
GMB,1990,658.71116533215604
GMB,1991,651.22961538143102
GMB,1992,646.42103193261096
GMB,1993,641.91873848800196
GMB,1994,622.551318791124
GMB,1995,609.618491441846
GMB,1996,605.40992484126002
GMB,1997,617.29759767952703
GMB,1998,621.22605823162303
GMB,1999,642.87370509115306
GMB,2000,659.91123764114104
GMB,2001,679.53975594795099
GMB,2002,640.03893213613003
GMB,2003,665.83422232619398
GMB,2004,693.56331449713298
GMB,2005,658.67628544308104
GMB,2006,636.59602690886595
GMB,2007,637.20930597536994
GMB,2008,657.67567919222802
GMB,2009,681.43346908657099
GMB,2010,701.01452459106099
GMB,2011,625.46436027098298
GMB,2012,639.13988188904796
GMB,2013,638.52236853221405
GMB,2014,611.87947295219601
GMB,2015,619.53636429646099
GMB,2016,615.19336549438594
GMB,2017,628.77729927292501
GMB,2018,658.12783325856299
GMB,2019,682.79764294042604
GMB,2020,670.75864289125104
GNB,1990,569.169670374215
GNB,1991,585.58551396823998
GNB,1992,574.85200255615496
GNB,1993,567.86007293809803
GNB,1994,568.16887199300697
GNB,1995,578.38184991740297
GNB,1996,632.16090692091302
GNB,1997,660.53777470795399
GNB,1998,502.81554020706
GNB,1999,576.33079529655799
GNB,2000,571.094015178625
GNB,2001,585.837980688333
GNB,2002,594.04053515155204
GNB,2003,579.09250682183597
GNB,2004,572.52646462729399
GNB,2005,595.94255560187003
GNB,2006,597.25715172204605
GNB,2007,597.48202093594796
GNB,2008,608.95862049692505
GNB,2009,608.20213187988202
GNB,2010,625.90402729058201
GNB,2011,658.95347052811599
GNB,2012,630.66862302824995
GNB,2013,634.09545608935196
GNB,2014,623.61015910336505
GNB,2015,645.06683720703904
GNB,2016,663.24260803200502
GNB,2017,677.46613131136701
GNB,2018,686.45681983952602
GNB,2019,706.29856287498501
GNB,2020,710.27583075561097
GNQ,1990,366.31440474702299
GNQ,1991,349.35288228596801
GNQ,1992,453.637813917068
GNQ,1993,485.39223171292502
GNQ,1994,545.59547085494796
GNQ,1995,617.29482612875404
GNQ,1996,989.77726673362895
GNQ,1997,2380.3210682723202
GNQ,1998,2833.3318462934299
GNQ,1999,3423.12126162912
GNQ,2000,3839.08642737128
GNQ,2001,5882.8505030658598
GNQ,2002,6604.0054631081002
GNQ,2003,7082.6548918692097
GNQ,2004,9208.6056670716207
GNQ,2005,10212.454505149801
GNQ,2006,10521.9996774827
GNQ,2007,11594.917206845599
GNQ,2008,13048.070305016799
GNQ,2009,12627.862381544999
GNQ,2010,10984.324393242599
GNQ,2011,11203.9073679091
GNQ,2012,11650.7196270884
GNQ,2013,10731.6455729191
GNQ,2014,10363.4872473549
GNQ,2015,9068.9100323864495
GNQ,2016,7971.8340190457302
GNQ,2017,7259.1093645480296
GNQ,2018,6578.9003976571103
GNQ,2019,6018.1206632186504
GNQ,2020,5575.2624151149203
GRC,1990,15438.7937023583
GRC,1991,15727.4735434744
GRC,1992,15717.046381620001
GRC,1993,15374.8626265369
GRC,1994,15604.033994424201
GRC,1995,15857.416193085601
GRC,1996,16005.951156971099
GRC,1997,16501.031649131801
GRC,1998,16973.829371407101
GRC,1999,17358.434697829402
GRC,2000,18002.906461398499
GRC,2001,18742.423578069101
GRC,2002,19548.3677447396
GRC,2003,20632.255704194198
GRC,2004,21688.105095955802
GRC,2005,21880.5265835801
GRC,2006,23220.532441919699
GRC,2007,23973.6936091313
GRC,2008,23923.880073131098
GRC,2009,22878.134664439702
GRC,2010,21547.724178239001
GRC,2011,19448.255802525
GRC,2012,17924.662049688599
GRC,2013,17644.876663502098
GRC,2014,17903.525244001201
GRC,2015,17980.729823813701
GRC,2016,18049.928997891999
GRC,2017,18352.088446125799
GRC,2018,18769.038962197599
GRC,2019,19216.675957978499
GRC,2020,17486.951333322999
GRD,1990,5102.6917298155304
GRD,1991,5130.4825747852201
GRD,1992,5046.3110720505001
GRD,1993,4909.7707644488301
GRD,1994,4956.3224513899704
GRD,1995,5026.24215573734
GRD,1996,5213.4310371238298
GRD,1997,5438.0445822801003
GRD,1998,6036.1589980861399
GRD,1999,6409.14591451052
GRD,2000,6677.1265230921999
GRD,2001,6509.5166031337403
GRD,2002,6707.3687353277701
GRD,2003,7309.7854709457897
GRD,2004,7233.29494434962
GRD,2005,8162.9123212472696
GRD,2006,7808.2435832343399
GRD,2007,8257.3622568268893
GRD,2008,8307.4922149181893
GRD,2009,7733.1299060005804
GRD,2010,7670.7116582766303
GRD,2011,7695.3761601728702
GRD,2012,7559.5628483955998
GRD,2013,7688.7529770134297
GRD,2014,8206.6286211233291
GRD,2015,8694.1243800569191
GRD,2016,8983.6839733789893
GRD,2017,9357.4072888358296
GRD,2018,9744.1691957720395
GRD,2019,9785.5604024059194
GRD,2020,8413.2833550037194
GRL,1990,26805.549697444199
GRL,1991,26823.378375534001
GRL,1992,25544.299263319401
GRL,1993,24303.8982888635
GRL,1994,25604.595688324702
GRL,1995,26416.516502836799
GRL,1996,26772.613814176199
GRL,1997,27117.3732945796
GRL,1998,29169.046581268401
GRL,1999,29570.9623369365
GRL,2000,31623.059150194302
GRL,2001,31914.171096448099
GRL,2002,31483.607478009399
GRL,2003,32787.968035521299
GRL,2004,34961.935609725697
GRL,2005,36681.8055890619
GRL,2006,38828.8524943222
GRL,2007,39896.875364093998
GRL,2008,42527.666846976601
GRL,2009,42899.744198586202
GRL,2010,43481.516108780503
GRL,2011,42994.879087473899
GRL,2012,43655.7004664255
GRL,2013,43338.383924690701
GRL,2014,45545.1429414917
GRL,2015,44536.354970537701
GRL,2016,46561.783143401299
GRL,2017,46597.945247034797
GRL,2018,47012.986035027599
GRL,2019,48170.789695551197
GRL,2020,48169.9406957389
GTM,1990,2741.53944249398
GTM,1991,2765.8834551937098
GTM,1992,2823.6734778661098
GTM,1993,2857.29765344313
GTM,1994,2894.4325499116399
GTM,1995,2958.3498171197898
GTM,1996,2967.9949953733599
GTM,1997,3019.2886747502098
GTM,1998,3089.97742727983
GTM,1999,3129.1222662147202
GTM,2000,3165.933886028
GTM,2001,3166.2050244430602
GTM,2002,3213.26990763198
GTM,2003,3222.1562211150899
GTM,2004,3250.20561194529
GTM,2005,3284.8112842165801
GTM,2006,3388.1516508196701
GTM,2007,3527.7799562119299
GTM,2008,3569.93031541246
GTM,2009,3516.19395579721
GTM,2010,3546.6275092987898
GTM,2011,3621.3758264477401
GTM,2012,3655.5749029941198
GTM,2013,3717.30457960279
GTM,2014,3809.6158433280202
GTM,2015,3893.50533299068
GTM,2016,3924.7789643023998
GTM,2017,3972.7405926267202
GTM,2018,4040.2121437474202
GTM,2019,4139.1220633863204
GTM,2020,4005.83916360689
GUM,1990,
GUM,1991,
GUM,1992,
GUM,1993,
GUM,1994,
GUM,1995,
GUM,1996,
GUM,1997,
GUM,1998,
GUM,1999,
GUM,2000,
GUM,2001,
GUM,2002,29576.221681310999
GUM,2003,29685.9531745657
GUM,2004,31483.814194955801
GUM,2005,32520.372956535201
GUM,2006,31242.462900947001
GUM,2007,31385.0475162113
GUM,2008,31941.270602587399
GUM,2009,31988.722935825499
GUM,2010,32644.148405620501
GUM,2011,32665.378748337898
GUM,2012,33404.931763691297
GUM,2013,34044.319041545503
GUM,2014,34755.269110729801
GUM,2015,35165.701464479498
GUM,2016,35373.848314341703
GUM,2017,35850.902552050597
GUM,2018,35731.220374308097
GUM,2019,36830.126441097302
GUM,2020,32884.885264678698
GUY,1990,2377.21795364949
GUY,1991,2528.08038811696
GUY,1992,2716.75893023455
GUY,1993,2926.9369370700601
GUY,1994,3164.6677787542599
GUY,1995,3312.64996890674
GUY,1996,3566.1349936095698
GUY,1997,3778.0065286574099
GUY,1998,3708.0463711061502
GUY,1999,3813.3305756579798
GUY,2000,3759.6078969998898
GUY,2001,3847.09461851367
GUY,2002,3894.8710741519799
GUY,2003,3873.04123684261
GUY,2004,3937.11435304522
GUY,2005,3867.9330815864701
GUY,2006,4076.7798171570698
GUY,2007,4382.1044966681302
GUY,2008,4472.3451788969896
GUY,2009,4649.3414479275598
GUY,2010,4860.0911098056604
GUY,2011,5133.8953981363702
GUY,2012,5403.79899428921
GUY,2013,5573.3421790462999
GUY,2014,5635.7170411794696
GUY,2015,5640.4156056946604
GUY,2016,5818.6168220464597
GUY,2017,5997.1827142682596
GUY,2018,6080.9061213274599
GUY,2019,6278.6305407955297
GUY,2020,9010.6100046987794
HKG,1990,21357.239674697099
HKG,1991,22388.5913459199
HKG,1992,23585.654663611898
HKG,1993,24621.647818422301
HKG,1994,25526.433008331798
HKG,1995,25620.020368597201
HKG,1996,25551.371311425701
HKG,1997,26631.776159752299
HKG,1998,24856.750406300202
HKG,1999,25237.632569598401
HKG,2000,26933.213075470299
HKG,2001,26885.405327559602
HKG,2002,27210.050236465398
HKG,2003,28097.097139730799
HKG,2004,30304.290161959801
HKG,2005,32401.355862657299
HKG,2006,34458.003234808901
HKG,2007,36371.643423398702
HKG,2008,36924.052964389703
HKG,2009,35938.578391741998
HKG,2010,38090.015442012897
HKG,2011,39656.318451013103
HKG,2012,39887.819265056802
HKG,2013,40959.9776349249
HKG,2014,41796.859315009096
HKG,2015,42432.161974044102
HKG,2016,43087.553712812703
HKG,2017,44380.817675314698
HKG,2018,45280.497189207599
HKG,2019,44195.274114290602
HKG,2020,41451.298958628198
HND,1990,457.98104009258799
HND,1991,561.12559231934404
HND,1992,594.68900114156997
HND,1993,656.86982784909299
HND,1994,823.79167556209404
HND,1995,998.35656418317706
HND,1996,1193.3883090617501
HND,1997,1420.73109700244
HND,1998,1543.75794800689
HND,1999,1677.77949157084
HND,2000,1789.47798512637
HND,2001,1789.18816032117
HND,2002,1807.9730554729199
HND,2003,1842.29750018813
HND,2004,1908.9095005046399
HND,2005,1975.8564791323599
HND,2006,2056.5349146923099
HND,2007,2134.1954063948501
HND,2008,2175.1470940306399
HND,2009,2076.3085989563801
HND,2010,2108.4731445960301
HND,2011,2144.5626554049099
HND,2012,2188.3937881789102
HND,2013,2205.4012672806698
HND,2014,2229.2477223221799
HND,2015,2271.20265980349
HND,2016,2315.72983058198
HND,2017,2383.3739843971398
HND,2018,2430.1350365776202
HND,2019,2447.61649282181
HND,2020,2189.4316866822201
HRV,1990,9754.7632585055399
HRV,1991,7842.6443187735604
HRV,1992,7095.3100490335501
HRV,1993,6490.9105913169296
HRV,1994,6795.79207585721
HRV,1995,7304.7269222887699
HRV,1996,7858.1928054460896
HRV,1997,8383.4737632670895
HRV,1998,8577.6591337691607
HRV,1999,8541.5331224271704
HRV,2000,8880.4778912642796
HRV,2001,9515.9271447642095
HRV,2002,10062.060251676899
HRV,2003,10619.3351874985
HRV,2004,11059.127415515801
HRV,2005,11522.944604729
HRV,2006,12104.294721936099
HRV,2007,12718.2002498979
HRV,2008,12970.5143712302
HRV,2009,12099.704522836701
HRV,2010,11965.1414956676
HRV,2011,11993.1337166457
HRV,2012,11780.5853491253
HRV,2013,11838.455438859501
HRV,2014,11862.781570626599
HRV,2015,12283.875029917701
HRV,2016,12848.473748279001
HRV,2017,13485.3711360576
HRV,2018,14061.059740291899
HRV,2019,14641.873557848799
HRV,2020,13545.740228942699
HTI,1990,1627.3126452563299
HTI,1991,1624.49598864977
HTI,1992,1507.8187288982299
HTI,1993,1398.25464638175
HTI,1994,1207.6605445002999
HTI,1995,1302.1349116855299
HTI,1996,1330.54039885269
HTI,1997,1340.99702096807
HTI,1998,1344.9390395747
HTI,1999,1356.11344556059
HTI,2000,1342.89490450523
HTI,2001,1314.1141969396899
HTI,2002,1304.5293810385001
HTI,2003,1326.47161042212
HTI,2004,1286.90282128221
HTI,2005,1304.3330373123099
HTI,2006,1305.0381381561101
HTI,2007,1343.61111422048
HTI,2008,1356.5340014004801
HTI,2009,1412.89653523429
HTI,2010,1317.5838933974601
HTI,2011,1369.16921255852
HTI,2012,1354.88546124499
HTI,2013,1392.3820473685901
HTI,2014,1411.7683480215401
HTI,2015,1411.12684746796
HTI,2016,1416.74881879698
HTI,2017,1432.6722860954101
HTI,2018,1437.35251928349
HTI,2019,1394.42114071112
HTI,2020,1331.6977850693199
HUN,1990,8646.4475442310904
HUN,1991,7618.6402955167396
HUN,1992,7388.0822942274299
HUN,1993,7353.9002068622103
HUN,1994,7581.0010223303898
HUN,1995,7704.6409020455003
HUN,1996,7725.6998035819797
HUN,1997,7971.8055491482501
HUN,1998,8297.8541951194493
HUN,1999,8578.1950638806502
HUN,2000,8979.7357860294906
HUN,2001,9365.9539319301493
HUN,2002,9836.9406508332104
HUN,2003,10253.723920764
HUN,2004,10786.4881991495
HUN,2005,11272.734542812201
HUN,2006,11734.454472981301
HUN,2007,11791.7074416876
HUN,2008,11929.7209867703
HUN,2009,11142.885928524
HUN,2010,11287.368666610801
HUN,2011,11536.357899677199
HUN,2012,11440.7622718825
HUN,2013,11729.572079850101
HUN,2014,12287.3779441033
HUN,2015,12782.9412577973
HUN,2016,13145.6559885563
HUN,2017,13734.244280433501
HUN,2018,14533.7783144312
HUN,2019,15290.808546633099
HUN,2020,14664.2971195385
IDN,1990,1470.9182225852801
IDN,1991,1544.99580894527
IDN,1992,1617.1095487221801
IDN,1993,1693.1074260189
IDN,1994,1790.3272996245501
IDN,1995,1905.5423611123799
IDN,1996,2020.99148132509
IDN,1997,2081.8416693961999
IDN,1998,1780.20049544892
IDN,1999,1767.51466729756
IDN,2000,1828.10265968361
IDN,2001,1868.5917230729201
IDN,2002,1926.3743586814901
IDN,2003,1991.91820506473
IDN,2004,2065.7061747084199
IDN,2005,2155.4478015920999
IDN,2006,2244.0802226201999
IDN,2007,2355.1528565327999
IDN,2008,2464.60193418272
IDN,2009,2546.2196970776699
IDN,2010,2670.8129098953
IDN,2011,2799.6246879031801
IDN,2012,2930.5184453229999
IDN,2013,3055.24246006469
IDN,2014,3170.72103011429
IDN,2015,3288.2226972553799
IDN,2016,3416.81005170972
IDN,2017,3553.5199926232099
IDN,2018,3701.32155461912
IDN,2019,3850.9032173897899
IDN,2020,3739.4490656316102
IMN,1990,28042.444120510201
IMN,1991,28128.448581891502
IMN,1992,28133.832436462399
IMN,1993,28694.416094025899
IMN,1994,29676.142211149901
IMN,1995,30802.8930909929
IMN,1996,32928.832456047101
IMN,1997,35337.912828662098
IMN,1998,39591.571257281401
IMN,1999,44456.456271062401
IMN,2000,46274.970969140297
IMN,2001,48252.763849827701
IMN,2002,50714.582470338297
IMN,2003,53224.352775780397
IMN,2004,55464.022099335598
IMN,2005,58201.599083817797
IMN,2006,62075.760160499398
IMN,2007,66029.975590718299
IMN,2008,68520.682562493705
IMN,2009,69192.025822169104
IMN,2010,70747.841758718307
IMN,2011,71727.505508270304
IMN,2012,77009.297861201194
IMN,2013,80383.827308852706
IMN,2014,84778.580663934699
IMN,2015,84753.518742273198
IMN,2016,90783.764724539404
IMN,2017,93200.310808385693
IMN,2018,95040.406174893797
IMN,2019,95110.138599073704
IMN,2020,86595.067609927501
IND,1990,537.87026953610302
IND,1991,531.89839783335105
IND,1992,549.23506996489505
IND,1993,563.37287233674704
IND,1994,588.72789218063201
IND,1995,620.69995433636598
IND,1996,654.35592843405198
IND,1997,667.59842309339899
IND,1998,695.29370933708196
IND,1999,742.53920839811997
IND,2000,756.70410953318697
IND,2001,778.50737752249904
IND,2002,793.61591290100205
IND,2003,841.27889456240803
IND,2004,892.59661458071798
IND,2005,947.73256564427197
IND,2006,1008.23275344818
IND,2007,1069.2469681223399
IND,2008,1086.50605251005
IND,2009,1155.1016327381701
IND,2010,1235.15939132939
IND,2011,1281.61054354937
IND,2012,1333.0962655764899
IND,2013,1399.4537980281
IND,2014,1484.3164068296101
IND,2015,1583.99815907985
IND,2016,1694.4653497378699
IND,2017,1788.6977031848101
IND,2018,1883.35772705055
IND,2019,1936.03067741063
IND,2020,1806.5011058386499
IRL,1990,23456.999356198001
IRL,1991,23772.566305861201
IRL,1992,24400.306440245098
IRL,1993,24932.377054272401
IRL,1994,26263.709175235301
IRL,1995,28646.817621989801
IRL,1996,30518.4039336362
IRL,1997,33543.994297565703
IRL,1998,36105.918483745598
IRL,1999,39460.475865500899
IRL,2000,42599.480392131903
IRL,2001,44151.153603255698
IRL,2002,45974.488198884203
IRL,2003,46594.862026761599
IRL,2004,48856.323858739597
IRL,2005,50547.212372976297
IRL,2006,51656.819485588698
IRL,2007,52849.694842945799
IRL,2008,49461.159428135303
IRL,2009,46466.379426922198
IRL,2010,46991.646467394901
IRL,2011,47539.918173996797
IRL,2012,47147.160466942099
IRL,2013,47928.034648700501
IRL,2014,52044.620118188701
IRL,2015,64250.138518125699
IRL,2016,64205.979777351
IRL,2017,69748.622103401402
IRL,2018,74029.055061143605
IRL,2019,76485.635854651002
IRL,2020,80927.936475395007
IRN,1990,3222.20102704479
IRN,1991,3534.6539641725499
IRN,1992,3579.7322178624599
IRN,1993,3514.5196657466099
IRN,1994,3448.2595688152701
IRN,1995,3492.1720496948201
IRN,1996,3674.0326860276
IRN,1997,3679.2753491296198
IRN,1998,3704.56563043092
IRN,1999,3725.31745828772
IRN,2000,3885.3018336064902
IRN,2001,3917.29935489016
IRN,2002,4198.9535608072702
IRN,2003,4511.4313403445803
IRN,2004,4607.4516908820897
IRN,2005,4650.3584149070803
IRN,2006,4778.7934584732002
IRN,2007,5084.71796043623
IRN,2008,5035.9400853361803
IRN,2009,5023.8931436294097
IRN,2010,5249.0613336975903
IRN,2011,5321.75870744453
IRN,2012,5058.6463781183502
IRN,2013,4916.9729194847496
IRN,2014,5093.2031970218704
IRN,2015,4952.7335553217799
IRN,2016,5312.6172495419196
IRN,2017,5395.2398398597998
IRN,2018,5127.2249536701802
IRN,2019,4952.4566908107799
IRN,2020,5132.8243076211802
IRQ,1990,3526.5792512685298
IRQ,1991,1254.6305738559699
IRQ,1992,1615.0390354277399
IRQ,1993,2005.5635316411499
IRQ,1994,1985.7969195068199
IRQ,1995,1961.09255088499
IRQ,1996,2108.8232833811398
IRQ,1997,2478.8431044434901
IRQ,1998,3242.95733892317
IRQ,1999,3691.7405134218898
IRQ,2000,4172.7802510524398
IRQ,2001,4116.0940532027898
IRQ,2002,3660.9252750717701
IRQ,2003,2250.06990123369
IRQ,2004,3354.26588756715
IRQ,2005,3310.8634447399299
IRQ,2006,3471.98744698568
IRQ,2007,3565.5805407904099
IRQ,2008,3781.7800171276199
IRQ,2009,3768.1728432898299
IRQ,2010,3881.94327045302
IRQ,2011,4030.01686860986
IRQ,2012,4387.90469058707
IRQ,2013,4504.8268753735401
IRQ,2014,4446.97343234862
IRQ,2015,4440.1418925236703
IRQ,2016,4932.9272911439002
IRQ,2017,4736.3271080985696
IRQ,2018,4749.0092183689603
IRQ,2019,4898.1489766858203
IRQ,2020,4213.9984376606099
ISL,1990,37302.806059971197
ISL,1991,36790.486848695502
ISL,1992,35105.287033304601
ISL,1993,35206.566483356502
ISL,1994,36162.291150918303
ISL,1995,36008.584649516401
ISL,1996,37425.514275379297
ISL,1997,38657.2763911898
ISL,1998,40926.715820447003
ISL,1999,42010.937625689301
ISL,2000,43472.336995130601
ISL,2001,44545.982273846399
ISL,2002,44389.556060490897
ISL,2003,45088.922608238303
ISL,2004,48101.7116415743
ISL,2005,50674.441140664901
ISL,2006,52306.128485788999
ISL,2007,55457.360161450299
ISL,2008,55360.813601240603
ISL,2009,50581.084616733599
ISL,2010,49528.486473341101
ISL,2011,50058.8302665144
ISL,2012,50375.411705419501
ISL,2013,51696.087650732603
ISL,2014,52102.575810194998
ISL,2015,53505.696407933901
ISL,2016,56049.292867203898
ISL,2017,56657.980032279702
ISL,2018,57731.652363951202
ISL,2019,57118.845277719804
ISL,2020,52464.3073240589
ISR,1990,22396.302341992599
ISR,1991,22717.774415026601
ISR,1992,23649.039473713499
ISR,1993,23976.743110656698
ISR,1994,25099.324292096098
ISR,1995,26052.111389011799
ISR,1996,26861.174330582198
ISR,1997,27144.221603812999
ISR,1998,27618.774480754699
ISR,1999,27809.728882909501
ISR,2000,29411.499942878701
ISR,2001,28804.039634196899
ISR,2002,28186.554816775199
ISR,2003,28079.325396694301
ISR,2004,28870.008086805701
ISR,2005,29600.146724333201
ISR,2006,30707.435814097
ISR,2007,32071.3107404162
ISR,2008,32519.7624461575
ISR,2009,32139.114649091702
ISR,2010,33307.1044316197
ISR,2011,34499.950926282501
ISR,2012,34685.091598101302
ISR,2013,35436.291287327302
ISR,2014,36055.085302250001
ISR,2015,36138.135613860002
ISR,2016,37044.011862376399
ISR,2017,37911.021728115702
ISR,2018,38695.010007970603
ISR,2019,39322.038041421998
ISR,2020,37938.380935475499
ITA,1990,27625.179230641301
ITA,1991,28030.765384107301
ITA,1992,28245.4271054692
ITA,1993,27987.432896928101
ITA,1994,28583.6255328648
ITA,1995,29408.320957229698
ITA,1996,29795.659775091499
ITA,1997,30353.3778243995
ITA,1998,30892.175865445501
ITA,1999,31405.260900768299
ITA,2000,32609.667462829999
ITA,2001,33243.599343975999
ITA,2002,33267.447448204803
ITA,2003,33110.169849481201
ITA,2004,33348.974482045604
ITA,2005,33407.675471647199
ITA,2006,33873.049368009299
ITA,2007,34159.910924407399
ITA,2008,33550.634080006297
ITA,2009,31587.063841630501
ITA,2010,31928.5543621096
ITA,2011,32039.5032494316
ITA,2012,30953.414744742699
ITA,2013,30330.0221599668
ITA,2014,30325.028779392302
ITA,2015,30639.882975143199
ITA,2016,31077.6792675211
ITA,2017,31635.522771079999
ITA,2018,31963.6417148824
ITA,2019,32180.434101742801
ITA,2020,29469.7989238626
JAM,1990,4773.6284819530301
JAM,1991,4960.8304058099602
JAM,1992,5008.1288335868603
JAM,1993,5423.3508419917998
JAM,1994,5442.1674040780099
JAM,1995,5514.5125283666503
JAM,1996,5455.19334658148
JAM,1997,5343.4804922575704
JAM,1998,5174.2829560946802
JAM,1999,5187.9957964632804
JAM,2000,5197.39692210665
JAM,2001,5234.0274439780596
JAM,2002,5305.8765869724402
JAM,2003,5467.1740698823596
JAM,2004,5507.2013511004297
JAM,2005,5525.7357783371299
JAM,2006,5656.6680357998803
JAM,2007,5710.5387844675797
JAM,2008,5639.5897487339698
JAM,2009,5372.1423416951102
JAM,2010,5271.5722147793804
JAM,2011,5339.6217018879797
JAM,2012,5284.0085255758904
JAM,2013,5289.8843854611096
JAM,2014,5307.1916538080104
JAM,2015,5339.3071825680599
JAM,2016,5472.28314023034
JAM,2017,5586.1365723133003
JAM,2018,5717.8762110753196
JAM,2019,5814.7927531169198
JAM,2020,5317.8414503396598
JOR,1990,3496.4897710938599
JOR,1991,3286.6355978306301
JOR,1992,3564.7393415557899
JOR,1993,3535.94786061685
JOR,1994,3538.0988536116902
JOR,1995,3606.71295243238
JOR,1996,3561.7492133041901
JOR,1997,3582.0487544350399
JOR,1998,3605.6344705289498
JOR,1999,3648.60665235433
JOR,2000,3725.49544709257
JOR,2001,3841.9851184674299
JOR,2002,3979.40388653953
JOR,2003,4054.2261260976802
JOR,2004,4296.6236737088602
JOR,2005,4532.9624825853798
JOR,2006,4596.5690935354696
JOR,2007,4681.1700676693099
JOR,2008,4902.3834807384901
JOR,2009,5043.6263872930303
JOR,2010,5066.4972002772502
JOR,2011,5085.9800502538601
JOR,2012,5135.0327939588997
JOR,2013,5007.7616206716102
JOR,2014,4703.3994498681504
JOR,2015,4441.6189601375399
JOR,2016,4326.1726157150497
JOR,2017,4335.9251268954104
JOR,2018,4320.029787425
JOR,2019,4313.8079142660799
JOR,2020,4188.2124009571899
JPN,1990,28904.765886307301
JPN,1991,29775.391651583999
JPN,1992,29916.6529957081
JPN,1993,29665.387101728698
JPN,1994,29876.454752763999
JPN,1995,30504.533252900499
JPN,1996,31371.432405963998
JPN,1997,31723.338253842499
JPN,1998,31076.438662655699
JPN,1999,30911.924318053399
JPN,2000,31779.3788459032
JPN,2001,31793.126948548899
JPN,2002,31746.243010571299
JPN,2003,32115.5810785373
JPN,2004,32783.1292835489
JPN,2005,33385.917959032697
JPN,2006,33880.689009345602
JPN,2007,34426.693712486704
JPN,2008,34008.591514736203
JPN,2009,31993.858805370601
JPN,2010,33311.287238187899
JPN,2011,33306.180225971897
JPN,2012,33909.491185524297
JPN,2013,34636.692474616597
JPN,2014,34996.879675663098
JPN,2015,35664.644611061303
JPN,2016,35934.446788666202
JPN,2017,36547.735743730504
JPN,2018,36899.3847079435
JPN,2019,36837.258365311303
JPN,2020,35363.299695178903
KAZ,1990,5557.0821573697704
KAZ,1991,4910.1532411913504
KAZ,1992,4635.4215465407297
KAZ,1993,4223.1282023153999
KAZ,1994,3740.9781089202402
KAZ,1995,3498.5145436422899
KAZ,1996,3583.3690842333099
KAZ,1997,3728.9638651968899
KAZ,1998,3750.5649456265901
KAZ,1999,3899.6572313977799
KAZ,2000,4269.3301678279104
KAZ,2001,4822.5286280266901
KAZ,2002,5267.6990320263003
KAZ,2003,5724.4319924805404
KAZ,2004,6233.2943937330701
KAZ,2005,6787.4115548788996
KAZ,2006,7450.3968706261503
KAZ,2007,8036.8759981150497
KAZ,2008,8216.5218158958505
KAZ,2009,8218.3991255604797
KAZ,2010,8704.7065548455594
KAZ,2011,9223.3021336314996
KAZ,2012,9531.9147761705808
KAZ,2013,9959.7258693053409
KAZ,2014,10226.7100539683
KAZ,2015,10196.1226255982
KAZ,2016,10151.423313302001
KAZ,2017,10404.271864631701
KAZ,2018,10670.212014827899
KAZ,2019,10989.684071838799
KAZ,2020,10565.0359816235
KEN,1990,1329.3331276623201
KEN,1991,1305.4641570144699
KEN,1992,1255.9387062235901
KEN,1993,1223.5061672576201
KEN,1994,1219.7841113305001
KEN,1995,1237.8825046767499
KEN,1996,1254.21025248674
KEN,1997,1226.19542113337
KEN,1998,1232.06658106635
KEN,1999,1224.6340463988599
KEN,2000,1195.4129685165601
KEN,2001,1202.2934875998701
KEN,2002,1171.4262517349
KEN,2003,1169.14433674051
KEN,2004,1191.2544360455599
KEN,2005,1223.44738472019
KEN,2006,1263.54164666211
KEN,2007,1309.9109294821601
KEN,2008,1273.7722610307301
KEN,2009,1276.7350348607399
KEN,2010,1340.1646740885601
KEN,2011,1370.5800087448199
KEN,2012,1396.30178709756
KEN,2013,1413.94142522583
KEN,2014,1450.5933820227699
KEN,2015,1489.1195977728401
KEN,2016,1517.9779605774199
KEN,2017,1542.3377397337199
KEN,2018,1596.6904591494499
KEN,2019,1645.70961777862
KEN,2020,1609.33414078281
KGZ,1990,1203.47208279448
KGZ,1991,1089.90005451003
KGZ,1992,928.31552055094005
KGZ,1993,784.564919201316
KGZ,1994,627.22098993012298
KGZ,1995,587.29818066722805
KGZ,1996,619.66776861500102
KGZ,1997,671.25000816305999
KGZ,1998,675.058248147575
KGZ,1999,689.41427820546403
KGZ,2000,718.34283239766205
KGZ,2001,749.42377956156497
KGZ,2002,742.44300111832001
KGZ,2003,786.35047496413404
KGZ,2004,831.48210394438104
KGZ,2005,820.70951943759201
KGZ,2006,837.13802664734601
KGZ,2007,900.02796489728996
KGZ,2008,966.40997118481698
KGZ,2009,981.22090466552902
KGZ,2010,962.76478982872402
KGZ,2011,1005.4831781815
KGZ,2012,985.84728659719997
KGZ,2013,1069.7840443871601
KGZ,2014,1088.5821422950801
KGZ,2015,1105.6519384426099
KGZ,2016,1128.3161612818001
KGZ,2017,1157.1827575806701
KGZ,2018,1175.0712778746999
KGZ,2019,1201.8770142972101
KGZ,2020,1093.3285646142201
KHM,1990,824.05165582548705
KHM,1991,850.61022117309699
KHM,1992,862.47803088733497
KHM,1993,845.38200429186804
KHM,1994,513.96714796787398
KHM,1995,520.92688318614501
KHM,1996,511.67034959770399
KHM,1997,496.77055131094102
KHM,1998,499.016649050833
KHM,1999,552.90149223264302
KHM,2000,598.56191525214695
KHM,2001,632.833573980849
KHM,2002,662.18834128345395
KHM,2003,719.33349424050903
KHM,2004,775.84713903097804
KHM,2005,866.340290123209
KHM,2006,947.06522005069098
KHM,2007,1030.23117620792
KHM,2008,1090.57475806147
KHM,2009,1117.25834194514
KHM,2010,1155.85236856699
KHM,2011,1221.38839852454
KHM,2012,1295.2527147789301
KHM,2013,1376.2955759592601
KHM,2014,1464.5311586692701
KHM,2015,1547.3201044439299
KHM,2016,1645.4667157812601
KHM,2017,1753.93530504662
KHM,2018,1884.28374817086
KHM,2019,2008.3209400670601
KHM,2020,1908.6342751833599
KIR,1990,1387.65304955701
KIR,1991,1283.3465314555201
KIR,1992,1564.72287611506
KIR,1993,1539.30453918434
KIR,1994,1547.62423440117
KIR,1995,1566.4726683246199
KIR,1996,1539.33663487683
KIR,1997,1529.2493247443899
KIR,1998,1569.02691581722
KIR,1999,1482.1922699363199
KIR,2000,1555.5820481209701
KIR,2001,1477.95177621217
KIR,2002,1467.9927324165501
KIR,2003,1415.5457786930399
KIR,2004,1378.9583696722
KIR,2005,1368.99728765793
KIR,2006,1419.38723031361
KIR,2007,1433.3574780561901
KIR,2008,1361.8359977560799
KIR,2009,1340.27605600221
KIR,2010,1328.7877643880499
KIR,2011,1348.0602369873
KIR,2012,1405.5029344966999
KIR,2013,1493.49148676402
KIR,2014,1492.8508200481001
KIR,2015,1639.8527474065199
KIR,2016,1731.4370200169401
KIR,2017,1768.8787484193299
KIR,2018,1802.34850714657
KIR,2019,1834.42627824847
KIR,2020,1779.6297302491701
KNA,1990,10136.986550185
KNA,1991,9966.2037437286708
KNA,1992,10300.5415354294
KNA,1993,10860.6034990877
KNA,1994,11290.2168438156
KNA,1995,11743.378416233199
KNA,1996,12269.7967435843
KNA,1997,12940.785285587401
KNA,1998,12710.9629751883
KNA,1999,12942.857504219
KNA,2000,14039.0281125333
KNA,2001,14610.9099610508
KNA,2002,14727.390882931601
KNA,2003,14100.3067967234
KNA,2004,14619.795111247
KNA,2005,16000.5658929826
KNA,2006,16457.8622372067
KNA,2007,16508.143708131502
KNA,2008,18325.7612670282
KNA,2009,17671.254706973501
KNA,2010,17688.0690103409
KNA,2011,17958.681397705299
KNA,2012,17770.496364057599
KNA,2013,18773.8926898397
KNA,2014,20187.8061975481
KNA,2015,20328.800353010902
KNA,2016,21133.657591441399
KNA,2017,21191.604708370302
KNA,2018,21635.4972146482
KNA,2019,22297.764499570101
KNA,2020,18918.826345661098
KOR,1990,9672.5784518289402
KOR,1991,10618.8431439122
KOR,1992,11176.560685871
KOR,1993,11837.469205379701
KOR,1994,12817.2447824958
KOR,1995,13924.3044000347
KOR,1996,14894.3278834104
KOR,1997,15682.2717905189
KOR,1998,14800.5091573641
KOR,1999,16402.916834109401
KOR,2000,17763.1353417297
KOR,2001,18460.428819382902
KOR,2002,19775.380065513898
KOR,2003,20278.040642117801
KOR,2004,21244.813680052801
KOR,2005,22123.761306685101
KOR,2006,23162.186011129699
KOR,2007,24391.765101344801
KOR,2008,24934.539636769099
KOR,2009,25009.914831199902
KOR,2010,26623.048712292701
KOR,2011,27393.455357272
KOR,2012,27944.056419004501
KOR,2013,28732.711152033
KOR,2014,29470.673299165501
KOR,2015,30171.790654522199
KOR,2016,31005.407287638802
KOR,2017,31979.9027302467
KOR,2018,32852.888748894198
KOR,2019,33496.311381564301
KOR,2020,33215.929892810796
KWT,1990,20140.783469775401
KWT,1991,14812.9200924661
KWT,1992,22382.8420685118
KWT,1993,29323.853261827498
KWT,1994,31946.490257927799
KWT,1995,33156.847349149502
KWT,1996,32417.9627954317
KWT,1997,32152.436742614402
KWT,1998,32306.668723862
KWT,1999,30798.0947114833
KWT,2000,31341.978081941899
KWT,2001,30573.4284224199
KWT,2002,30702.2162068121
KWT,2003,35169.633573786297
KWT,2004,37918.540582923801
KWT,2005,40451.255165697403
KWT,2006,41137.969927671998
KWT,2007,41113.869394273497
KWT,2008,39852.512911569902
KWT,2009,35124.0853941026
KWT,2010,32568.498175450099
KWT,2011,33545.346271839
KWT,2012,33578.330965196401
KWT,2013,32311.180000853601
KWT,2014,31073.1537300624
KWT,2015,29882.212649569799
KWT,2016,29454.442638882902
KWT,2017,27048.3706935958
KWT,2018,26706.0191660864
KWT,2019,26580.2264741607
KWT,2020,25541.537898790801
LAO,1990,634.52529700938499
LAO,1991,643.41025907774599
LAO,1992,660.63386195406395
LAO,1993,680.96415370863804
LAO,1994,717.50924510871698
LAO,1995,749.23474172853798
LAO,1996,782.68315653554498
LAO,1997,819.20585131364305
LAO,1998,836.088098507116
LAO,1999,881.63412960967503
LAO,2000,917.22803861752902
LAO,2001,954.123505414634
LAO,2002,994.49224196379498
LAO,2003,1038.7119276778301
LAO,2004,1088.76034728831
LAO,2005,1148.6815385207101
LAO,2006,1228.08927619923
LAO,2007,1301.08597549864
LAO,2008,1381.7375422395301
LAO,2009,1463.3379666845999
LAO,2010,1564.91068311647
LAO,2011,1666.40086189871
LAO,2012,1774.6358520367201
LAO,2013,1890.2786129487499
LAO,2014,2006.3119544444701
LAO,2015,2121.0133909736301
LAO,2016,2234.76098741846
LAO,2017,2351.5744174759502
LAO,2018,2459.97874636195
LAO,2019,2554.9563801924501
LAO,2020,2529.74622698761
LBN,1990,2752.7244225325699
LBN,1991,4031.1947454392398
LBN,1992,4595.5808332576999
LBN,1993,4992.6987823244899
LBN,1994,5301.4158467224797
LBN,1995,5542.2265103528998
LBN,1996,6054.5291192148197
LBN,1997,6008.75855385657
LBN,1998,6120.4567271702399
LBN,1999,5982.4178835430803
LBN,2000,5958.9783675030103
LBN,2001,6085.7604142014598
LBN,2002,6207.2413389374597
LBN,2003,6319.7651829864699
LBN,2004,6633.75258002393
LBN,2005,6707.1802463531603
LBN,2006,6696.3742820059597
LBN,2007,7179.3452009230596
LBN,2008,7701.29823027979
LBN,2009,8375.4885125282108
LBN,2010,8955.5433618470706
LBN,2011,8936.2002746273702
LBN,2012,8920.8056984673003
LBN,2013,8443.5385652878394
LBN,2014,7830.4151113336002
LBN,2015,7714.1099998804002
LBN,2016,8019.1416913426001
LBN,2017,8305.5740542572094
LBN,2018,8388.7235123834998
LBN,2019,8064.0487341623602
LBN,2020,6440.8284309292203
LBR,1990,754.13400946238403
LBR,1991,735.18065865815697
LBR,1992,450.538677691808
LBR,1993,290.38892023365901
LBR,1994,227.74277602178799
LBR,1995,216.09355461451301
LBR,1996,235.43505824851201
LBR,1997,449.286058616964
LBR,1998,528.67034182670602
LBR,1999,609.04090325870504
LBR,2000,754.85091736095103
LBR,2001,754.42235576201699
LBR,2002,762.71639392706402
LBR,2003,528.56739554342096
LBR,2004,535.99588206621797
LBR,2005,539.66537884193599
LBR,2006,551.37744661185195
LBR,2007,574.60939434854299
LBR,2008,591.18537814190699
LBR,2009,603.25621107760503
LBR,2010,621.78329507157503
LBR,2011,646.90872701659703
LBR,2012,674.36001142223199
LBR,2013,717.00728035897498
LBR,2014,707.15769493014204
LBR,2015,692.59008235125702
LBR,2016,668.03151317560105
LBR,2017,671.26089983535496
LBR,2018,665.87543963713699
LBR,2019,636.69938482486896
LBR,2020,605.025475431411
LBY,1990,11085.9439949716
LBY,1991,12541.692615248199
LBY,1992,11949.227502686501
LBY,1993,11274.345223087201
LBY,1994,11280.382930347499
LBY,1995,10839.2802241884
LBY,1996,10891.805568780301
LBY,1997,11284.7780739062
LBY,1998,10722.8700734717
LBY,1999,10643.145279602601
LBY,2000,10853.805951652599
LBY,2001,10467.877614601201
LBY,2002,10170.3095776338
LBY,2003,11267.062762354801
LBY,2004,11529.108664622099
LBY,2005,12628.896152656
LBY,2006,13176.7758911904
LBY,2007,13712.960258397199
LBY,2008,13403.000464591099
LBY,2009,12549.0854345521
LBY,2010,12913.933493938601
LBY,2011,6569.5947757895701
LBY,2012,12599.258882136
LBY,2013,10126.314927805999
LBY,2014,7644.2484394740404
LBY,2015,7458.4891775637398
LBY,2016,7236.1640992350203
LBY,2017,9435.6006004004594
LBY,2018,10020.9165751361
LBY,2019,8768.4104874585992
LBY,2020,6102.7986403251198
LCA,1990,8418.4312197058607
LCA,1991,8349.3374806015909
LCA,1992,8879.9007576407894
LCA,1993,8800.6269181900207
LCA,1994,8808.6829440575893
LCA,1995,8822.50069854295
LCA,1996,8945.8635307967306
LCA,1997,8759.5675530806493
LCA,1998,9183.3516374621995
LCA,1999,9306.7603248983305
LCA,2000,9198.9389435220291
LCA,2001,8795.54582090658
LCA,2002,8755.4593935312896
LCA,2003,9054.0677837451694
LCA,2004,9637.3780139027604
LCA,2005,9527.5846943054203
LCA,2006,10045.6504032593
LCA,2007,10147.4432459936
LCA,2008,10583.4310172598
LCA,2009,10219.802401156099
LCA,2010,10191.3146827694
LCA,2011,10576.897974359599
LCA,2012,10517.2777635533
LCA,2013,10279.4155096001
LCA,2014,10369.9382566513
LCA,2015,10334.986082391801
LCA,2016,10644.161291340701
LCA,2017,10960.4843512477
LCA,2018,11233.888357845701
LCA,2019,11077.9479823807
LCA,2020,8512.8183987353004
LIE,1990,
LIE,1991,
LIE,1992,
LIE,1993,
LIE,1994,
LIE,1995,
LIE,1996,
LIE,1997,
LIE,1998,
LIE,1999,
LIE,2000,
LIE,2001,
LIE,2002,
LIE,2003,
LIE,2004,
LIE,2005,
LIE,2006,
LIE,2007,
LIE,2008,
LIE,2009,
LIE,2010,
LIE,2011,
LIE,2012,
LIE,2013,
LIE,2014,
LIE,2015,167187.15730982
LIE,2016,
LIE,2017,
LIE,2018,
LIE,2019,
LIE,2020,
LKA,1990,1388.58951567963
LKA,1991,1441.6299654440099
LKA,1992,1481.3310985502301
LKA,1993,1556.88467169768
LKA,1994,1620.2912074759599
LKA,1995,1681.3505289887901
LKA,1996,1712.0081548794001
LKA,1997,1787.41017656806
LKA,1998,1836.3894592448
LKA,1999,1880.1067768197399
LKA,2000,1956.9331002117699
LKA,2001,1896.48251385291
LKA,2002,1951.2252241819899
LKA,2003,2052.03044701403
LKA,2004,2149.1062819276499
LKA,2005,2268.6880085282
LKA,2006,2426.3487282682199
LKA,2007,2573.5436171941101
LKA,2008,2708.5859372437699
LKA,2009,2787.27350463737
LKA,2010,2993.0141096030202
LKA,2011,3232.3734978643502
LKA,2012,3484.7904839265302
LKA,2013,3728.9358596208299
LKA,2014,3929.9206130790899
LKA,2015,4057.7158271652102
LKA,2016,4214.7411721738199
LKA,2017,4436.0078913102898
LKA,2018,4493.0357461753401
LKA,2019,4455.7818878814296
LKA,2020,4227.2331453016704
LSO,1990,533.82496419399899
LSO,1991,560.88490571859597
LSO,1992,590.008212092485
LSO,1993,601.55791413153997
LSO,1994,628.96005122720101
LSO,1995,641.75871194496904
LSO,1996,670.46958177415502
LSO,1997,689.80621845500502
LSO,1998,696.93597393775303
LSO,1999,698.44108718206598
LSO,2000,725.26366870777304
LSO,2001,752.24321249397099
LSO,2002,760.03344318030599
LSO,2003,798.54050055445396
LSO,2004,817.79359789718603
LSO,2005,853.96050062979702
LSO,2006,893.75068662715603
LSO,2007,927.26863327342005
LSO,2008,971.88136682135098
LSO,2009,952.74792974652905
LSO,2010,995.23343245168098
LSO,2011,1031.9972156434301
LSO,2012,1086.3903481628299
LSO,2013,1093.95323489272
LSO,2014,1100.0499368421499
LSO,2015,1121.19851342518
LSO,2016,1147.58748801671
LSO,2017,1097.8216681275201
LSO,2018,1068.4446291337299
LSO,2019,1040.99351014117
LSO,2020,944.83412837542903
LTU,1990,8333.3506047678093
LTU,1991,7847.0171408587403
LTU,1992,6185.5351662345502
LTU,1993,5206.4426064702202
LTU,1994,4730.6962078224497
LTU,1995,4924.0966753070697
LTU,1996,5211.10025197912
LTU,1997,5685.4490149102403
LTU,1998,6154.1724564063597
LTU,1999,6129.99843995634
LTU,2000,6384.3086542637402
LTU,2001,6854.5251282667105
LTU,2002,7374.0979710115998
LTU,2003,8218.6933628984807
LTU,2004,8851.9259892234695
LTU,2005,9692.8685376326703
LTU,2006,10577.2145522871
LTU,2007,11889.354523465699
LTU,2008,12324.519733138701
LTU,2009,10612.9204044582
LTU,2010,10884.116185258201
LTU,2011,11836.7200384033
LTU,2012,12516.6184065667
LTU,2013,13145.8069309969
LTU,2014,13753.1895982305
LTU,2015,14269.8039878287
LTU,2016,14823.107153522
LTU,2017,15695.999328845601
LTU,2018,16604.902144080901
LTU,2019,17431.7239081591
LTU,2020,17443.655263280001
LUX,1990,66030.647830693706
LUX,1991,70783.804043653101
LUX,1992,71120.791100675895
LUX,1993,73120.150430924507
LUX,1994,74887.194111236706
LUX,1995,74900.149724657502
LUX,1996,74920.562362181197
LUX,1997,77997.201634551195
LUX,1998,82174.360608235496
LUX,1999,87700.512552900502
LUX,2000,92533.139375647894
LUX,2001,94249.162585347804
LUX,2002,96275.032131487096
LUX,2003,97603.402813727502
LUX,2004,100296.956996628
LUX,2005,101226.109631791
LUX,2006,105618.33285332299
LUX,2007,112422.146493735
LUX,2008,110096.656683086
LUX,2009,104576.122195434
LUX,2010,106545.854916218
LUX,2011,105292.012346074
LUX,2012,104489.298083328
LUX,2013,105340.41498623
LUX,2014,105585.401767492
LUX,2015,105462.01258442301
LUX,2016,108351.452194449
LUX,2017,107142.05542835
LUX,2018,106788.661202756
LUX,2019,107591.899505248
LUX,2020,105274.182260744
LVA,1990,7622.6985989491504
LVA,1991,6694.1992078824096
LVA,1992,4607.1139895912902
LVA,1993,4464.7213752812404
LVA,1994,4639.5057561183703
LVA,1995,4661.66840092451
LVA,1996,4822.9041486112501
LVA,1997,5317.9799760497899
LVA,1998,5719.9891828148102
LVA,1999,5929.2676723782497
LVA,2000,6336.3829670798696
LVA,2001,6833.4354323157004
LVA,2002,7443.2294465905898
LVA,2003,8149.0018360008398
LVA,2004,8957.2339355508193
LVA,2005,10106.262615773199
LVA,2006,11507.4648265658
LVA,2007,12810.040950254201
LVA,2008,12506.6945041012
LVA,2009,10675.425174227999
LVA,2010,10500.866622301401
LVA,2011,11018.515242158301
LVA,2012,11971.0107466522
LVA,2013,12353.5386135301
LVA,2014,12731.6771959342
LVA,2015,13321.975314061599
LVA,2016,13787.336744002299
LVA,2017,14382.8612727134
LVA,2018,15120.0698171804
LVA,2019,15328.385993329501
LVA,2020,14900.729571886601
MAC,1990,31378.8304183133
MAC,1991,30982.378828905399
MAC,1992,33280.853140523199
MAC,1993,33812.632606463798
MAC,1994,34113.753164647598
MAC,1995,34162.012586268698
MAC,1996,33543.253628176702
MAC,1997,33273.326357051701
MAC,1998,31376.4225649646
MAC,1999,30270.808569614099
MAC,2000,31772.6302531656
MAC,2001,32441.676018358099
MAC,2002,34967.8914561813
MAC,2003,38581.697618932201
MAC,2004,47665.933038664298
MAC,2005,49470.940295747998
MAC,2006,53240.204575027601
MAC,2007,58376.1176047275
MAC,2008,58146.328584671399
MAC,2009,59528.835015949102
MAC,2010,74195.057776234404
MAC,2011,88168.971369908802
MAC,2012,93192.885853940999
MAC,2013,99054.498028971604
MAC,2014,92383.843491527601
MAC,2015,69902.960574123295
MAC,2016,68391.341549192104
MAC,2017,75650.126184045206
MAC,2018,79178.650629055905
MAC,2019,75724.607828026099
MAC,2020,33853.776155010899
MAF,1990,
MAF,1991,
MAF,1992,
MAF,1993,
MAF,1994,
MAF,1995,
MAF,1996,
MAF,1997,
MAF,1998,
MAF,1999,
MAF,2000,
MAF,2001,
MAF,2002,
MAF,2003,
MAF,2004,
MAF,2005,
MAF,2006,
MAF,2007,
MAF,2008,
MAF,2009,
MAF,2010,
MAF,2011,
MAF,2012,
MAF,2013,
MAF,2014,
MAF,2015,
MAF,2016,
MAF,2017,
MAF,2018,
MAF,2019,
MAF,2020,
MAR,1990,1695.63647460938
MAR,1991,1786.76281738281
MAR,1992,1720.42248535156
MAR,1993,1680.71044921875
MAR,1994,1830.88061523438
MAR,1995,1705.4482421875
MAR,1996,1886.67224121094
MAR,1997,1828.96862792969
MAR,1998,1931.74047851563
MAR,1999,1935.47875976563
MAR,2000,1957.14135742188
MAR,2001,2078.96606445313
MAR,2002,2127.50708007813
MAR,2003,2229.576171875
MAR,2004,2301.08178710938
MAR,2005,2342.15478515625
MAR,2006,2489.99291992188
MAR,2007,2540.615234375
MAR,2008,2648.58569335938
MAR,2009,2710.66650390625
MAR,2010,2767.04223632813
MAR,2011,2879.53930664063
MAR,2012,2927.45043945313
MAR,2013,3008.185546875
MAR,2014,3051.458984375
MAR,2015,3146.24780273438
MAR,2016,3124.42504882813
MAR,2017,3242.64428710938
MAR,2018,3304.7119140625
MAR,2019,3364.73950195313
MAR,2020,3090.89428710938
MCO,1990,105878.32303217999
MCO,1991,106020.668083439
MCO,1992,106557.974098359
MCO,1993,104739.74521362
MCO,1994,106244.84870640301
MCO,1995,107691.036957759
MCO,1996,108107.40220747799
MCO,1997,109746.977932279
MCO,1998,112873.55146937601
MCO,1999,116084.526849631
MCO,2000,120456.44975519901
MCO,2001,123122.06508030101
MCO,2002,124481.82174779499
MCO,2003,126022.17989476401
MCO,2004,129403.344170518
MCO,2005,132253.15627913899
MCO,2006,140615.11273668299
MCO,2007,162028.404533603
MCO,2008,163243.675530457
MCO,2009,142375.46512883401
MCO,2010,141814.720026733
MCO,2011,148272.64234346501
MCO,2012,146472.60905768201
MCO,2013,157167.90120114901
MCO,2014,165288.12270432201
MCO,2015,170437.021128628
MCO,2016,173120.108465128
MCO,2017,165781.70124864401
MCO,2018,173041.67977474301
MCO,2019,185582.66851647999
MCO,2020,161262.85013416701
MDA,1990,3740.1014981488702
MDA,1991,3137.8350172715
MDA,1992,2225.1735623495902
MDA,1993,2202.1644530321901
MDA,1994,1526.4252449652599
MDA,1995,1511.95831765054
MDA,1996,1425.9518091471
MDA,1997,1454.80861555923
MDA,1998,1360.18161095544
MDA,1999,1316.43254916007
MDA,2000,1346.9156717656101
MDA,2001,1432.2768928234
MDA,2002,1547.5742123161201
MDA,2003,1654.3662930319499
MDA,2004,1781.19145323724
MDA,2005,1919.44550763748
MDA,2006,2017.17730062908
MDA,2007,2082.51260097669
MDA,2008,2249.2258971937199
MDA,2009,2116.9435754409701
MDA,2010,2269.51116145996
MDA,2011,2402.9444630605099
MDA,2012,2389.0866614752899
MDA,2013,2605.8502998614199
MDA,2014,2737.80185056647
MDA,2015,2749.55137054338
MDA,2016,2910.9548687237598
MDA,2017,3085.3330584426299
MDA,2018,3267.9961042872001
MDA,2019,3438.6773267071198
MDA,2020,3188.9169160269898
MDG,1990,538.53627505656902
MDG,1991,489.71609812001299
MDG,1992,480.810932444988
MDG,1993,476.159733326381
MDG,1994,461.39766570946398
MDG,1995,454.53794663278097
MDG,1996,449.62808708059998
MDG,1997,451.30319937083101
MDG,1998,453.88617476887202
MDG,1999,460.03438999657101
MDG,2000,465.529509827021
MDG,2001,478.40561494987003
MDG,2002,406.70122213637001
MDG,2003,433.60104030121403
MDG,2004,443.27865498596702
MDG,2005,450.955230911228
MDG,2006,461.54033789772899
MDG,2007,473.785462328449
MDG,2008,490.96393538951799
MDG,2009,457.78975486606799
MDG,2010,447.41714303068699
MDG,2011,441.75515841412101
MDG,2012,442.64150012354298
MDG,2013,440.67465890362803
MDG,2014,443.34386990820502
MDG,2015,445.32006948056801
MDG,2016,451.15659433145998
MDG,2017,456.85185957403098
MDG,2018,459.33036779954301
MDG,2019,467.27741349647999
MDG,2020,422.92425542231899
MDV,1990,4582.2612794409897
MDV,1991,4507.1949295507702
MDV,1992,4671.9963931380098
MDV,1993,4803.9099046069996
MDV,1994,5053.6463359910704
MDV,1995,5580.2634204942697
MDV,1996,5888.0724187066198
MDV,1997,6254.7585699265701
MDV,1998,6599.87173747822
MDV,1999,6889.01246088686
MDV,2000,7037.0854610461301
MDV,2001,6647.6503820038997
MDV,2002,7012.2556887317296
MDV,2003,7845.2930740931497
MDV,2004,8174.4160730124804
MDV,2005,7141.8837704989101
MDV,2006,8620.7281467818302
MDV,2007,8933.1716636385809
MDV,2008,9396.4973361048596
MDV,2009,8313.4098369722997
MDV,2010,8569.52494600725
MDV,2011,9005.8139137510407
MDV,2012,8907.6613486818205
MDV,2013,9213.3279144247499
MDV,2014,9612.0786180673895
MDV,2015,9644.9065502814501
MDV,2016,9909.0766972341498
MDV,2017,10263.2991147672
MDV,2018,10793.8941325367
MDV,2019,11194.9253748064
MDV,2020,7295.6022095645403
MEX,1990,8036.8611440588602
MEX,1991,8197.0117948811094
MEX,1992,8330.2642679559303
MEX,1993,8411.7962133133497
MEX,1994,8623.4804300083106
MEX,1995,7970.6403848958498
MEX,1996,8320.6529568794704
MEX,1997,8770.8448154628004
MEX,1998,9161.8952777579798
MEX,1999,9264.9772925230009
MEX,2000,9581.9697020282292
MEX,2001,9398.3507434794592
MEX,2002,9242.2788612236709
MEX,2003,9221.9966668546404
MEX,2004,9421.2897613269506
MEX,2005,9491.5173026800403
MEX,2006,9813.8280418665909
MEX,2007,9877.6953263656196
MEX,2008,9826.3421844848599
MEX,2009,9074.1188144812895
MEX,2010,9389.0672207650405
MEX,2011,9575.9343773461806
MEX,2012,9782.5177625183896
MEX,2013,9738.7105966110103
MEX,2014,9862.4812534744997
MEX,2015,10021.238611361599
MEX,2016,10100.502119581901
MEX,2017,10193.7727188313
MEX,2018,10296.8690940459
MEX,2019,10159.4448367696
MEX,2020,9234.6436222659395
MHL,1990,3148.0997781711399
MHL,1991,3085.9353054775302
MHL,1992,3247.8528929895701
MHL,1993,3391.3851315482102
MHL,1994,3544.1356472166299
MHL,1995,3791.2049890191902
MHL,1996,3365.1112250128099
MHL,1997,3117.27400069023
MHL,1998,3067.7373936480499
MHL,1999,2997.5498984104202
MHL,2000,3040.5967735573699
MHL,2001,3224.7911898754001
MHL,2002,3322.41127856101
MHL,2003,3256.9724433083502
MHL,2004,3234.1526520051798
MHL,2005,3284.7840326744499
MHL,2006,3285.1207878135101
MHL,2007,3403.4784279811702
MHL,2008,3146.26177205458
MHL,2009,3262.2695553547701
MHL,2010,3441.3188840212101
MHL,2011,3433.0629780183799
MHL,2012,3420.9144479667102
MHL,2013,3602.9281190189599
MHL,2014,3620.77275283155
MHL,2015,3764.3442622950802
MHL,2016,3946.8444109078
MHL,2017,4190.9346858948202
MHL,2018,4542.3429391630798
MHL,2019,5162.8150067034803
MHL,2020,5172.5752821617598
MKD,1990,3534.3226509554602
MKD,1991,3328.63950847977
MKD,1992,3146.0223545916601
MKD,1993,2948.2715175227499
MKD,1994,2917.05894611342
MKD,1995,2876.0722287816998
MKD,1996,2889.88516353778
MKD,1997,2954.5238308875
MKD,1998,3038.1398338256899
MKD,1999,3154.8491824000598
MKD,2000,3283.3793409535101
MKD,2001,3169.3251436893102
MKD,2002,3240.1106452608901
MKD,2003,3307.92040834712
MKD,2004,3473.76544811451
MKD,2005,3657.5630769921599
MKD,2006,3866.7465062297701
MKD,2007,4140.6335480936395
MKD,2008,4392.5507164151004
MKD,2009,4405.2004575086703
MKD,2010,4582.3651751234702
MKD,2011,4711.1302787008099
MKD,2012,4708.0516853592299
MKD,2013,4863.6808866696801
MKD,2014,5053.7500123636701
MKD,2015,5262.6867192867403
MKD,2016,5429.9467835835903
MKD,2017,5510.8186292092196
MKD,2018,5698.3933448448897
MKD,2019,5961.5847539919096
MKD,2020,5743.7264942458096
MLI,1990,589.77540588366799
MLI,1991,651.36308154723497
MLI,1992,606.06836331951399
MLI,1993,619.37442934331796
MLI,1994,640.08100892142704
MLI,1995,630.92444749087599
MLI,1996,656.77767599907395
MLI,1997,668.48032666526899
MLI,1998,695.12637203056499
MLI,1999,707.881746305403
MLI,2000,682.49742045151197
MLI,2001,766.960343250964
MLI,2002,766.07366903940203
MLI,2003,814.80846651878403
MLI,2004,800.50181670524205
MLI,2005,794.37332821208201
MLI,2006,797.10053288463996
MLI,2007,784.893915013531
MLI,2008,787.15651898209103
MLI,2009,803.48673893006799
MLI,2010,821.18128658690398
MLI,2011,818.39903099712501
MLI,2012,786.32347133718702
MLI,2013,788.81944820869603
MLI,2014,813.97566128645997
MLI,2015,838.11986940102997
MLI,2016,860.75307554568997
MLI,2017,878.56134837809896
MLI,2018,892.97832278730596
MLI,2019,909.75106970699801
MLI,2020,872.38942681526703
MLT,1990,10067.747312527599
MLT,1991,10413.1745543774
MLT,1992,10789.7618108966
MLT,1993,11161.1923768418
MLT,1994,11682.151622244601
MLT,1995,12336.7855166478
MLT,1996,12719.0092297471
MLT,1997,13286.7107759756
MLT,1998,13877.247753563301
MLT,1999,14446.3492424862
MLT,2000,17178.369362117399
MLT,2001,16920.722974351302
MLT,2002,17255.4217709726
MLT,2003,17775.418093655098
MLT,2004,17728.357605098201
MLT,2005,18123.260187334599
MLT,2006,18479.2043785147
MLT,2007,19342.316278394101
MLT,2008,20064.4517895547
MLT,2009,19635.906718672501
MLT,2010,20750.6382477568
MLT,2011,20867.9213022084
MLT,2012,21529.388264377802
MLT,2013,22626.4876843887
MLT,2014,23866.055583355701
MLT,2015,25529.6693210673
MLT,2016,25969.499980934499
MLT,2017,28546.6464943104
MLT,2018,29536.7913868949
MLT,2019,29522.648016502801
MLT,2020,27861.807321479999
MMR,1990,170.23343672644901
MMR,1991,166.710439947526
MMR,1992,180.333227417253
MMR,1993,188.68052534466801
MMR,1994,200.12478854139701
MMR,1995,211.26563594450701
MMR,1996,222.01335977589801
MMR,1997,231.58795411603899
MMR,1998,242.132148131424
MMR,1999,265.455335144782
MMR,2000,298.590464506047
MMR,2001,328.973872708996
MMR,2002,364.85580019247698
MMR,2003,411.49876412191901
MMR,2004,463.33013571533201
MMR,2005,522.09954478466102
MMR,2006,586.08557992741805
MMR,2007,651.729730890268
MMR,2008,714.62041901733801
MMR,2009,785.63485315789399
MMR,2010,854.93247801603502
MMR,2011,895.51253875036105
MMR,2012,953.12308192342505
MMR,2013,1024.6906047325399
MMR,2014,1099.24387750099
MMR,2015,1166.73305546337
MMR,2016,1225.3791397098901
MMR,2017,1290.5640902569
MMR,2018,1361.5683126412
MMR,2019,1440.98988236734
MMR,2020,1301.31386350667
MNE,1990,
MNE,1991,
MNE,1992,
MNE,1993,
MNE,1994,
MNE,1995,
MNE,1996,
MNE,1997,4448.0424963957003
MNE,1998,4680.2636202602698
MNE,1999,4251.9414536023396
MNE,2000,4391.3675358180099
MNE,2001,4421.8379007520598
MNE,2002,4488.0050678703201
MNE,2003,4581.1048501097303
MNE,2004,4775.3966159940101
MNE,2005,4967.6828509611796
MNE,2006,5386.5358072798199
MNE,2007,5763.0376524415797
MNE,2008,6149.6826922891296
MNE,2009,5768.6543850562803
MNE,2010,5917.9151072997702
MNE,2011,6110.6572688021497
MNE,2012,5948.3763253901398
MNE,2013,6138.2486527519904
MNE,2014,6272.0882176135501
MNE,2015,6421.0000573141897
MNE,2016,6634.38197201003
MNE,2017,6840.9083410122403
MNE,2018,7159.4677843325198
MNE,2019,7470.2923756856799
MNE,2020,6351.95187949313
MNG,1990,1823.4562378146099
MNG,1991,1613.6998542331801
MNG,1992,1462.6746723198
MNG,1993,1418.0656069858001
MNG,1994,1432.2807270630501
MNG,1995,1499.2649521076301
MNG,1996,1509.32921132514
MNG,1997,1546.0809848992401
MNG,1998,1575.6771616583601
MNG,1999,1601.31353865438
MNG,2000,1598.3128204060499
MNG,2001,1625.4615225948401
MNG,2002,1680.6533533755501
MNG,2003,1775.64906676137
MNG,2004,1942.36263694017
MNG,2005,2060.26168223171
MNG,2006,2209.7432178762801
MNG,2007,2403.72416258662
MNG,2008,2576.7129583860701
MNG,2009,2498.7296749325401
MNG,2010,2611.6732656392401
MNG,2011,3010.81642672623
MNG,2012,3318.1649659708901
MNG,2013,3628.9070806957502
MNG,2014,3830.3589204959299
MNG,2015,3838.9212698998399
MNG,2016,3817.9196271670198
MNG,2017,3956.2049437134001
MNG,2018,4183.8556644766104
MNG,2019,4337.8167085431996
MNG,2020,4066.0341088279101
MNP,1990,
MNP,1991,
MNP,1992,
MNP,1993,
MNP,1994,
MNP,1995,
MNP,1996,
MNP,1997,
MNP,1998,
MNP,1999,
MNP,2000,
MNP,2001,
MNP,2002,24066.536157344501
MNP,2003,24650.040553190898
MNP,2004,24445.461844191901
MNP,2005,21882.292793541499
MNP,2006,20940.161977042801
MNP,2007,20117.7037335229
MNP,2008,18451.390545878701
MNP,2009,15710.5807282039
MNP,2010,16293.305949625899
MNP,2011,15226.1308805108
MNP,2012,15457.4258192247
MNP,2013,16015.0349164338
MNP,2014,16869.5270385638
MNP,2015,17665.100749310899
MNP,2016,23158.574498853799
MNP,2017,28989.347022133901
MNP,2018,23756.607582024801
MNP,2019,21451.440163651099
MNP,2020,15410.118692394401
MOZ,1990,221.048981086396
MOZ,1991,227.46273623650001
MOZ,1992,206.19460758858301
MOZ,1993,221.624579964898
MOZ,1994,220.47858329133101
MOZ,1995,212.086249862904
MOZ,1996,227.198486695187
MOZ,1997,247.18494562919599
MOZ,1998,266.672705397492
MOZ,1999,291.56001866560598
MOZ,2000,287.39063034448401
MOZ,2001,317.18570358103398
MOZ,2002,340.13537022258998
MOZ,2003,356.52115740412501
MOZ,2004,377.06495808487801
MOZ,2005,391.69975816397601
MOZ,2006,420.52646276472598
MOZ,2007,442.04957405775099
MOZ,2008,460.94729485678999
MOZ,2009,475.78817805119297
MOZ,2010,494.16285907478499
MOZ,2011,514.86995719199399
MOZ,2012,540.2945177803
MOZ,2013,559.39395368568796
MOZ,2014,585.266716133984
MOZ,2015,610.56377470658902
MOZ,2016,620.77971495455495
MOZ,2017,618.39769436033396
MOZ,2018,621.15373419478703
MOZ,2019,617.13932000194995
MOZ,2020,591.80405998593199
MRT,1990,1441.35013214637
MRT,1991,1424.8845274987
MRT,1992,1397.0901692714301
MRT,1993,1420.51487247759
MRT,1994,1331.0472187635301
MRT,1995,1422.1984656623999
MRT,1996,1475.48821595821
MRT,1997,1384.6207217296501
MRT,1998,1386.65535143801
MRT,1999,1399.6677525752
MRT,2000,1307.9107867611201
MRT,2001,1265.81694335882
MRT,2002,1255.23785465583
MRT,2003,1311.8392829069901
MRT,2004,1342.0192608699799
MRT,2005,1422.0835539581201
MRT,2006,1641.1405221099501
MRT,2007,1567.52103874761
MRT,2008,1518.05671993749
MRT,2009,1472.73229282851
MRT,2010,1463.8476324253099
MRT,2011,1476.23923867862
MRT,2012,1492.6996669258299
MRT,2013,1506.6641903300599
MRT,2014,1524.4534096950199
MRT,2015,1558.84205473416
MRT,2016,1531.8772566169901
MRT,2017,1580.0145310012299
MRT,2018,1606.91539159026
MRT,2019,1609.15396170643
MRT,2020,1557.1951187515299
MUS,1990,3846.4059300953099
MUS,1991,3973.8822230218102
MUS,1992,4177.3626533548804
MUS,1993,4337.9249339956596
MUS,1994,4454.5426070273998
MUS,1995,4605.7643665508103
MUS,1996,4813.6424375883798
MUS,1997,5024.1149645834903
MUS,1998,5273.4376456861
MUS,1999,5342.7700968418003
MUS,2000,5724.4958439579104
MUS,2001,5869.5696156539598
MUS,2002,5923.0948206660696
MUS,2003,6228.8254556065103
MUS,2004,6457.9097776109402
MUS,2005,6533.8999430068297
MUS,2006,6819.9270858032496
MUS,2007,7180.2317319748599
MUS,2008,7545.1568378909396
MUS,2009,7778.25811331163
MUS,2010,8100.9528259950703
MUS,2011,8423.28220250903
MUS,2012,8694.8456074796795
MUS,2013,8968.5124353677293
MUS,2014,9297.6482012896795
MUS,2015,9630.5437837506997
MUS,2016,9997.8919831553194
MUS,2017,10383.8832682578
MUS,2018,10805.4615213739
MUS,2019,11111.3423669526
MUS,2020,9533.5982796048993
MWI,1990,353.771303717595
MWI,1991,372.997561772469
MWI,1992,335.72654353964299
MWI,1993,362.93099539901698
MWI,1994,329.584099900642
MWI,1995,385.27971407236299
MWI,1996,405.39706369047798
MWI,1997,412.41310683749998
MWI,1998,419.31324517057698
MWI,1999,422.099909963762
MWI,2000,418.59298503846202
MWI,2001,388.26003976356901
MWI,2002,385.308980237095
MWI,2003,397.22484675881498
MWI,2004,408.064916052765
MWI,2005,410.26797959253599
MWI,2006,417.87768977650302
MWI,2007,445.25430541958599
MWI,2008,465.55147298007
MWI,2009,489.63141879015802
MWI,2010,508.08865055284599
MWI,2011,517.83373662423196
MWI,2012,512.74031797451005
MWI,2013,525.357645516557
MWI,2014,539.562601918057
MWI,2015,539.60536324068596
MWI,2016,538.22199081095903
MWI,2017,544.79572922034902
MWI,2018,553.52879090208796
MWI,2019,569.86624937194802
MWI,2020,559.44708608606697
MYS,1990,4184.7607292897601
MYS,1991,4456.93133148159
MYS,1992,4726.1378917298698
MYS,1993,5062.5911043705
MYS,1994,5390.1016760696602
MYS,1995,5771.35211956083
MYS,1996,6190.4642913488597
MYS,1997,6480.5564945585502
MYS,1998,5857.9670294085699
MYS,1999,6070.95621987091
MYS,2000,6455.61419792583
MYS,2001,6334.92795651698
MYS,2002,6516.9067156015499
MYS,2003,6732.9204945809897
MYS,2004,7025.3455800438096
MYS,2005,7234.0244268914103
MYS,2006,7469.8106921211001
MYS,2007,7769.5969335048803
MYS,2008,7976.1178537477299
MYS,2009,7700.4611129403302
MYS,2010,8118.9227051198104
MYS,2011,8400.3224868355792
MYS,2012,8710.5267135990198
MYS,2013,8964.8072489620299
MYS,2014,9341.7305597127797
MYS,2015,9648.6797937523006
MYS,2016,9901.4796017981207
MYS,2017,10293.762920536201
MYS,2018,10610.1950240479
MYS,2019,10902.983485585601
MYS,2020,10171.465784276201
NAM,1990,2857.3377749819601
NAM,1991,2989.4000163729602
NAM,1992,3104.2453607801099
NAM,1993,2959.27503800966
NAM,1994,2918.3774029616102
NAM,1995,2945.3622695620102
NAM,1996,2958.2406069738299
NAM,1997,3004.30804359997
NAM,1998,3025.3266801104901
NAM,1999,3050.4609887332299
NAM,2000,3083.5965788469698
NAM,2001,3055.4044483193602
NAM,2002,3145.9456628124699
NAM,2003,3232.3058965885698
NAM,2004,3582.89503259701
NAM,2005,3627.7505977227802
NAM,2006,3834.9989466617799
NAM,2007,3987.61796106565
NAM,2008,4036.3818748470699
NAM,2009,3989.20711387651
NAM,2010,4165.1299020098804
NAM,2011,4302.7245136846204
NAM,2012,4420.9674137386201
NAM,2013,4549.26759093897
NAM,2014,4701.9569418909796
NAM,2015,4774.1065086577501
NAM,2016,4648.6271346021304
NAM,2017,4476.7332440210503
NAM,2018,4400.4753770574298
NAM,2019,4243.0927448196599
NAM,2020,3787.4994397328601
NCL,1990,
NCL,1991,
NCL,1992,
NCL,1993,
NCL,1994,
NCL,1995,
NCL,1996,
NCL,1997,
NCL,1998,
NCL,1999,
NCL,2000,
NCL,2001,
NCL,2002,
NCL,2003,
NCL,2004,
NCL,2005,
NCL,2006,
NCL,2007,
NCL,2008,
NCL,2009,
NCL,2010,
NCL,2011,
NCL,2012,
NCL,2013,
NCL,2014,
NCL,2015,30858.723706053301
NCL,2016,
NCL,2017,
NCL,2018,
NCL,2019,
NCL,2020,
NER,1990,465.92388953650499
NER,1991,449.71926685473102
NER,1992,444.63277531245501
NER,1993,432.184449587188
NER,1994,426.26750676366402
NER,1995,422.52315389852299
NER,1996,409.03935869840399
NER,1997,401.72498811036297
NER,1998,427.08603033189598
NER,1999,411.73569920948501
NER,2000,392.89861694104201
NER,2001,406.923493665264
NER,2002,412.12379319257798
NER,2003,406.33375749787598
NER,2004,393.39878145319898
NER,2005,407.19093105992403
NER,2006,415.852022114801
NER,2007,413.41912626106603
NER,2008,429.195542798877
NER,2009,421.65090133313601
NER,2010,441.07916611203899
NER,2011,434.98626487395302
NER,2012,463.06626549640202
NER,2013,469.69021420087802
NER,2014,482.74524741945999
NER,2015,485.66257417527902
NER,2016,488.18482380158099
NER,2017,497.17260832960801
NER,2018,513.42369976528903
NER,2019,526.60361746086005
NER,2020,532.20822119699699
NGA,1990,1577.1961662777101
NGA,1991,1541.59066261007
NGA,1992,1571.1902261785001
NGA,1993,1498.9589503780001
NGA,1994,1433.38861092416
NGA,1995,1395.07488456803
NGA,1996,1416.1018947124801
NGA,1997,1420.23877961219
NGA,1998,1419.31770917937
NGA,1999,1390.4692113901001
NGA,2000,1421.6798795201601
NGA,2001,1465.4572034236901
NGA,2002,1644.39518877708
NGA,2003,1717.21451111739
NGA,2004,1824.80269456838
NGA,2005,1889.25175325842
NGA,2006,1949.1585680458199
NGA,2007,2020.83316299437
NGA,2008,2098.2833922073
NGA,2009,2204.6072560382299
NGA,2010,2315.4667650964202
NGA,2011,2370.97657091881
NGA,2012,2403.6538789698702
NGA,2013,2495.3410657386198
NGA,2014,2583.6155695817101
NGA,2015,2585.7336067179699
NGA,2016,2481.8149035040301
NGA,2017,2441.7123640453701
NGA,2018,2431.7785783259701
NGA,2019,2431.5352847587401
NGA,2020,2228.6863142652901
NIC,1990,1260.8738279996901
NIC,1991,1229.8060454187801
NIC,1992,1206.96231902297
NIC,1993,1176.11536055025
NIC,1994,1189.8351611181799
NIC,1995,1234.7682825470599
NIC,1996,1288.94097201516
NIC,1997,1317.89046510399
NIC,1998,1346.0727613061499
NIC,1999,1420.3183010694199
NIC,2000,1458.37490084556
NIC,2001,1482.31517247279
NIC,2002,1475.48635411179
NIC,2003,1494.95618752566
NIC,2004,1555.8742569481601
NIC,2005,1601.4877070745799
NIC,2006,1644.37193565251
NIC,2007,1703.2078029940501
NIC,2008,1736.6574061040801
NIC,2009,1655.7202896241599
NIC,2010,1704.3787504905899
NIC,2011,1786.6286341830801
NIC,2012,1876.1759720149
NIC,2013,1941.45628552626
NIC,2014,2006.64869646533
NIC,2015,2074.4562063473099
NIC,2016,2140.1440594160599
NIC,2017,2209.6327342321301
NIC,2018,2107.3396261623002
NIC,2019,2019.9151862004401
NIC,2020,1950.19181218473
NLD,1990,31308.9023923163
NLD,1991,31820.820018814298
NLD,1992,32119.9405340091
NLD,1993,32297.965179715098
NLD,1994,33054.437856983801
NLD,1995,33916.488795406804
NLD,1996,34915.1788311903
NLD,1997,36211.654863357799
NLD,1998,37661.710251662596
NLD,1999,39298.716716292598
NLD,2000,40665.300021159397
NLD,2001,41297.284710123997
NLD,2002,41135.402035385603
NLD,2003,40981.839972091999
NLD,2004,41663.129034457197
NLD,2005,42411.348086281097
NLD,2006,43841.091581856701
NLD,2007,45445.542186195999
NLD,2008,46227.198754551398
NLD,2009,44304.404194867697
NLD,2010,44659.2793901474
NLD,2011,45239.719874558898
NLD,2012,44631.8855633239
NLD,2013,44487.037859339398
NLD,2014,45042.051590744399
NLD,2015,45793.813543469703
NLD,2016,46655.034026475398
NLD,2017,47670.0858101833
NLD,2018,48463.005560873098
NLD,2019,49254.024789064002
NLD,2020,47086.567475549702
NOR,1990,49851.032999415198
NOR,1991,51032.3512657967
NOR,1992,52547.091215706598
NOR,1993,53735.994503524598
NOR,1994,56123.458259709703
NOR,1995,58151.542279587302
NOR,1996,60732.755154233397
NOR,1997,63480.184175168499
NOR,1998,64823.478667212097
NOR,1999,65786.300120413507
NOR,2000,67611.341102185906
NOR,2001,68725.404316279804
NOR,2002,69352.043051000801
NOR,2003,69702.361157641004
NOR,2004,72292.120897883506
NOR,2005,73933.744623526407
NOR,2006,75428.8816534082
NOR,2007,77205.754598400803
NOR,2008,76876.870502800899
NOR,2009,74688.753144537099
NOR,2010,74505.431358633505
NOR,2011,74563.834908566903
NOR,2012,75669.061271971601
NOR,2013,75711.241039526198
NOR,2014,76430.737497468697
NOR,2015,77220.952431141399
NOR,2016,77532.275002266906
NOR,2017,78961.775790616797
NOR,2018,79313.288943404201
NOR,2019,79937.509788591196
NOR,2020,78387.043502310204
NPL,1990,422.72473857586903
NPL,1991,438.15619419593997
NPL,1992,443.46204482167701
NPL,1993,448.13094087379
NPL,1994,472.95108282434501
NPL,1995,477.74109961333602
NPL,1996,492.21242803194599
NPL,1997,506.42687442421698
NPL,1998,511.54871132024999
NPL,1999,524.27256909301002
NPL,2000,547.22108227363196
NPL,2001,564.28622920391001
NPL,2002,556.43845453879601
NPL,2003,570.28967363428001
NPL,2004,589.46992868616996
NPL,2005,603.19010857099499
NPL,2006,617.47763858872202
NPL,2007,633.22612913659702
NPL,2008,666.86509541713804
NPL,2009,692.40000081691903
NPL,2010,721.26522136430196
NPL,2011,742.61725266257599
NPL,2012,775.31057847983902
NPL,2013,801.03906084785604
NPL,2014,846.66554177359899
NPL,2015,875.54363547486196
NPL,2016,875.18894373085504
NPL,2017,951.85729856364105
NPL,2018,1021.91492204011
NPL,2019,1077.11796498188
NPL,2020,1031.5361878393401
NRU,1990,20706.630901168399
NRU,1991,16385.3907599423
NRU,1992,13486.944039891299
NRU,1993,11222.4924165458
NRU,1994,10751.367718006701
NRU,1995,9872.2199019166892
NRU,1996,8686.0358279251104
NRU,1997,7897.4666518458398
NRU,1998,6965.8305020691996
NRU,1999,6515.3285461711903
NRU,2000,6079.9670062497999
NRU,2001,5690.1572983189999
NRU,2002,5147.16201696177
NRU,2003,5173.6122878197502
NRU,2004,4949.8909692212001
NRU,2005,4955.3092994691297
NRU,2006,5382.1016186909901
NRU,2007,4199.7050814173299
NRU,2008,5045.1847236449103
NRU,2009,4761.5665839232297
NRU,2010,4748.7653992407804
NRU,2011,5417.4448792376697
NRU,2012,6626.1831707294496
NRU,2013,6735.4212806186197
NRU,2014,7638.9906521889197
NRU,2015,7747.2558499360703
NRU,2016,7925.5779662047998
NRU,2017,7308.3175851651504
NRU,2018,7149.7810913839303
NRU,2019,7687.19643322519
NRU,2020,7770.6988378401602
NZL,1990,26383.7472178844
NZL,1991,24865.504251448299
NZL,1992,24878.728985736099
NZL,1993,26166.825450812001
NZL,1994,27141.208660965702
NZL,1995,28013.5837412609
NZL,1996,28563.841232149702
NZL,1997,28776.547919896599
NZL,1998,28766.268668004599
NZL,1999,30155.919133998301
NZL,2000,30839.295386609199
NZL,2001,31705.248353125298
NZL,2002,32628.432259456298
NZL,2003,33502.6490755696
NZL,2004,34358.628904614299
NZL,2005,35112.076948147398
NZL,2006,35649.025849522397
NZL,2007,36400.015330895199
NZL,2008,35722.227426258098
NZL,2009,35352.642845369199
NZL,2010,35476.3713609154
NZL,2011,35961.911959259
NZL,2012,36588.819747177004
NZL,2013,37240.0279166822
NZL,2014,38025.467499863204
NZL,2015,38648.730256210903
NZL,2016,39205.034129822503
NZL,2017,39667.688423627202
NZL,2018,40257.913926080299
NZL,2019,40615.726694654302
NZL,2020,39702.3112090418
OMN,1990,16629.455660152798
OMN,1991,16805.7218402658
OMN,1992,17404.131456950399
OMN,1993,17694.1605143981
OMN,1994,17848.818766271099
OMN,1995,18398.724206591702
OMN,1996,18639.203941169701
OMN,1997,19458.926644114799
OMN,1998,19167.755471589
OMN,1999,18965.214232244802
OMN,2000,19881.7364316776
OMN,2001,20546.055407759799
OMN,2002,20150.113197141301
OMN,2003,19485.644150607699
OMN,2004,19534.860144526901
OMN,2005,19629.045154601499
OMN,2006,20096.3965576134
OMN,2007,20642.748956337698
OMN,2008,22007.7338963517
OMN,2009,22819.197732464701
OMN,2010,22766.050362072099
OMN,2011,20993.907943693499
OMN,2012,19824.121548594601
OMN,2013,19299.940051686899
OMN,2014,18726.202694697098
OMN,2015,18808.307792183899
OMN,2016,18830.6057208608
OMN,2017,18277.945563615001
OMN,2018,18269.676943556198
OMN,2019,18089.586668487998
OMN,2020,17743.885880047699
PAK,1990,950.88464483328505
PAK,1991,966.52249570373397
PAK,1992,1011.6250844611
PAK,1993,1001.25854820003
PAK,1994,1009.06429520182
PAK,1995,1028.96592446155
PAK,1996,1047.88663514614
PAK,1997,1028.9980475836901
PAK,1998,1026.5003372096901
PAK,1999,1035.4988820628801
PAK,2000,1049.54229686852
PAK,2001,1057.86767778646
PAK,2002,1059.04171024589
PAK,2003,1090.2752399374599
PAK,2004,1146.9963284266601
PAK,2005,1201.2335936721399
PAK,2006,1243.94142602543
PAK,2007,1265.3556753984201
PAK,2008,1258.0518893445201
PAK,2009,1269.0743211644401
PAK,2010,1256.6948220132299
PAK,2011,1261.8316190785699
PAK,2012,1275.48806898966
PAK,2013,1309.7008044638601
PAK,2014,1343.30778121043
PAK,2015,1380.4702083831701
PAK,2016,1452.1865826917699
PAK,2017,1495.2618752803201
PAK,2018,1561.6816981955899
PAK,2019,1573.8330826936999
PAK,2020,1526.0059748630699
PAN,1990,4828.7587829714503
PAN,1991,5172.6069195999498
PAN,1992,5480.8806229450001
PAN,1993,5661.0762583259802
PAN,1994,5703.6733898513603
PAN,1995,5686.4044100434903
PAN,1996,5799.8856009613301
PAN,1997,6122.6466478841003
PAN,1998,6504.9701188177396
PAN,1999,6709.7227608841504
PAN,2000,6856.1491900584697
PAN,2001,6787.8626789734799
PAN,2002,6825.1774743716596
PAN,2003,7037.0816570034904
PAN,2004,7468.7659313980103
PAN,2005,7935.8713506082104
PAN,2006,8557.9801770363993
PAN,2007,9507.64641073854
PAN,2008,10288.1549911493
PAN,2009,10267.063315199301
PAN,2010,10698.071763391101
PAN,2011,11761.498854760401
PAN,2012,12668.2945474105
PAN,2013,13236.8306754449
PAN,2014,13611.5490809559
PAN,2015,14082.6548502728
PAN,2016,14474.124363634901
PAN,2017,15045.5456426827
PAN,2018,15375.6500855703
PAN,2019,15602.531520970901
PAN,2020,12647.091422727901
PER,1990,2706.9225315684098
PER,1991,2709.2775451564698
PER,1992,2640.3137388021901
PER,1993,2723.2842310291999
PER,1994,2998.5769312551402
PER,1995,3158.9833864479201
PER,1996,3186.9007702409199
PER,1997,3331.1515109329698
PER,1998,3258.2974620621799
PER,1999,3250.3780231894698
PER,2000,3286.2730847552298
PER,2001,3261.6642505136001
PER,2002,3398.7499141929702
PER,2003,3502.7916568764599
PER,2004,3640.6029986974399
PER,2005,3835.1321927972199
PER,2006,4091.36268615581
PER,2007,4407.7912168641597
PER,2008,4778.5264217231297
PER,2009,4801.17153740507
PER,2010,5167.3925932593702
PER,2011,5453.4571871363096
PER,2012,5740.0434627247196
PER,2013,6021.4614276523198
PER,2014,6103.9186474996905
PER,2015,6231.7115033889404
PER,2016,6392.25474941014
PER,2017,6457.4194025472098
PER,2018,6593.1443745952602
PER,2019,6626.2608349496904
PER,2020,5831.8302475852097
PHL,1990,1704.07568899121
PHL,1991,1656.3834970478099
PHL,1992,1624.34939806129
PHL,1993,1620.3550583394201
PHL,1994,1654.74613902838
PHL,1995,1693.8087308164399
PHL,1996,1752.23800104559
PHL,1997,1800.25913137613
PHL,1998,1746.5259051328201
PHL,1999,1759.4210522565199
PHL,2000,1793.3476114643599
PHL,2001,1807.7089252475801
PHL,2002,1837.25429286854
PHL,2003,1892.82161995051
PHL,2004,1978.3448913311299
PHL,2005,2037.8776605946
PHL,2006,2110.4204478128399
PHL,2007,2209.3465108332898
PHL,2008,2264.9462907287998
PHL,2009,2256.7255483546301
PHL,2010,2373.14312064664
PHL,2011,2416.7521206454198
PHL,2012,2533.7414196495902
PHL,2013,2654.4150693397801
PHL,2014,2776.9200590947898
PHL,2015,2909.85818010301
PHL,2016,3076.3374186759002
PHL,2017,3247.4503878362002
PHL,2018,3410.9364797610901
PHL,2019,3575.8817092292202
PHL,2020,3198.6669000841298
PLW,1990,14117.571100216201
PLW,1991,14473.3492441159
PLW,1992,13229.3220919377
PLW,1993,11330.6949085817
PLW,1994,11869.3000771999
PLW,1995,12837.708188873001
PLW,1996,13804.33934348
PLW,1997,13767.779541071401
PLW,1998,13727.761180486499
PLW,1999,12727.4358812353
PLW,2000,12216.9793626185
PLW,2001,12996.509036166601
PLW,2002,13503.9227174315
PLW,2003,13111.714200112299
PLW,2004,13456.8137686422
PLW,2005,13845.717232287499
PLW,2006,14037.370652363399
PLW,2007,14346.8995831129
PLW,2008,13759.0034121669
PLW,2009,13113.578666692099
PLW,2010,12933.067610214201
PLW,2011,13758.7587383152
PLW,2012,14289.7833891839
PLW,2013,14184.044952103701
PLW,2014,14725.8436432778
PLW,2015,15938.3652222848
PLW,2016,16179.3959628749
PLW,2017,15612.670018049799
PLW,2018,15545.7219371676
PLW,2019,15606.4827634374
PLW,2020,14673.8845975778
PNG,1990,1892.3067927944801
PNG,1991,2008.35151943089
PNG,1992,2206.9963330517198
PNG,1993,2515.6383945071002
PNG,1994,2570.3369106195801
PNG,1995,2397.4004529885701
PNG,1996,2492.0796276278402
PNG,1997,2310.9877397564301
PNG,1998,2147.0452626691899
PNG,1999,2112.0950973955
PNG,2000,1989.5788220427401
PNG,2001,1920.7800388939299
PNG,2002,1854.4183173746201
PNG,2003,1832.6787031444701
PNG,2004,1821.8474107100201
PNG,2005,1875.82273480514
PNG,2006,1915.2349405788
PNG,2007,2000.9726186688999
PNG,2008,1934.0320155875299
PNG,2009,2003.2410972703899
PNG,2010,2140.5093902738399
PNG,2011,2102.03192060639
PNG,2012,2139.4809666042802
PNG,2013,2162.1059259559102
PNG,2014,2391.3578028163001
PNG,2015,2484.5963398602998
PNG,2016,2557.0946303003502
PNG,2017,2584.8883636270998
PNG,2018,2518.4589931732098
PNG,2019,2572.5617796789602
PNG,2020,2438.6113792229298
POL,1990,5111.3453296443004
POL,1991,4735.9276980893001
POL,1992,4840.1685854911702
POL,1993,5008.3490888639499
POL,1994,5262.3152352249599
POL,1995,5671.8957367479798
POL,1996,6012.9580643316604
POL,1997,6391.1317282337604
POL,1998,6684.1147778223403
POL,1999,6998.7947514428897
POL,2000,7401.57697647848
POL,2001,7494.96089503246
POL,2002,7640.9930775777702
POL,2003,7915.5542438970397
POL,2004,8323.3877375458706
POL,2005,8598.5768124155693
POL,2006,9137.6585084980106
POL,2007,9760.7042604351991
POL,2008,10187.201791088301
POL,2009,10446.5289138524
POL,2010,10808.397567423801
POL,2011,11370.313427173
POL,2012,11542.235336801399
POL,2013,11628.228680952499
POL,2014,12093.162278739401
POL,2015,12637.5220324406
POL,2016,13026.1858988718
POL,2017,13695.6452848724
POL,2018,14551.085027708899
POL,2019,15221.3090624454
POL,2020,15090.222844011299
PRI,1990,18733.645253640501
PRI,1991,19030.241535996902
PRI,1992,19770.7684693589
PRI,1993,20515.520725997801
PRI,1994,21176.670174981398
PRI,1995,21936.417911482698
PRI,1996,22193.5791326619
PRI,1997,23061.334494222199
PRI,1998,24197.309748788801
PRI,1999,25374.101701053001
PRI,2000,26131.963064358399
PRI,2001,27722.367187274798
PRI,2002,27940.3826219734
PRI,2003,27937.816592256699
PRI,2004,30375.789575823699
PRI,2005,29815.216422230998
PRI,2006,29519.738675972902
PRI,2007,29347.8460041613
PRI,2008,28976.131052015899
PRI,2009,28565.767919549002
PRI,2010,28569.507708800102
PRI,2011,28706.020751485601
PRI,2012,28968.694213135201
PRI,2013,29115.354916199602
PRI,2014,29141.203863981598
PRI,2015,29242.041465085
PRI,2016,29326.5748761873
PRI,2017,29061.5563802711
PRI,2018,28808.851863802502
PRI,2019,29185.0969964707
PRI,2020,28144.713741875999
PRK,1990,
PRK,1991,
PRK,1992,
PRK,1993,
PRK,1994,
PRK,1995,
PRK,1996,
PRK,1997,
PRK,1998,
PRK,1999,
PRK,2000,
PRK,2001,
PRK,2002,
PRK,2003,
PRK,2004,
PRK,2005,
PRK,2006,
PRK,2007,
PRK,2008,
PRK,2009,
PRK,2010,
PRK,2011,
PRK,2012,
PRK,2013,
PRK,2014,
PRK,2015,
PRK,2016,
PRK,2017,
PRK,2018,
PRK,2019,
PRK,2020,
PRT,1990,14593.2706053569
PRT,1991,15265.8793018366
PRT,1992,15444.200616124601
PRT,1993,15110.139255833899
PRT,1994,15214.9307536408
PRT,1995,15811.7171369279
PRT,1996,16304.3794463959
PRT,1997,16946.086865108002
PRT,1998,17671.313508291201
PRT,1999,18258.0911720943
PRT,2000,18822.093309293701
PRT,2001,19053.089945659001
PRT,2002,19095.110247739802
PRT,2003,18846.541189363201
PRT,2004,19137.8370898949
PRT,2005,19251.714506830001
PRT,2006,19529.312210047701
PRT,2007,19979.5706280792
PRT,2008,20014.474933000402
PRT,2009,19371.1318876855
PRT,2010,19698.6836791397
PRT,2011,19389.639589616199
PRT,2012,18679.7626789594
PRT,2013,18597.721462396399
PRT,2014,18836.8967978906
PRT,2015,19215.781301434701
PRT,2016,19662.823124620001
PRT,2017,20364.1962735946
PRT,2018,20997.7745987013
PRT,2019,21569.187475291899
PRT,2020,19778.713952572201
PRY,1990,4059.7734311331101
PRY,1991,4091.4904478645099
PRY,1992,4054.0442606084398
PRY,1993,4147.78440621564
PRY,1994,4262.1449579171103
PRY,1995,4445.1897818891402
PRY,1996,4411.3728007823202
PRY,1997,4496.0233646913803
PRY,1998,4402.1111007824902
PRY,1999,4252.4906572666796
PRY,2000,4074.4895332040401
PRY,2001,3972.8842786668602
PRY,2002,3916.4402230868
PRY,2003,4035.7183391988301
PRY,2004,4151.3458479936799
PRY,2005,4193.2808652561998
PRY,2006,4349.3119706618199
PRY,2007,4540.3823589919803
PRY,2008,4788.6631877790996
PRY,2009,4727.5968581139496
PRY,2010,5191.0501425440198
PRY,2011,5342.1901571737599
PRY,2012,5230.2624485876404
PRY,2013,5583.12274473463
PRY,2014,5794.4764468976
PRY,2015,5879.3379230867104
PRY,2016,6041.9587936726803
PRY,2017,6243.1336313905804
PRY,2018,6354.2392005296997
PRY,2019,6243.53620897773
PRY,2020,6109.1960810061501
PSE,1990,
PSE,1991,
PSE,1992,
PSE,1993,
PSE,1994,2137.3892890920802
PSE,1995,2189.2651371942702
PSE,1996,2118.82007591199
PSE,1997,2323.2064224217202
PSE,1998,2589.20364997364
PSE,1999,2732.87293952355
PSE,2000,2436.0120773963599
PSE,2001,2153.4573538320301
PSE,2002,1836.9804248135099
PSE,2003,2041.60484619659
PSE,2004,2426.41565630382
PSE,2005,2632.2462742395801
PSE,2006,2540.2676308312698
PSE,2007,2569.9843410895301
PSE,2008,2685.9860182846401
PSE,2009,2840.01594969395
PSE,2010,2927.08101953403
PSE,2011,3128.1081106138399
PSE,2012,3237.9161999578901
PSE,2013,3309.63120243098
PSE,2014,3227.8493448264499
PSE,2015,3272.1543236070802
PSE,2016,3483.0990353297202
PSE,2017,3462.9798610713601
PSE,2018,3417.7944083796201
PSE,2019,3378.4346209190999
PSE,2020,2922.4680108484399
PYF,1990,25307.704547713802
PYF,1991,25731.776022058999
PYF,1992,24899.510811171502
PYF,1993,24158.449666239001
PYF,1994,23373.712744669399
PYF,1995,22928.498655523701
PYF,1996,22434.729936296
PYF,1997,22051.980785961499
PYF,1998,22071.0627604129
PYF,1999,22136.258728634901
PYF,2000,22498.828553032799
PYF,2001,22076.591916262401
PYF,2002,21932.919533341799
PYF,2003,22055.6419702196
PYF,2004,21919.941058937799
PYF,2005,21661.424466405399
PYF,2006,21545.599713647302
PYF,2007,21648.532237682
PYF,2008,21493.417831124902
PYF,2009,20499.772303283102
PYF,2010,19913.025268791502
PYF,2011,19241.643795162501
PYF,2012,18968.442215790401
PYF,2013,18930.126888701201
PYF,2014,18928.1858620128
PYF,2015,19166.9594761931
PYF,2016,19516.071835327599
PYF,2017,20287.7685831663
PYF,2018,20674.420682902899
PYF,2019,21289.8751241139
PYF,2020,19026.790444196002
QAT,1990,42210.130922787197
QAT,1991,40169.0307706643
QAT,1992,43310.767958525998
QAT,1993,41423.720599232001
QAT,1994,40756.928947610402
QAT,1995,40528.4858249639
QAT,1996,41126.2109141166
QAT,1997,51382.616690415998
QAT,1998,54189.9837433703
QAT,1999,53562.769606824899
QAT,2000,54948.222805538397
QAT,2001,54316.541951192499
QAT,2002,55493.604999775103
QAT,2003,54970.419888684002
QAT,2004,63107.008634644502
QAT,2005,63555.6239820478
QAT,2006,68036.621216473402
QAT,2007,64614.046507196799
QAT,2008,64393.595447986598
QAT,2009,63939.805083143699
QAT,2010,74271.902295905806
QAT,2011,83533.496379101896
QAT,2012,82441.740508300907
QAT,2013,77379.673559955205
QAT,2014,71756.064933830203
QAT,2015,68985.294696150697
QAT,2016,67294.458577135607
QAT,2017,64497.698722537498
QAT,2018,64410.817128098097
QAT,2019,63430.4607609581
QAT,2020,57769.604104354003
ROU,1990,5019.43702748333
ROU,1991,4409.1517208357
ROU,1992,4059.0986045538202
ROU,1993,4126.7685927757202
ROU,1994,4295.2706578862899
ROU,1995,4572.2580335427601
ROU,1996,4764.6368210629898
ROU,1997,4546.6675305472099
ROU,1998,4463.60791806212
ROU,1999,4453.7812604618102
ROU,2000,4569.3112432452399
ROU,2001,4875.3031060063504
ROU,2002,5248.5499463266797
ROU,2003,5410.3083579625199
ROU,2004,6008.6404846148498
ROU,2005,6328.0902232418302
ROU,2006,6876.7784141796601
ROU,2007,7483.9737582061098
ROU,2008,8318.0034279538795
ROU,2009,7924.8705807021197
ROU,2010,7660.7066763051698
ROU,2011,8044.5719492089202
ROU,2012,8234.2855342519397
ROU,2013,8287.9584408967603
ROU,2014,8661.4739727424094
ROU,2015,8977.0174815819591
ROU,2016,9286.87678236598
ROU,2017,10106.2269557253
ROU,2018,10714.170115712701
ROU,2019,11197.316291585301
ROU,2020,10854.049431887001
RUS,1990,7849.51904296875
RUS,1991,7432.021484375
RUS,1992,6345.912109375
RUS,1993,5798.91455078125
RUS,1994,5071.74267578125
RUS,1995,4862.646484375
RUS,1996,4686.86279296875
RUS,1997,4760.33935546875
RUS,1998,4515.50927734375
RUS,1999,4819.38037109375
RUS,2000,5323.66650390625
RUS,2001,5618.95556640625
RUS,2002,5910.171875
RUS,2003,6370.45361328125
RUS,2004,6856.67822265625
RUS,2005,7323.38525390625
RUS,2006,7949.89697265625
RUS,2007,8640.40625
RUS,2008,9093.7001953125
RUS,2009,8381.8681640625
RUS,2010,8755.1201171875
RUS,2011,9120.8203125
RUS,2012,9464.0107421875
RUS,2013,9601.537109375
RUS,2014,9493.8125
RUS,2015,9277.7138671875
RUS,2016,9269.3173828125
RUS,2017,9418.99609375
RUS,2018,9674.787109375
RUS,2019,9882.0244140625
RUS,2020,9632.3251953125
RWA,1990,365.72496999426301
RWA,1991,349.345634840907
RWA,1992,362.33767940399298
RWA,1993,320.53046079207701
RWA,1994,187.38014700737
RWA,1995,303.31886787912703
RWA,1996,289.23793083277502
RWA,1997,284.86213239658298
RWA,1998,297.57138703159097
RWA,1999,307.99726200078999
RWA,2000,331.09665953783502
RWA,2001,356.01764054509903
RWA,2002,397.55864936345802
RWA,2003,397.48038260260199
RWA,2004,415.94381900039599
RWA,2005,443.00802474736003
RWA,2006,471.15085064244198
RWA,2007,493.803359157317
RWA,2008,534.67829862216104
RWA,2009,553.62151855604702
RWA,2010,579.41916280458099
RWA,2011,610.37623641557195
RWA,2012,647.43661384548705
RWA,2013,661.89396945249405
RWA,2014,682.70949906679505
RWA,2015,725.69141869695204
RWA,2016,748.798132068173
RWA,2017,765.84535939054103
RWA,2018,808.70481275212705
RWA,2019,863.87207758317197
RWA,2020,821.25713328275799
SAU,1990,25918.965083752599
SAU,1991,26742.682261558999
SAU,1992,26709.0328186878
SAU,1993,25649.064468643999
SAU,1994,24808.652892840899
SAU,1995,23876.246129793999
SAU,1996,23699.1352161738
SAU,1997,23406.034664345301
SAU,1998,23179.858116286101
SAU,1999,22214.425644547598
SAU,2000,22247.856698743901
SAU,2001,21193.092289435099
SAU,2002,20025.431999827499
SAU,2003,20765.938768808199
SAU,2004,21545.894988606
SAU,2005,21838.191534937399
SAU,2006,21616.335577251601
SAU,2007,21196.7926036633
SAU,2008,21629.840573455102
SAU,2009,20577.545344533599
SAU,2010,21830.1424272816
SAU,2011,23314.5576023168
SAU,2012,23643.035832464699
SAU,2013,23057.349446853499
SAU,2014,23404.730603982502
SAU,2015,23256.1549553531
SAU,2016,22783.032853868499
SAU,2017,23035.1199977707
SAU,2018,24393.518830663801
SAU,2019,24905.6697428558
SAU,2020,22827.671935548002
SDN,1990,764.450439453125
SDN,1991,805.36730957031295
SDN,1992,842.00860595703102
SDN,1993,862.97814941406295
SDN,1994,850.29943847656295
SDN,1995,877.69329833984398
SDN,1996,908.66015625
SDN,1997,1050.31994628906
SDN,1998,1069.27197265625
SDN,1999,1074.88098144531
SDN,2000,1111.11865234375
SDN,2001,1150.17626953125
SDN,2002,1185.21533203125
SDN,2003,1226.42077636719
SDN,2004,1255.67114257813
SDN,2005,1290.24438476563
SDN,2006,1336.1240234375
SDN,2007,1372.10961914063
SDN,2008,1381.62561035156
SDN,2009,1301.34729003906
SDN,2010,1311.22314453125
SDN,2011,1388.21813964844
SDN,2012,1288.25854492188
SDN,2013,1283.45922851563
SDN,2014,1307.3896484375
SDN,2015,1292.37963867188
SDN,2016,1297.15454101563
SDN,2017,1261.87353515625
SDN,2018,1185.94445800781
SDN,2019,1126.55297851563
SDN,2020,1056.86474609375
SEN,1990,990.77752261982198
SEN,1991,988.63221583772997
SEN,1992,974.05486002712803
SEN,1993,960.506561720788
SEN,1994,934.69206807230205
SEN,1995,960.84709282162999
SEN,1996,956.58879120165398
SEN,1997,962.73668945739905
SEN,1998,995.97908568963601
SEN,1999,1033.76396461633
SEN,2000,1048.37474052363
SEN,2001,1067.36886550595
SEN,2002,1042.25509944289
SEN,2003,1074.3857846768601
SEN,2004,1098.2006454602699
SEN,2005,1119.0505307548001
SEN,2006,1118.7830430050999
SEN,2007,1123.9986215328499
SEN,2008,1138.66883930214
SEN,2009,1142.6531723396399
SEN,2010,1153.53431121583
SEN,2011,1139.74447892639
SEN,2012,1154.0567799236701
SEN,2013,1147.3859217191
SEN,2014,1180.7987108504999
SEN,2015,1218.0061355543801
SEN,2016,1257.4090691623801
SEN,2017,1312.10932775878
SEN,2018,1355.09610863533
SEN,2019,1379.60875249843
SEN,2020,1361.7914374888001
SGP,1990,23272.700093215899
SGP,1991,24132.715329062099
SGP,1992,24973.431135811199
SGP,1993,27139.952427898501
SGP,1994,29220.272791547599
SGP,1995,30379.8991144598
SGP,1996,31349.317180513099
SGP,1997,32835.251850608198
SGP,1998,31043.108180076
SGP,1999,32557.046990406299
SGP,2000,34890.081136516797
SGP,2001,33597.869080822602
SGP,2002,34598.826748378102
SGP,2003,36709.796503825499
SGP,2004,39856.635622261303
SGP,2005,41798.488083467098
SGP,2006,44159.410182055202
SGP,2007,46178.813947019902
SGP,2008,44601.579930269902
SGP,2009,43331.874663896197
SGP,2010,48752.051544185902
SGP,2011,50713.5326393594
SGP,2012,51679.352717333
SGP,2013,53298.972855828601
SGP,2014,54681.933645825302
SGP,2015,55645.606861460597
SGP,2016,57076.524193678699
SGP,2017,59493.375859570297
SGP,2018,61101.5252578902
SGP,2019,61106.311977535101
SGP,2020,59083.857484157197
SLB,1990,1805.73206812837
SLB,1991,1856.36888711081
SLB,1992,2029.9528237345401
SLB,1993,2049.2778143567998
SLB,1994,2151.0299399004102
SLB,1995,2299.9768783352802
SLB,1996,2270.4602838594401
SLB,1997,2186.4070553299098
SLB,1998,2153.3586262081699
SLB,1999,2086.0089956893898
SLB,2000,1747.7179560715299
SLB,2001,1577.6551996625701
SLB,2002,1504.84671895171
SLB,2003,1573.8434843576699
SLB,2004,1664.57315979072
SLB,2005,1755.74082446273
SLB,2006,1796.71439810674
SLB,2007,1830.23321405807
SLB,2008,1911.18969015528
SLB,2009,1930.4628761492199
SLB,2010,2058.9569164888298
SLB,2011,2132.0284419939198
SLB,2012,2105.9142375837901
SLB,2013,2136.7211617703401
SLB,2014,2085.1606727308599
SLB,2015,2045.47721526649
SLB,2016,2084.24845745225
SLB,2017,2075.3670530230502
SLB,2018,2061.8996970669
SLB,2019,2043.0913977830701
SLB,2020,1930.65510307199
SLE,1990,992.25935190339806
SLE,1991,1003.7723819105599
SLE,1992,828.51603446303102
SLE,1993,841.77043807831205
SLE,1994,822.21830981924495
SLE,1995,755.34346747203801
SLE,1996,764.92451808736701
SLE,1997,710.74378835253799
SLE,1998,716.34603293925602
SLE,1999,698.54806357804898
SLE,2000,727.24091463259595
SLE,2001,642.03664584430396
SLE,2002,766.78869374290105
SLE,2003,806.06648901214396
SLE,2004,829.75976892830397
SLE,2005,842.90603090490197
SLE,2006,859.82426071496502
SLE,2007,872.68836234614002
SLE,2008,882.54147817867999
SLE,2009,872.23959352480995
SLE,2010,902.76989141139404
SLE,2011,950.76076305459299
SLE,2012,1025.04366004502
SLE,2013,1146.81973456475
SLE,2014,1032.23789355905
SLE,2015,964.57598088898897
SLE,2016,1002.77862282013
SLE,2017,1010.54694071207
SLE,2018,1015.6678297205
SLE,2019,1046.96778078594
SLE,2020,1010.25294614757
SLV,1990,2348.2046016776098
SLV,1991,2341.9338229913201
SLV,1992,2465.7598906071898
SLV,1993,2574.95134564317
SLV,1994,2670.21278543567
SLV,1995,2773.3252902754898
SLV,1996,2775.0462903869502
SLV,1997,2842.8848740907702
SLV,1998,2900.32064261101
SLV,1999,2946.4330235011998
SLV,2000,2964.8934688140598
SLV,2001,2978.5973484466799
SLV,2002,3016.06307728602
SLV,2003,3057.16467629097
SLV,2004,3081.2362966523401
SLV,2005,3163.3611837683302
SLV,2006,3302.3481735434698
SLV,2007,3359.1623024135001
SLV,2008,3420.4492735744302
SLV,2009,3337.8115087821102
SLV,2010,3398.49346060363
SLV,2011,3515.19664634846
SLV,2012,3600.3191250551799
SLV,2013,3665.9004416785401
SLV,2014,3713.9499201622202
SLV,2015,3790.3408910816202
SLV,2016,3875.8469135795399
SLV,2017,3954.8401427757199
SLV,2018,4046.1629172058301
SLV,2019,4143.1143709786702
SLV,2020,3808.5319543640899
SMR,1990,
SMR,1991,
SMR,1992,
SMR,1993,
SMR,1994,
SMR,1995,
SMR,1996,
SMR,1997,48409.525835708599
SMR,1998,51376.413029320698
SMR,1999,55318.420868065397
SMR,2000,55806.896785441502
SMR,2001,58173.2673485907
SMR,2002,57615.384060702898
SMR,2003,59090.206437438501
SMR,2004,58393.197314046898
SMR,2005,59049.550798523698
SMR,2006,60604.323539360397
SMR,2007,62776.917827582103
SMR,2008,61572.715784748099
SMR,2009,52873.244323694897
SMR,2010,49672.675358959401
SMR,2011,46450.004207019898
SMR,2012,42082.536454205598
SMR,2013,42293.467980791698
SMR,2014,42492.831738275003
SMR,2015,43146.803530200501
SMR,2016,43886.196508111403
SMR,2017,43057.758248457103
SMR,2018,42818.675595961402
SMR,2019,43525.403979817602
SMR,2020,40506.834185318301
SOM,1990,259.40002187010202
SOM,1991,277.59880235039799
SOM,1992,266.49841004271701
SOM,1993,269.40620462277701
SOM,1994,210.446194601917
SOM,1995,211.08753084179901
SOM,1996,219.93638187377999
SOM,1997,214.852351288921
SOM,1998,219.71216074946099
SOM,1999,226.444111028772
SOM,2000,233.03239308630299
SOM,2001,239.83907408808901
SOM,2002,248.636454000924
SOM,2003,257.91033723595302
SOM,2004,266.25727185655097
SOM,2005,275.45704079798298
SOM,2006,284.47078986532
SOM,2007,294.21040446660101
SOM,2008,304.74144881123698
SOM,2009,317.03818481466197
SOM,2010,329.97050493687198
SOM,2011,349.57744907771098
SOM,2012,369.61720475348898
SOM,2013,397.10879634481398
SOM,2014,417.51679690640202
SOM,2015,445.58308007339599
SOM,2016,458.92147682461001
SOM,2017,506.50109887942602
SOM,2018,498.981065013918
SOM,2019,494.44403971238398
SOM,2020,462.86705373727801
SRB,1990,
SRB,1991,
SRB,1992,
SRB,1993,
SRB,1994,
SRB,1995,3012.49816736822
SRB,1996,3200.76825835814
SRB,1997,3497.5504895711902
SRB,1998,3699.4038079648399
SRB,1999,3329.4517344385999
SRB,2000,3542.3536591484799
SRB,2001,3788.9823394739901
SRB,2002,4038.6525119744201
SRB,2003,4233.7764490608897
SRB,2004,4527.4349865945096
SRB,2005,4809.1384076488002
SRB,2006,5016.4128932225103
SRB,2007,5431.2788742662397
SRB,2008,5735.94772695749
SRB,2009,5578.0119741931003
SRB,2010,5690.7032718268201
SRB,2011,5737.0012017581103
SRB,2012,5739.3075023532001
SRB,2013,5793.3361452556501
SRB,2014,5716.5404715350596
SRB,2015,5820.3215576887997
SRB,2016,6024.9575465378402
SRB,2017,6200.2611859215203
SRB,2018,6524.08029755191
SRB,2019,6870.7581089629603
SRB,2020,6850.9674216883404
SSD,1990,
SSD,1991,
SSD,1992,
SSD,1993,
SSD,1994,
SSD,1995,
SSD,1996,
SSD,1997,
SSD,1998,
SSD,1999,
SSD,2000,
SSD,2001,
SSD,2002,
SSD,2003,
SSD,2004,
SSD,2005,
SSD,2006,
SSD,2007,
SSD,2008,2289.1841537556302
SSD,2009,2293.80166888543
SSD,2010,2295.0702609600598
SSD,2011,2073.23981819145
SSD,2012,1069.1961908093799
SSD,2013,1165.1620270749499
SSD,2014,1197.09491969479
SSD,2015,1080.1471862476501
SSD,2016,
SSD,2017,
SSD,2018,
SSD,2019,
SSD,2020,
STP,1990,967.49080750281405
STP,1991,957.94648306367901
STP,1992,946.48249510328799
STP,1993,939.60666943801903
STP,1994,943.89140429486702
STP,1995,947.331538535199
STP,1996,947.03015130996096
STP,1997,942.97118529567797
STP,1998,953.98550086390003
STP,1999,966.2268289095
STP,2000,959.93818099135206
STP,2001,973.42425210043598
STP,2002,982.32906557626995
STP,2003,1036.86196260207
STP,2004,1047.0579613488401
STP,2005,1089.1477879876199
STP,2006,1157.0861446542001
STP,2007,1170.51612474435
STP,2008,1214.1411472479199
STP,2009,1225.6054190299701
STP,2010,1216.3502521662999
STP,2011,1214.9613027673099
STP,2012,1225.6945255615001
STP,2013,1263.70423995281
STP,2014,1301.32146445028
STP,2015,1298.10946596396
STP,2016,1342.533807689
STP,2017,1375.5940328419899
STP,2018,1413.84348618541
STP,2019,1420.6600831609101
STP,2020,1430.8411929909601
SUR,1990,6474.95571162121
SUR,1991,6609.4013410012003
SUR,1992,6594.9041494915
SUR,1993,6127.1776409865797
SUR,1994,6290.1574963167895
SUR,1995,6184.2834422861997
SUR,1996,6114.8357170650897
SUR,1997,6330.1371824835296
SUR,1998,6343.5134476653602
SUR,1999,6127.3103573987501
SUR,2000,6128.3160238055298
SUR,2001,6255.5527418568699
SUR,2002,6301.3173104316702
SUR,2003,6567.8430987684696
SUR,2004,7021.9891992433804
SUR,2005,7261.8171350195998
SUR,2006,7599.3569692148103
SUR,2007,7897.2564891582797
SUR,2008,8129.1146465944603
SUR,2009,8276.6907976879302
SUR,2010,8603.9078674585508
SUR,2011,9003.2859767488608
SUR,2012,9140.9289861153593
SUR,2013,9303.4600877580906
SUR,2014,9224.2437841054707
SUR,2015,8813.6170539206705
SUR,2016,8293.3155303140593
SUR,2017,8338.6923540186199
SUR,2018,8666.6487069779705
SUR,2019,8677.3052202173094
SUR,2020,7213.1076666994304
SVK,1990,8597.4639152764503
SVK,1991,7338.7987402323197
SVK,1992,6843.3001743678196
SVK,1993,6946.8456411797597
SVK,1994,7348.9183974320003
SVK,1995,7755.6233338553002
SVK,1996,8212.8319394275604
SVK,1997,8647.3943431151692
SVK,1998,8966.2192623125193
SVK,1999,8914.6832646725506
SVK,2000,8997.2119959431893
SVK,2001,9277.35808851002
SVK,2002,9690.6846826288893
SVK,2003,10168.02256533
SVK,2004,10718.2101858841
SVK,2005,11412.159363000799
SVK,2006,12430.201548855701
SVK,2007,13770.9602691527
SVK,2008,14497.111440717201
SVK,2009,13680.753710659699
SVK,2010,14596.1477776887
SVK,2011,14950.8735178599
SVK,2012,15159.657042000401
SVK,2013,15249.8824513785
SVK,2014,15647.649176351701
SVK,2015,16442.076086001802
SVK,2016,16740.7413996428
SVK,2017,17195.288872196299
SVK,2018,17869.014917367898
SVK,2019,18250.980247563701
SVK,2020,17763.856384735202
SVN,1990,13615.5853511552
SVN,1991,12395.9173883243
SVN,1992,11735.8458123902
SVN,1993,12098.3412867237
SVN,1994,12757.6301288509
SVN,1995,13278.742855964299
SVN,1996,13674.183297426
SVN,1997,14400.670888340999
SVN,1998,14874.290478254599
SVN,1999,15646.6885879812
SVN,2000,16146.1216848394
SVN,2001,16576.715884040601
SVN,2002,17099.658209132002
SVN,2003,17635.360858183099
SVN,2004,18425.2601213581
SVN,2005,19102.2776603905
SVN,2006,20166.532343121398
SVN,2007,21485.780992380998
SVN,2008,22175.2369557321
SVN,2009,20307.618832227301
SVN,2010,20444.120129587602
SVN,2011,20535.4155754108
SVN,2012,19894.869796454801
SVN,2013,19704.218600512799
SVN,2014,20228.708198639099
SVN,2015,20697.274853061899
SVN,2016,21309.712213894902
SVN,2017,22397.763498833701
SVN,2018,23293.966665323002
SVN,2019,23943.1800949889
SVN,2020,22811.805054077799
SWE,1990,34903.348040100602
SWE,1991,34268.974399834602
SWE,1992,33673.848987556397
SWE,1993,32787.281045551797
SWE,1994,33862.422171196697
SWE,1995,35064.413880212902
SWE,1996,35605.453750746601
SWE,1997,36675.750654334297
SWE,1998,38211.723309083201
SWE,1999,39786.027190255503
SWE,2000,41561.774763585701
SWE,2001,42014.402230250598
SWE,2002,42831.758410377399
SWE,2003,43475.365543322099
SWE,2004,45114.670123070799
SWE,2005,46189.682842055503
SWE,2006,48078.352011008399
SWE,2007,49262.152916544997
SWE,2008,48428.658708175099
SWE,2009,45974.3911151254
SWE,2010,48205.549251274198
SWE,2011,49356.590525704698
SWE,2012,48789.790688363697
SWE,2013,48928.499414129103
SWE,2014,49557.618364795897
SWE,2015,51188.165212049302
SWE,2016,51626.3235312369
SWE,2017,51894.374817780801
SWE,2018,52203.087258976098
SWE,2019,53024.409949431698
SWE,2020,51624.581178957298
SWZ,1990,2027.9748189335701
SWZ,1991,1982.4152174278399
SWZ,1992,1969.9608251761299
SWZ,1993,1972.8034062953
SWZ,1994,2020.3848181645201
SWZ,1995,2119.5816361227398
SWZ,1996,2157.8613443839199
SWZ,1997,2187.6982984341398
SWZ,1998,2216.0089677739702
SWZ,1999,2256.76912984402
SWZ,2000,2273.04683761056
SWZ,2001,2283.9831681536102
SWZ,2002,2358.5693564346798
SWZ,2003,2448.8379207799499
SWZ,2004,2522.1434209716699
SWZ,2005,2658.7518050818699
SWZ,2006,2823.4872821540198
SWZ,2007,2928.4684582301502
SWZ,2008,2950.6733436213199
SWZ,2009,2973.8345691237901
SWZ,2010,3069.5217572588399
SWZ,2011,3108.7022525309198
SWZ,2012,3218.5013820549302
SWZ,2013,3332.1198392791198
SWZ,2014,3381.79292071291
SWZ,2015,3419.8227655952801
SWZ,2016,3500.1768884794201
SWZ,2017,3596.2360540049199
SWZ,2018,3565.54285067501
SWZ,2019,3759.6710696466598
SWZ,2020,3609.3669136858998
SXM,1990,
SXM,1991,
SXM,1992,
SXM,1993,
SXM,1994,
SXM,1995,
SXM,1996,
SXM,1997,
SXM,1998,
SXM,1999,
SXM,2000,
SXM,2001,
SXM,2002,
SXM,2003,
SXM,2004,
SXM,2005,
SXM,2006,
SXM,2007,
SXM,2008,
SXM,2009,37548.947462744101
SXM,2010,38403.070520166402
SXM,2011,39615.1371367338
SXM,2012,39298.987356782702
SXM,2013,38889.771508803497
SXM,2014,38623.199940581901
SXM,2015,37839.628381516297
SXM,2016,37428.702755706901
SXM,2017,33945.418518249899
SXM,2018,31047.7241050626
SXM,2019,33877.976645467003
SXM,2020,28920.3773007159
SYC,1990,8779.8523133737799
SYC,1991,8902.8379877626594
SYC,1992,9497.7554107083997
SYC,1993,9981.2446035157991
SYC,1994,9481.8805265776991
SYC,1995,9388.8196772074298
SYC,1996,10177.090467169601
SYC,1997,11284.845976659801
SYC,1998,11339.3481297046
SYC,1999,11326.9386083063
SYC,2000,11703.7535246117
SYC,2001,11427.941308301501
SYC,2002,11218.260646431499
SYC,2003,10677.969208127201
SYC,2004,10412.0868936027
SYC,2005,11297.311819049301
SYC,2006,12105.447526555799
SYC,2007,13112.8210098816
SYC,2008,12473.2921769121
SYC,2009,12116.378368797699
SYC,2010,12313.556691924899
SYC,2011,13843.711608187799
SYC,2012,14135.001057065299
SYC,2013,14050.3135581314
SYC,2014,14395.6158118771
SYC,2015,15333.1051727105
SYC,2016,16962.675397273098
SYC,2017,17921.5731976918
SYC,2018,18628.186227669601
SYC,2019,19481.646105374199
SYC,2020,17048.361729788001
SYR,1990,931.88400480949804
SYR,1991,972.28472203118895
SYR,1992,1065.2034769008201
SYR,1993,1097.10915461797
SYR,1994,1142.0626749939099
SYR,1995,1188.1740389135
SYR,1996,1270.04979705395
SYR,1997,1299.2970827757199
SYR,1998,1352.1263528765201
SYR,1999,1271.32082241485
SYR,2000,1248.3834585756399
SYR,2001,1264.321407912
SYR,2002,1331.1257935312301
SYR,2003,1307.48124980131
SYR,2004,1363.6138135409001
SYR,2005,1411.6316668592001
SYR,2006,1420.7201405210701
SYR,2007,1411.68909698729
SYR,2008,1423.5940730483301
SYR,2009,1484.40718049155
SYR,2010,1526.3651859026099
SYR,2011,1542.71903961106
SYR,2012,1142.2921506499399
SYR,2013,884.32881690526199
SYR,2014,847.65890981385598
SYR,2015,847.73154535258197
SYR,2016,802.968607901263
SYR,2017,795.88181715321605
SYR,2018,792.41286472044101
SYR,2019,771.51794828919196
SYR,2020,753.13530570947705
TCA,1990,
TCA,1991,
TCA,1992,
TCA,1993,
TCA,1994,
TCA,1995,
TCA,1996,
TCA,1997,
TCA,1998,
TCA,1999,
TCA,2000,
TCA,2001,
TCA,2002,
TCA,2003,
TCA,2004,
TCA,2005,
TCA,2006,
TCA,2007,37466.182261472502
TCA,2008,38854.107569881402
TCA,2009,29988.599737517201
TCA,2010,29111.8729223189
TCA,2011,29363.9475927366
TCA,2012,27441.333598701702
TCA,2013,26477.5410719582
TCA,2014,27636.8210228067
TCA,2015,29457.014069116201
TCA,2016,30183.000294988102
TCA,2017,50586.103233515103
TCA,2018,51863.1830309332
TCA,2019,52419.886212861697
TCA,2020,33739.425399173902
TCD,1990,602.67068576504596
TCD,1991,630.62068269713097
TCD,1992,652.78500216739803
TCD,1993,537.41053592622302
TCD,1994,578.42350378571496
TCD,1995,560.33144682917498
TCD,1996,547.925799475536
TCD,1997,559.25985583523004
TCD,1998,577.90957347730296
TCD,1999,554.14890075138101
TCD,2000,530.60033126639598
TCD,2001,572.80670682639197
TCD,2002,600.17145197496302
TCD,2003,661.55691667896997
TCD,2004,845.51813116573703
TCD,2005,952.87191008731895
TCD,2006,914.21066458867006
TCD,2007,920.35281567764002
TCD,2008,916.08727463450998
TCD,2009,871.48531127820695
TCD,2010,956.95301870739604
TCD,2011,965.28696355956697
TCD,2012,1016.42152061942
TCD,2013,1008.61711428961
TCD,2014,993.32115770645601
TCD,2015,993.99073061086904
TCD,2016,923.56587205119604
TCD,2017,879.07589546441704
TCD,2018,898.83479400504598
TCD,2019,917.20371006013602
TCD,2020,884.98054193493897
TGO,1990,757.56815000253096
TGO,1991,730.89082101515896
TGO,1992,682.17589891264197
TGO,1993,585.84095638914505
TGO,1994,670.81743172165204
TGO,1995,687.14517676920798
TGO,1996,716.37267126644304
TGO,1997,792.111709235126
TGO,1998,754.70826767736401
TGO,1999,754.52083702541404
TGO,2000,730.14839276990597
TGO,2001,718.08417946982502
TGO,2002,727.32276868468898
TGO,2003,757.07684205746602
TGO,2004,731.61079795844705
TGO,2005,680.48515947525698
TGO,2006,678.89022739052598
TGO,2007,650.04668135587394
TGO,2008,654.89672303634097
TGO,2009,668.66962316175204
TGO,2010,686.01418539612098
TGO,2011,706.44215882735296
TGO,2012,733.68360292986802
TGO,2013,759.84161244355403
TGO,2014,786.58739965144605
TGO,2015,813.89467697508496
TGO,2016,832.95951598773297
TGO,2017,851.73572862133699
TGO,2018,876.56280091586905
TGO,2019,900.16660243787101
TGO,2020,899.74880235534795
THA,1990,2631.5197109586302
THA,1991,2810.5670200131599
THA,1992,2989.8538536901901
THA,1993,3186.99707103229
THA,1994,3391.4898660406202
THA,1995,3614.9324401673198
THA,1996,3766.8636443308801
THA,1997,3614.6084854399401
THA,1998,3295.3601838129398
THA,1999,3403.0873735689602
THA,2000,3514.7166297060799
THA,2001,3599.0252487735802
THA,2002,3783.7542207326601
THA,2003,4018.1553818706798
THA,2004,4232.7715726193401
THA,2005,4372.2573020626096
THA,2006,4551.5250018314
THA,2007,4760.6670846483103
THA,2008,4805.76393990836
THA,2009,4737.45679763314
THA,2010,5059.3574783165705
THA,2011,5070.2374019194203
THA,2012,5403.87846036273
THA,2013,5516.6116416413497
THA,2014,5541.4659936184498
THA,2015,5688.8533539788396
THA,2016,5857.7805293592601
THA,2017,6076.7430770008204
THA,2018,6314.1994841204296
THA,2019,6434.5377051803398
THA,2020,6032.4224460679297
TJK,1990,1312.94701318034
TJK,1991,1188.37461269952
TJK,1992,827.58688462326802
TJK,1993,682.72725931726802
TJK,1994,528.04821736829001
TJK,1995,452.90438539446501
TJK,1996,369.93488350742598
TJK,1997,371.66124314445398
TJK,1998,389.08974666402202
TJK,1999,401.406381787908
TJK,2000,429.53730098464303
TJK,2001,461.681195760256
TJK,2002,501.80856647117002
TJK,2003,546.39147980868404
TJK,2004,590.95711138569902
TJK,2005,618.33370258857701
TJK,2006,649.16332875533396
TJK,2007,686.48090192412997
TJK,2008,726.185491338269
TJK,2009,739.212878526331
TJK,2010,770.60410539379097
TJK,2011,809.368229154093
TJK,2012,849.51908083173805
TJK,2013,889.88238309997905
TJK,2014,925.970961482804
TJK,2015,956.91631093065598
TJK,2016,997.35261455670798
TJK,2017,1042.26391757642
TJK,2018,1094.8002018221
TJK,2019,1148.34676712493
TJK,2020,1171.90127480359
TKM,1990,3497.8992009138701
TKM,1991,3254.3133747698798
TKM,1992,2704.98191255663
TKM,1993,2685.8318410110701
TKM,1994,2175.7260402872198
TKM,1995,1983.16344483491
TKM,1996,2079.9975872017499
TKM,1997,1811.8945916042801
TKM,1998,1908.0786382889801
TKM,1999,2182.5013730307301
TKM,2000,2256.4024032397701
TKM,2001,2307.71956018735
TKM,2002,2268.0282424461502
TKM,2003,2296.7084230722298
TKM,2004,2365.7219026450298
TKM,2005,2624.2315668841002
TKM,2006,2858.5322414356501
TKM,2007,3115.9792751827999
TKM,2008,3506.50453694834
TKM,2009,3647.6781308375598
TKM,2010,3902.54200118683
TKM,2011,4383.1438087256702
TKM,2012,4762.6604753638903
TKM,2013,5131.1408732854397
TKM,2014,5535.5016129777096
TKM,2015,5759.4979038339998
TKM,2016,5979.4762766105796
TKM,2017,6221.4196275902104
TKM,2018,6460.1301592083901
TKM,2019,6719.32320157703
TKM,2020,6964.3816288701601
TLS,1990,633.18249048302005
TLS,1991,684.87053017392702
TLS,1992,736.59164810120103
TLS,1993,789.90069743491097
TLS,1994,823.06242478343802
TLS,1995,854.130472722832
TLS,1996,897.36053136848795
TLS,1997,907.91656596338498
TLS,1998,865.83137797611596
TLS,1999,631.07291253791402
TLS,2000,1117.56429796112
TLS,2001,1192.74796162196
TLS,2002,1028.1319342253
TLS,2003,964.32256461812995
TLS,2004,955.47054828737703
TLS,2005,964.02661417355796
TLS,2006,897.57376367092797
TLS,2007,961.84846209026898
TLS,2008,1042.86835443002
TLS,2009,1120.0969844839799
TLS,2010,1195.3806780319701
TLS,2011,1237.48383284275
TLS,2012,1269.4162927606801
TLS,2013,1281.92864092574
TLS,2014,1312.9649407946499
TLS,2015,1319.59297370991
TLS,2016,1333.6585468431999
TLS,2017,1267.0866014288299
TLS,2018,1237.2006473041199
TLS,2019,1507.2474829437399
TLS,2020,1947.8399713886599
TON,1990,2987.63694151968
TON,1991,3173.0863272686101
TON,1992,3177.0425755300398
TON,1993,3293.1354200686401
TON,1994,3454.0548358113101
TON,1995,3667.0189496819999
TON,1996,3668.5960966927501
TON,1997,3632.1124043712898
TON,1998,3689.2167024888099
TON,1999,3749.82348312358
TON,2000,3866.6859131433098
TON,2001,3901.1807203993999
TON,2002,4050.98962313421
TON,2003,4030.1969055261902
TON,2004,3928.0603072449298
TON,2005,3880.0705415849702
TON,2006,3775.24848570829
TON,2007,3665.8954997228102
TON,2008,3833.60169058266
TON,2009,3630.7609699507202
TON,2010,3653.97817265087
TON,2011,3892.7680775066601
TON,2012,3932.5936718067501
TON,2013,3962.1698094878798
TON,2014,4058.8158444747301
TON,2015,4123.9034723881296
TON,2016,4419.8147470039003
TON,2017,4568.62484962494
TON,2018,4583.55968565688
TON,2019,4566.0750870072097
TON,2020,4647.0077529157998
TTO,1990,6058.2152164015297
TTO,1991,6197.4624284724596
TTO,1992,6771.98415842128
TTO,1993,6680.48480038241
TTO,1994,6876.4985721789799
TTO,1995,7100.8538124572297
TTO,1996,7573.7856082867502
TTO,1997,8112.9428587886696
TTO,1998,8742.6993105223992
TTO,1999,9412.0810837844492
TTO,2000,10023.0206669207
TTO,2001,10395.204104221801
TTO,2002,11165.960015838
TTO,2003,12714.5004334846
TTO,2004,13657.2534995604
TTO,2005,15075.4179709902
TTO,2006,17021.224167956199
TTO,2007,17758.699522465198
TTO,2008,18285.273544199201
TTO,2009,17461.9640940055
TTO,2010,17938.094945946301
TTO,2011,17746.509252615
TTO,2012,18835.667412295399
TTO,2013,19392.197459378302
TTO,2014,20032.540200171799
TTO,2015,19887.2327716498
TTO,2016,18331.034459758001
TTO,2017,17402.615532845401
TTO,2018,17205.615135339001
TTO,2019,17225.361633712
TTO,2020,15679.9611486825
TUN,1990,2114.4703453608499
TUN,1991,2151.2085167735299
TUN,1992,2270.8644944276498
TUN,1993,2274.6418263758501
TUN,1994,2305.1612752443398
TUN,1995,2322.5920718519401
TUN,1996,2452.9092982049601
TUN,1997,2551.55055160864
TUN,1998,2639.87498120997
TUN,1999,2766.5700713523102
TUN,2000,2864.5470366661798
TUN,2001,2941.7389359290601
TUN,2002,2950.2041095905402
TUN,2003,3058.2289582784201
TUN,2004,3218.7232074845701
TUN,2005,3301.9381721602899
TUN,2006,3444.5513526090999
TUN,2007,3642.11977444786
TUN,2008,3760.11828478704
TUN,2009,3835.2501193930102
TUN,2010,3906.9062586760501
TUN,2011,3784.7412903401
TUN,2012,3900.0462013270198
TUN,2013,3947.5876353317399
TUN,2014,4021.5995470359098
TUN,2015,4014.9477368643202
TUN,2016,4015.2889380270299
TUN,2017,4062.8060653451898
TUN,2018,4127.9700569799397
TUN,2019,4153.2797861551498
TUN,2020,3749.2684145292801
TUR,1990,5188.1824443924097
TUR,1991,5134.4176087717196
TUR,1992,5301.8085598217203
TUR,1993,5609.8505673099698
TUR,1994,5255.8033973689699
TUR,1995,5577.8253965428103
TUR,1996,5887.67309798528
TUR,1997,6230.1862212640699
TUR,1998,6261.2887006922201
TUR,1999,5989.5570086059197
TUR,2000,6326.2574647248803
TUR,2001,5906.9234853669896
TUR,2002,6211.7054296039396
TUR,2003,6496.0727729461196
TUR,2004,7061.6221979498396
TUR,2005,7623.1464094845696
TUR,2006,8078.5153787570998
TUR,2007,8477.5332839335206
TUR,2008,8447.9397639694707
TUR,2009,7925.3011042118496
TUR,2010,8472.5780905011907
TUR,2011,9265.8591023857807
TUR,2012,9588.3206653143807
TUR,2013,10269.4489140773
TUR,2014,10597.980188171599
TUR,2015,11064.649450466201
TUR,2016,11279.616953156899
TUR,2017,12005.6459824832
TUR,2018,12255.008214616901
TUR,2019,12238.2950220128
TUR,2020,12338.643833135
TUV,1990,2445.5264293698801
TUV,1991,2496.8956071186499
TUV,1992,2535.2919581298202
TUV,1993,2614.06109903264
TUV,1994,2857.5123166666899
TUV,1995,2693.1561222508699
TUV,1996,2515.7989686821602
TUV,1997,2750.3861278249301
TUV,1998,3159.5856179985799
TUV,1999,3095.4351725125598
TUV,2000,3051.3789420489102
TUV,2001,3059.1430515940301
TUV,2002,3300.8418323616902
TUV,2003,3133.7820801624198
TUV,2004,3036.7117312686
TUV,2005,2886.4736070937702
TUV,2006,2890.2979042628999
TUV,2007,3051.64998981595
TUV,2008,3208.6215079014501
TUV,2009,2987.7716161364901
TUV,2010,2872.0201134334502
TUV,2011,3040.4474312404
TUV,2012,2912.1091226574799
TUV,2013,3004.5049231989001
TUV,2014,3059.3244224988998
TUV,2015,3352.6672240018102
TUV,2016,3523.41345550387
TUV,2017,3658.9802925041499
TUV,2018,3750.4356281720802
TUV,2019,4323.0970319693797
TUV,2020,4265.4627928926102
TZA,1990,541.54479980468795
TZA,1991,538.96697998046898
TZA,1992,528.78155517578102
TZA,1993,518.66259765625
TZA,1994,506.97250366210898
TZA,1995,508.84042358398398
TZA,1996,522.333251953125
TZA,1997,529.95422363281295
TZA,1998,535.36315917968795
TZA,1999,546.60552978515602
TZA,2000,555.34808349609398
TZA,2001,573.400146484375
TZA,2002,598.42156982421898
TZA,2003,621.720703125
TZA,2004,650.51654052734398
TZA,2005,680.05120849609398
TZA,2006,704.50274658203102
TZA,2007,731.52001953125
TZA,2008,752.54046630859398
TZA,2009,772.92956542968795
TZA,2010,801.29931640625
TZA,2011,838.999267578125
TZA,2012,851.91070556640602
TZA,2013,882.8115234375
TZA,2014,913.81121826171898
TZA,2015,939.12731933593795
TZA,2016,970.15612792968795
TZA,2017,1001.55895996094
TZA,2018,1024.01525878906
TZA,2019,1051.7666015625
TZA,2020,1041.25964355469
UGA,1990,369.839286985576
UGA,1991,377.78050368595098
UGA,1992,377.609612721367
UGA,1993,395.16394916859701
UGA,1994,406.59230192017702
UGA,1995,441.226201168263
UGA,1996,468.42789895019303
UGA,1997,478.25066398884701
UGA,1998,487.00897726621901
UGA,1999,509.45539505438802
UGA,2000,509.19755319016002
UGA,2001,519.45654789088405
UGA,2002,547.40533891987502
UGA,2003,564.72053919656901
UGA,2004,585.33948908061598
UGA,2005,604.40481305761796
UGA,2006,650.27054086744397
UGA,2007,684.54224178724803
UGA,2008,722.56516700345196
UGA,2009,749.34286553542302
UGA,2010,768.62409166013094
UGA,2011,816.51636658722805
UGA,2012,823.580468285493
UGA,2013,828.98866972998599
UGA,2014,845.97866479109905
UGA,2015,862.93461035581095
UGA,2016,874.64837063921595
UGA,2017,871.09388001715104
UGA,2018,895.07512785437996
UGA,2019,920.93910151567104
UGA,2020,917.03503176439995
UKR,1990,3102.310546875
UKR,1991,2826.06469726563
UKR,1992,2538.85278320313
UKR,1993,2177.23486328125
UKR,1994,1687.48449707031
UKR,1995,1493.38208007813
UKR,1996,1355.57336425781
UKR,1997,1326.27795410156
UKR,1998,1311.59362792969
UKR,1999,1319.533203125
UKR,2000,1409.22265625
UKR,2001,1547.2783203125
UKR,2002,1644.28125
UKR,2003,1814.25854492188
UKR,2004,2042.44494628906
UKR,2005,2122.6015625
UKR,2006,2298.13232421875
UKR,2007,2498.35205078125
UKR,2008,2567.69409179688
UKR,2009,2188.17016601563
UKR,2010,2285.93383789063
UKR,2011,2418.12084960938
UKR,2012,2426.92944335938
UKR,2013,2432.41625976563
UKR,2014,2308.6435546875
UKR,2015,2094.47387695313
UKR,2016,2156.0830078125
UKR,2017,2217.7529296875
UKR,2018,2308.6669921875
UKR,2019,2398.07836914063
UKR,2020,2324.107421875
URY,1990,8320.3559048693005
URY,1991,8565.2692780002799
URY,1992,9193.5512207471293
URY,1993,9388.1093908016101
URY,1994,10019.347924395501
URY,1995,9822.89680356996
URY,1996,10316.202757094899
URY,1997,11138.8676127212
URY,1998,11584.9491858277
URY,1999,11357.086685980399
URY,2000,11096.330956948699
URY,2001,10643.557401927301
URY,2002,9806.7713064358995
URY,2003,9878.7568434408095
URY,2004,10366.9067382871
URY,2005,11131.398489003799
URY,2006,11574.470540230999
URY,2007,12310.482735502001
URY,2008,13165.83628166
URY,2009,13691.714206889999
URY,2010,14722.3780081191
URY,2011,15443.996192639501
URY,2012,15949.3176985435
URY,2013,16639.405475065101
URY,2014,17122.036456322501
URY,2015,17125.901680029801
URY,2016,17357.234999284101
URY,2017,17611.603680087399
URY,2018,17608.944129470001
URY,2019,17758.438427340199
URY,2020,16443.363490131
USA,1990,39200.065809176202
USA,1991,38637.839817910397
USA,1992,39447.947285060603
USA,1993,40002.476225319799
USA,1994,41106.988183348098
USA,1995,41710.820725666803
USA,1996,42783.816572409502
USA,1997,44151.686041003501
USA,1998,45596.430687922402
USA,1999,47234.245529038097
USA,2000,48616.2546282435
USA,2001,48597.4246124122
USA,2002,48967.366121757601
USA,2003,49905.523308078802
USA,2004,51348.3473386025
USA,2005,52649.571306046098
USA,2006,53596.315236412003
USA,2007,54152.829267355097
USA,2008,53703.962897926998
USA,2009,51863.618341655798
USA,2010,52812.682986927903
USA,2011,53215.536231438797
USA,2012,54000.8410778217
USA,2013,54728.860179812
USA,2014,55665.241118780199
USA,2015,56849.469792315896
USA,2016,57430.849929880402
USA,2017,58435.970753561902
USA,2018,59817.6556798612
USA,2019,61047.964823881201
USA,2020,59533.609024416
UZB,1990,1726.3054672462699
UZB,1991,1677.0070520751201
UZB,1992,1452.9887348823599
UZB,1993,1387.10439786651
UZB,1994,1287.1493518253701
UZB,1995,1250.27933587957
UZB,1996,1247.8810920149001
UZB,1997,1290.2838052945799
UZB,1998,1324.8019406093499
UZB,1999,1362.51315204654
UZB,2000,1397.0120235099801
UZB,2001,1437.5947280451001
UZB,2002,1476.4925873997299
UZB,2003,1520.35493285443
UZB,2004,1613.64273882937
UZB,2005,1704.3389320721401
UZB,2006,1807.8732862617701
UZB,2007,1951.57878907892
UZB,2008,2095.3821453440901
UZB,2009,2228.0552685668999
UZB,2010,2359.6419906764099
UZB,2011,2512.68783806993
UZB,2012,2657.0990908417202
UZB,2013,2823.0020537932801
UZB,2014,2990.5633975119199
UZB,2015,3172.8989939108301
UZB,2016,3327.9093220640102
UZB,2017,3425.7881969640798
UZB,2018,3559.8543659480301
UZB,2019,3733.5043575486102
UZB,2020,3723.82133264406
VCT,1990,3784.7994294670598
VCT,1991,3813.7939887443499
VCT,1992,4046.6863845604198
VCT,1993,4210.2428944435396
VCT,1994,4150.9767402037896
VCT,1995,4468.2639426109599
VCT,1996,4522.9305811413396
VCT,1997,4680.5558218570704
VCT,1998,4870.3208665305901
VCT,1999,4994.1143677059799
VCT,2000,5067.9673946737603
VCT,2001,5158.5661767884703
VCT,2002,5441.5264886753603
VCT,2003,5816.2078835940702
VCT,2004,6071.9494526922099
VCT,2005,6244.35953746008
VCT,2006,6707.2787598573404
VCT,2007,6960.1715150073196
VCT,2008,7019.9950843874003
VCT,2009,6955.8235834526804
VCT,2010,6678.0420069730799
VCT,2011,6674.5819896610201
VCT,2012,6790.68325958275
VCT,2013,6996.5738615133196
VCT,2014,7116.2207134720702
VCT,2015,7353.7355605418397
VCT,2016,7702.8942635646999
VCT,2017,7872.9269053707703
VCT,2018,8179.9959895708398
VCT,2019,8294.6743448666493
VCT,2020,7989.7465193359703
VEN,1990,3761.0050178106799
VEN,1991,4024.3429864495802
VEN,1992,4168.5118616252203
VEN,1993,4086.137450399
VEN,1994,3905.1230675801498
VEN,1995,3973.5592051896101
VEN,1996,3881.59743994053
VEN,1997,4044.0957074845501
VEN,1998,3982.54013627533
VEN,1999,3673.6285714109299
VEN,2000,3732.1515247560201
VEN,2001,3789.5657823740598
VEN,2002,3396.8974636202502
VEN,2003,3078.26141026099
VEN,2004,3576.8237062426701
VEN,2005,3875.8140962846401
VEN,2006,4190.5660705012597
VEN,2007,4489.5657166259398
VEN,2008,4655.6513671509902
VEN,2009,4451.3744607416402
VEN,2010,4323.7330153467701
VEN,2011,4444.5515907949402
VEN,2012,4638.4120980048701
VEN,2013,4642.5514931477801
VEN,2014,4412.9795921312998
VEN,2015,4096.6198913747303
VEN,2016,3374.4309160818498
VEN,2017,2863.3322784636498
VEN,2018,2359.3823834500499
VEN,2019,1759.0554736454801
VEN,2020,1255.8645706811899
VGB,1990,
VGB,1991,
VGB,1992,
VGB,1993,
VGB,1994,
VGB,1995,
VGB,1996,
VGB,1997,
VGB,1998,
VGB,1999,
VGB,2000,
VGB,2001,
VGB,2002,
VGB,2003,
VGB,2004,
VGB,2005,
VGB,2006,
VGB,2007,
VGB,2008,
VGB,2009,
VGB,2010,
VGB,2011,
VGB,2012,
VGB,2013,
VGB,2014,
VGB,2015,
VGB,2016,
VGB,2017,
VGB,2018,
VGB,2019,
VGB,2020,
VIR,1990,
VIR,1991,
VIR,1992,
VIR,1993,
VIR,1994,
VIR,1995,
VIR,1996,
VIR,1997,
VIR,1998,
VIR,1999,
VIR,2000,
VIR,2001,
VIR,2002,43205.7246740388
VIR,2003,43036.181513602198
VIR,2004,44466.2872190216
VIR,2005,46021.5905731819
VIR,2006,47671.567182812003
VIR,2007,49598.125907942704
VIR,2008,50174.752893847297
VIR,2009,46862.8076001874
VIR,2010,47162.737557043103
VIR,2011,43320.176769500998
VIR,2012,36938.168208635099
VIR,2013,34663.646060212901
VIR,2014,34098.710997273804
VIR,2015,34007.352941176498
VIR,2016,34614.748263324698
VIR,2017,34435.494445575598
VIR,2018,35174.101994498596
VIR,2019,36309.743844684199
VIR,2020,35850.7433148653
VNM,1990,687.86031625416103
VNM,1991,713.74721080680399
VNM,1992,759.91085395372397
VNM,1993,805.60644363045799
VNM,1994,861.12242255583601
VNM,1995,927.62551200576502
VNM,1996,998.92490724885295
VNM,1997,1064.77802859908
VNM,1998,1110.1126773248
VNM,1999,1148.04465210832
VNM,2000,1212.1965779438101
VNM,2001,1273.8052690094
VNM,2002,1340.51670460271
VNM,2003,1418.7433747150901
VNM,2004,1510.9444904959901
VNM,2005,1609.9626831365099
VNM,2006,1699.6762034339299
VNM,2007,1788.9485028956999
VNM,2008,1856.00519883979
VNM,2009,1927.1342705745401
VNM,2010,2027.58184375924
VNM,2011,2132.9045376208701
VNM,2012,2224.1140425325598
VNM,2013,2320.0843144493401
VNM,2014,2439.2865574442299
VNM,2015,2577.5688534011301
VNM,2016,2715.57887431272
VNM,2017,2868.1368001337901
VNM,2018,3048.2832760214501
VNM,2019,3241.07648966529
VNM,2020,3303.1694980749298
VUT,1990,2967.38199450714
VUT,1991,2985.57198500513
VUT,1992,2987.6724659679098
VUT,1993,2936.88740967171
VUT,1994,3128.05786349354
VUT,1995,3087.1940492219101
VUT,1996,3089.2864611853802
VUT,1997,3171.9255306288201
VUT,1998,3142.89632206241
VUT,1999,3088.79816363894
VUT,2000,3197.4559613722799
VUT,2001,3012.0160248919601
VUT,2002,2784.9972092036501
VUT,2003,2833.7791492075098
VUT,2004,2875.6503235390101
VUT,2005,2955.6686112412699
VUT,2006,3129.0854032736902
VUT,2007,3141.2002636481802
VUT,2008,3234.97623699324
VUT,2009,3249.6619379870899
VUT,2010,3214.3726213639002
VUT,2011,3244.1370302618602
VUT,2012,3205.6870596316899
VUT,2013,3149.6849727764002
VUT,2014,3175.63375342175
VUT,2015,3214.41948587141
VUT,2016,3257.49719984988
VUT,2017,3316.8103459686099
VUT,2018,3319.7563045531801
VUT,2019,3349.5593410421002
VUT,2020,3085.1655818930499
WSM,1990,2534.1220489350098
WSM,1991,2471.0714300797499
WSM,1992,2452.1868533520901
WSM,1993,2531.2819307043201
WSM,1994,2447.20260205264
WSM,1995,2589.4052405785201
WSM,1996,2751.6542668460102
WSM,1997,2746.3366084468898
WSM,1998,2785.31171323751
WSM,1999,2824.5533039279098
WSM,2000,2945.3721792319802
WSM,2001,3137.4640376581201
WSM,2002,3291.3424477267999
WSM,2003,3444.9985774328902
WSM,2004,3535.7381382491399
WSM,2005,3755.7824282246702
WSM,2006,3820.9223945313902
WSM,2007,3818.2550380433199
WSM,2008,3925.8743329936001
WSM,2009,3875.9429168616598
WSM,2010,4081.1553597800298
WSM,2011,4201.4566373890802
WSM,2012,4007.9109284681399
WSM,2013,3976.3928926813201
WSM,2014,3967.2373047067899
WSM,2015,4084.3608381993299
WSM,2016,4373.2379244039103
WSM,2017,4393.3731625596502
WSM,2018,4321.0051834496198
WSM,2019,4466.0807548203502
WSM,2020,4283.0639249273399
XKX,1990,
XKX,1991,
XKX,1992,
XKX,1993,
XKX,1994,
XKX,1995,
XKX,1996,
XKX,1997,
XKX,1998,
XKX,1999,
XKX,2000,
XKX,2001,
XKX,2002,
XKX,2003,
XKX,2004,
XKX,2005,
XKX,2006,
XKX,2007,
XKX,2008,2543.5980687089
XKX,2009,2680.8599559271202
XKX,2010,2822.6322704609101
XKX,2011,2995.6481131445698
XKX,2012,3021.3500069167699
XKX,2013,3163.4704088827002
XKX,2014,3279.0234501770701
XKX,2015,3520.6268532445101
XKX,2016,3739.1738667749701
XKX,2017,3890.1762453726101
XKX,2018,4009.11952439378
XKX,2019,4219.0649567574401
XKX,2020,3990.94425586648
YEM,1990,1722.2243941178899
YEM,1991,1761.8114609956799
YEM,1992,1835.28111559428
YEM,1993,1838.28268593285
YEM,1994,1890.75509687978
YEM,1995,1927.42298079078
YEM,1996,1949.99754744654
YEM,1997,1987.6265785116
YEM,1998,2041.67107777046
YEM,1999,2053.7978627400098
YEM,2000,2114.6726556685098
YEM,2001,2129.7726876277802
YEM,2002,2148.8886049478801
YEM,2003,2164.8608301946701
YEM,2004,2185.7899915908602
YEM,2005,2237.6376264315199
YEM,2006,2234.74266863312
YEM,2007,2235.7507590106702
YEM,2008,2244.0449165523701
YEM,2009,2257.4690208683201
YEM,2010,2356.1996042209598
YEM,2011,1994.8366333722199
YEM,2012,1981.4580004660299
YEM,2013,2014.7289059487
YEM,2014,1950.1625450588999
YEM,2015,1362.1738120601001
YEM,2016,1197.95865971172
YEM,2017,1103.4563484984201
YEM,2018,1079.3293836625501
YEM,2019,
YEM,2020,
ZAF,1990,4544.2302321216503
ZAF,1991,4396.3606945054298
ZAF,1992,4225.8143284850003
ZAF,1993,4193.5982613534497
ZAF,1994,4258.2618473340799
ZAF,1995,4337.2972968699796
ZAF,1996,4465.5064985480703
ZAF,1997,4527.0499240387699
ZAF,1998,4494.8571123235797
ZAF,1999,4552.8500797303104
ZAF,2000,4700.87555500704
ZAF,2001,4786.4824504629996
ZAF,2002,4916.8149806862502
ZAF,2003,5011.6222315016903
ZAF,2004,5187.3568342403396
ZAF,2005,5406.0758137763796
ZAF,2006,5650.9883176549001
ZAF,2007,5891.4206942169803
ZAF,2008,6009.7196313863496
ZAF,2009,5847.0581108450497
ZAF,2010,5953.9450651282104
ZAF,2011,6067.1248272688499
ZAF,2012,6121.5578386071302
ZAF,2013,6170.8767086337302
ZAF,2014,6155.0058946251602
ZAF,2015,6112.2738248597398
ZAF,2016,6095.2950604280004
ZAF,2017,6125.6920507496998
ZAF,2018,6117.2701406046999
ZAF,2019,6032.8297259866804
ZAF,2020,5569.58483319272
ZMB,1990,878.58920599847704
ZMB,1991,856.761723583768
ZMB,1992,821.85010421506399
ZMB,1993,857.03966960938897
ZMB,1994,764.63941134543302
ZMB,1995,768.03520156336799
ZMB,1996,796.01805963310096
ZMB,1997,805.53240180320995
ZMB,1998,781.663383813883
ZMB,1999,796.377985981253
ZMB,2000,804.48463418783001
ZMB,2001,822.02093530825096
ZMB,2002,833.02117754900405
ZMB,2003,863.65019065678496
ZMB,2004,895.47525853482603
ZMB,2005,929.07925585590499
ZMB,2006,968.56356501949199
ZMB,2007,1013.0856743263701
ZMB,2008,1053.58612301068
ZMB,2009,1110.7191810248601
ZMB,2010,1183.41712409199
ZMB,2011,1208.46424569634
ZMB,2012,1258.7893857899601
ZMB,2013,1280.77012176778
ZMB,2014,1299.0124176250399
ZMB,2015,1295.87788680068
ZMB,2016,1303.57513869133
ZMB,2017,1308.76829240086
ZMB,2018,1321.2504571157299
ZMB,2019,1301.18132976178
ZMB,2020,1228.73500113195
ZWE,1990,1653.5652136169399
ZWE,1991,1700.1675157304401
ZWE,1992,1503.8338876161999
ZWE,1993,1497.5939730999801
ZWE,1994,1633.9654774338001
ZWE,1995,1621.41919547814
ZWE,1996,1759.94136824269
ZWE,1997,1773.5069006680101
ZWE,1998,1789.3513530708899
ZWE,1999,1746.2266387339901
ZWE,2000,1677.34896793251
ZWE,2001,1690.14666163116
ZWE,2002,1525.0793570656399
ZWE,2003,1250.9194833123099
ZWE,2004,1165.54447081543
ZWE,2005,1088.6314842069901
ZWE,2006,1038.22375658033
ZWE,2007,987.200362596937
ZWE,2008,803.04494465499101
ZWE,2009,896.91553287784495
ZWE,2010,1056.2088456388899
ZWE,2011,1184.9342102056301
ZWE,2012,1360.1523003427501
ZWE,2013,1367.81831689463
ZWE,2014,1381.25404125871
ZWE,2015,1387.12632595026
ZWE,2016,1378.34256192374
ZWE,2017,1422.91948946927
ZWE,2018,1472.1460384484201
ZWE,2019,1357.5308781875401
ZWE,2020,1230.8193336101599
