country,year,Rule_of_Law
ABW,1990,
ABW,1991,
ABW,1992,
ABW,1993,
ABW,1994,
ABW,1995,
ABW,1996,
ABW,1997,
ABW,1998,
ABW,1999,
ABW,2000,
ABW,2001,
ABW,2002,
ABW,2003,
ABW,2004,15.5639557242393
ABW,2005,14.406452715396901
ABW,2006,13.777332127094301
ABW,2007,14.0498889684677
ABW,2008,14.402844429016101
ABW,2009,24.245514035225
ABW,2010,24.0739314556122
ABW,2011,22.481792569160401
ABW,2012,22.266401886939999
ABW,2013,21.9734801054001
ABW,2014,17.618078470230099
ABW,2015,20.9436371326446
ABW,2016,20.9329559803009
ABW,2017,22.110535383224502
ABW,2018,21.501991152763299
ABW,2019,20.961532354354802
ABW,2020,21.682867527008
AFG,1990,
AFG,1991,
AFG,1992,
AFG,1993,
AFG,1994,
AFG,1995,
AFG,1996,-30.3972826004028
AFG,1997,
AFG,1998,-29.493075013160698
AFG,1999,
AFG,2000,-30.271232724189801
AFG,2001,
AFG,2002,-28.449045062065199
AFG,2003,-26.490992903709401
AFG,2004,-28.796729445457501
AFG,2005,-28.270414113998299
AFG,2006,-31.943082213401802
AFG,2007,-31.4935207366943
AFG,2008,-32.3562284708023
AFG,2009,-31.894019246101301
AFG,2010,-31.790987014770501
AFG,2011,-32.682502269744802
AFG,2012,-28.082183361053499
AFG,2013,-27.359401583671598
AFG,2014,-24.4343585968018
AFG,2015,-25.715300202369701
AFG,2016,-25.839874863624601
AFG,2017,-26.887179851531901
AFG,2018,-28.688047289848299
AFG,2019,-29.567618370056099
AFG,2020,-31.0991595983505
AGO,1990,
AGO,1991,
AGO,1992,
AGO,1993,
AGO,1994,
AGO,1995,
AGO,1996,-27.717978477477999
AGO,1997,
AGO,1998,-25.964756608009299
AGO,1999,
AGO,2000,-27.225528955459598
AGO,2001,
AGO,2002,-27.766844868660002
AGO,2003,-25.2085505723953
AGO,2004,-25.8555778264999
AGO,2005,-24.9015148878097
AGO,2006,-22.291636586189199
AGO,2007,-23.3772697448731
AGO,2008,-23.435585975647001
AGO,2009,-21.016917467117398
AGO,2010,-21.6402056217193
AGO,2011,-21.709905028343101
AGO,2012,-22.181207418441701
AGO,2013,-21.944592595100399
AGO,2014,-18.2725734710693
AGO,2015,-17.471936821937501
AGO,2016,-17.0284060835838
AGO,2017,-17.636226892471299
AGO,2018,-16.972582399845201
AGO,2019,-17.3224992156028
AGO,2020,-16.054409325122801
ALB,1990,
ALB,1991,
ALB,1992,
ALB,1993,
ALB,1994,
ALB,1995,
ALB,1996,-11.636190593242601
ALB,1997,
ALB,1998,-15.804418981075299
ALB,1999,
ALB,2000,-17.3513504266739
ALB,2001,
ALB,2002,-12.9594640135765
ALB,2003,-12.177499413490301
ALB,2004,-11.9175497889519
ALB,2005,-12.985163807869
ALB,2006,-11.9533094167709
ALB,2007,-11.2462818622589
ALB,2008,-10.20134806633
ALB,2009,-8.4042927622795105
ALB,2010,-6.5579282641410801
ALB,2011,-7.5297499299049298
ALB,2012,-8.8372759819030708
ALB,2013,-8.8178621530532908
ALB,2014,-5.2881921231746603
ALB,2015,-5.36737841367722
ALB,2016,-5.4200331568718001
ALB,2017,-6.97391548752785
ALB,2018,-6.9894371032714897
ALB,2019,-7.1704033315181697
ALB,2020,-6.3274375498294901
AND,1990,
AND,1991,
AND,1992,
AND,1993,
AND,1994,
AND,1995,
AND,1996,19.6921626329422
AND,1997,
AND,1998,20.013317346572901
AND,1999,
AND,2000,21.864813089370799
AND,2001,
AND,2002,20.805290102958701
AND,2003,17.9517161846161
AND,2004,20.3035163879394
AND,2005,16.4253026247025
AND,2006,14.5466591119766
AND,2007,19.860166311264098
AND,2008,20.1685901880264
AND,2009,20.702347040176502
AND,2010,20.364718437194899
AND,2011,23.7876538038254
AND,2012,23.8201922178269
AND,2013,23.8262181282043
AND,2014,27.853491187095699
AND,2015,25.8933777809143
AND,2016,25.8905380964279
AND,2017,26.278933048248302
AND,2018,26.308372735977201
AND,2019,25.861759066581801
AND,2020,27.6850444078446
ARE,1990,
ARE,1991,
ARE,1992,
ARE,1993,
ARE,1994,
ARE,1995,
ARE,1996,11.7030376195908
ARE,1997,
ARE,1998,12.1735800504684
ARE,1999,
ARE,2000,11.147799253463701
ARE,2001,
ARE,2002,11.945956051349601
ARE,2003,9.2617071270942706
ARE,2004,7.3654594123363397
ARE,2005,6.6227882504463196
ARE,2006,5.2961107194423596
ARE,2007,4.6710234880447299
ARE,2008,7.0927399396896398
ARE,2009,6.78773841261863
ARE,2010,5.3960402905941001
ARE,2011,8.4753008186817098
ARE,2012,9.0841137766838091
ARE,2013,10.4297491312027
ARE,2014,11.0696794390678
ARE,2015,10.508868336677599
ARE,2016,13.994740486145
ARE,2017,13.1328606009483
ARE,2018,13.239282310008999
ARE,2019,13.817531883716599
ARE,2020,14.987369418144199
ARG,1990,
ARG,1991,
ARG,1992,
ARG,1993,
ARG,1994,
ARG,1995,
ARG,1996,1.2843949198722799
ARG,1997,
ARG,1998,-0.66098681837320294
ARG,1999,
ARG,2000,-3.6448763906955799
ARG,2001,
ARG,2002,-12.9386674761772
ARG,2003,-13.210968971252401
ARG,2004,-13.0454630255699
ARG,2005,-9.4858484864234907
ARG,2006,-9.8092658519744802
ARG,2007,-10.225028395652799
ARG,2008,-11.895438015461
ARG,2009,-11.805957376956901
ARG,2010,-10.1676018238068
ARG,2011,-9.5730958580970693
ARG,2012,-10.591582059860199
ARG,2013,-11.1566322445869
ARG,2014,-14.730736494064301
ARG,2015,-12.675538539886499
ARG,2016,-5.3975853621959704
ARG,2017,-3.9879330843687102
ARG,2018,-3.6744243353605301
ARG,2019,-7.2068729698657998
ARG,2020,-8.2343412637710607
ARM,1990,
ARM,1991,
ARM,1992,
ARM,1993,
ARM,1994,
ARM,1995,
ARM,1996,-7.9746746420860299
ARM,1997,
ARM,1998,-6.4745652973651904
ARM,1999,
ARM,2000,-8.5172764062881399
ARM,2001,
ARM,2002,-7.4550332725048101
ARM,2003,-5.1486988961696696
ARM,2004,-8.1931603848934103
ARM,2005,-6.6092047393322
ARM,2006,-9.2576448917388898
ARM,2007,-8.4408067762851804
ARM,2008,-5.7417730987071902
ARM,2009,-7.9680817425250998
ARM,2010,-8.1830914318561501
ARM,2011,-7.4410089850425702
ARM,2012,-7.1107935309410104
ARM,2013,-5.7959349453449196
ARM,2014,-7.10204982757568
ARM,2015,-7.8183803856372904
ARM,2016,-2.6819172650575598
ARM,2017,-3.50955915451051
ARM,2018,-3.2966275066137301
ARM,2019,-2.95649605989456
ARM,2020,-2.0743470788002001
ASM,1990,
ASM,1991,
ASM,1992,
ASM,1993,
ASM,1994,
ASM,1995,
ASM,1996,
ASM,1997,
ASM,1998,
ASM,1999,
ASM,2000,
ASM,2001,
ASM,2002,
ASM,2003,
ASM,2004,14.2731396555901
ASM,2005,18.860062003135699
ASM,2006,18.176765441894499
ASM,2007,18.545637488365099
ASM,2008,19.005651950836299
ASM,2009,19.125930190086301
ASM,2010,18.890539407730099
ASM,2011,18.5461907386779
ASM,2012,18.6382430791855
ASM,2013,18.7233839035034
ASM,2014,23.9219906330108
ASM,2015,22.015627145767201
ASM,2016,21.907455682754499
ASM,2017,22.186269402503999
ASM,2018,22.2203093767166
ASM,2019,21.7407870292664
ASM,2020,19.2206645011902
ATG,1990,
ATG,1991,
ATG,1992,
ATG,1993,
ATG,1994,
ATG,1995,
ATG,1996,17.864363431930499
ATG,1997,
ATG,1998,17.910573005676302
ATG,1999,
ATG,2000,17.593359947204601
ATG,2001,
ATG,2002,17.587387681007399
ATG,2003,17.6451445817947
ATG,2004,15.443373501300799
ATG,2005,11.207152068615001
ATG,2006,15.6606012582779
ATG,2007,15.1895542144775
ATG,2008,15.944969892501801
ATG,2009,16.535346746444699
ATG,2010,16.1987881660461
ATG,2011,16.015610635280598
ATG,2012,16.077223062515301
ATG,2013,14.140276849269901
ATG,2014,-2.9897911250591198
ATG,2015,9.5022997856140208
ATG,2016,8.1333819329738706
ATG,2017,7.01528775691986
ATG,2018,6.4998734295368203
ATG,2019,6.29217600822449
ATG,2020,7.0487411022186297
AUS,1990,
AUS,1991,
AUS,1992,
AUS,1993,
AUS,1994,
AUS,1995,
AUS,1996,29.127783894538801
AUS,1997,
AUS,1998,29.865647554397501
AUS,1999,
AUS,2000,29.2751369476318
AUS,2001,
AUS,2002,30.0397917032241
AUS,2003,31.327126145362801
AUS,2004,30.5216706991196
AUS,2005,29.117640972137401
AUS,2006,29.8645552396775
AUS,2007,29.646086215972801
AUS,2008,29.904419660568198
AUS,2009,29.461148619651802
AUS,2010,29.881211519241301
AUS,2011,29.463612914085299
AUS,2012,29.916252732277002
AUS,2013,30.091732025146499
AUS,2014,32.617612361908002
AUS,2015,30.521728515625
AUS,2016,29.272814869880602
AUS,2017,28.0603827238082
AUS,2018,28.562710762023901
AUS,2019,28.901954531669599
AUS,2020,27.532616853714
AUT,1990,
AUT,1991,
AUT,1992,
AUT,1993,
AUT,1994,
AUT,1995,
AUT,1996,30.738601565361002
AUT,1997,
AUT,1998,30.655895709991398
AUT,1999,
AUT,2000,30.809654712676998
AUT,2001,
AUT,2002,31.584515213966402
AUT,2003,31.414596438408001
AUT,2004,30.883293747902002
AUT,2005,31.403241634368801
AUT,2006,32.296070098876903
AUT,2007,33.011035680770902
AUT,2008,32.481881141662697
AUT,2009,30.216525793075601
AUT,2010,30.620445132255501
AUT,2011,30.582372188568101
AUT,2012,31.571103453636098
AUT,2013,31.179016709327701
AUT,2014,32.954057097434998
AUT,2015,30.935461997985801
AUT,2016,30.0326231718063
AUT,2017,30.6882339715958
AUT,2018,31.6075036525726
AUT,2019,31.757867336273101
AUT,2020,30.1884412765503
AZE,1990,
AZE,1991,
AZE,1992,
AZE,1993,
AZE,1994,
AZE,1995,
AZE,1996,-20.419745564460801
AZE,1997,
AZE,1998,-19.0673809051513
AZE,1999,
AZE,2000,-19.475815415382399
AZE,2001,
AZE,2002,-16.391352713108098
AZE,2003,-15.038960695266701
AZE,2004,-15.308814108371701
AZE,2005,-13.474411368370101
AZE,2006,-15.0607968568802
AZE,2007,-14.9603464603424
AZE,2008,-14.2147281765938
AZE,2009,-14.945992350578299
AZE,2010,-15.149465858936299
AZE,2011,-15.958350241184201
AZE,2012,-14.952055811882
AZE,2013,-12.8548695445061
AZE,2014,-11.8485741019249
AZE,2015,-12.1348757147789
AZE,2016,-9.1183155179023796
AZE,2017,-9.8924762010574394
AZE,2018,-10.4860822558403
AZE,2019,-10.3176920413971
AZE,2020,-12.371641337871599
BDI,1990,
BDI,1991,
BDI,1992,
BDI,1993,
BDI,1994,
BDI,1995,
BDI,1996,-24.074044942855899
BDI,1997,
BDI,1998,-23.439355373382501
BDI,1999,
BDI,2000,-26.6647905111314
BDI,2001,
BDI,2002,-23.7660344839096
BDI,2003,-25.228512167930599
BDI,2004,-25.159159302711402
BDI,2005,-19.1839343309403
BDI,2006,-16.715050756931301
BDI,2007,-18.337337732315099
BDI,2008,-17.647700071334899
BDI,2009,-19.7189010381698
BDI,2010,-20.4918180704116
BDI,2011,-19.614673137664902
BDI,2012,-18.4268062114716
BDI,2013,-18.300815582275401
BDI,2014,-16.498236060142499
BDI,2015,-20.1068741083145
BDI,2016,-25.2143055200577
BDI,2017,-23.993044376373302
BDI,2018,-25.703015923500001
BDI,2019,-24.668501019477901
BDI,2020,-22.719237685203499
BEL,1990,
BEL,1991,
BEL,1992,
BEL,1993,
BEL,1994,
BEL,1995,
BEL,1996,23.238093852996901
BEL,1997,
BEL,1998,20.709494709968499
BEL,1999,
BEL,2000,22.336879491806101
BEL,2001,
BEL,2002,22.8639061450958
BEL,2003,22.6286410093307
BEL,2004,22.290907025337301
BEL,2005,21.3798942565919
BEL,2006,20.818193197250402
BEL,2007,22.3615832328796
BEL,2008,22.698498487472602
BEL,2009,23.4115185737611
BEL,2010,24.103492856025699
BEL,2011,24.392431378364599
BEL,2012,24.629763603210399
BEL,2013,24.765260219573999
BEL,2014,26.3259180784226
BEL,2015,24.838503956794799
BEL,2016,23.780755758285501
BEL,2017,22.5287488698959
BEL,2018,22.845514655113199
BEL,2019,22.806794285774199
BEL,2020,22.670092701912001
BEN,1990,
BEN,1991,
BEN,1992,
BEN,1993,
BEN,1994,
BEN,1995,
BEN,1996,0.88936362043023098
BEN,1997,
BEN,1998,0.85936074703931797
BEN,1999,
BEN,2000,-3.0859033316373798
BEN,2001,
BEN,2002,-4.4298357367515599
BEN,2003,-7.2370024919509799
BEN,2004,-8.1022267043590492
BEN,2005,-9.0783360600471497
BEN,2006,-9.0366862416267395
BEN,2007,-8.7234675288200396
BEN,2008,-9.0219521522522008
BEN,2009,-11.1233417391777
BEN,2010,-11.452660441398599
BEN,2011,-11.2020664215088
BEN,2012,-9.7739166021346993
BEN,2013,-9.6555854678153992
BEN,2014,-8.2508111894130707
BEN,2015,-9.3891689777374303
BEN,2016,-10.6064210534096
BEN,2017,-10.915984630584701
BEN,2018,-11.716088056564301
BEN,2019,-11.428825438022599
BEN,2020,-12.904870390892
BFA,1990,
BFA,1991,
BFA,1992,
BFA,1993,
BFA,1994,
BFA,1995,
BFA,1996,-15.8647678494453
BFA,1997,
BFA,1998,-15.5186074376106
BFA,1999,
BFA,2000,-12.4505294561386
BFA,2001,
BFA,2002,-13.597425460815399
BFA,2003,-10.6110187768936
BFA,2004,-9.1076380610466003
BFA,2005,-8.5088590979576093
BFA,2006,-7.3749989271163896
BFA,2007,-6.7290411889553097
BFA,2008,-5.8595860302448299
BFA,2009,-3.4709318578243198
BFA,2010,-3.3133859783411101
BFA,2011,-5.9567812681198102
BFA,2012,-7.2395367026329103
BFA,2013,-8.9532490968704206
BFA,2014,-9.2768644094467199
BFA,2015,-9.1483451128005999
BFA,2016,-7.6888151168823304
BFA,2017,-6.9933992922306096
BFA,2018,-7.7512440085411098
BFA,2019,-7.8381099402904502
BFA,2020,-7.8819808959960902
BGD,1990,
BGD,1991,
BGD,1992,
BGD,1993,
BGD,1994,
BGD,1995,
BGD,1996,-15.878403544426
BGD,1997,
BGD,1998,-15.9096966385841
BGD,1999,
BGD,2000,-16.849209904670701
BGD,2001,
BGD,2002,-16.8572208881378
BGD,2003,-19.5830466747285
BGD,2004,-19.0821950435639
BGD,2005,-16.635381698608398
BGD,2006,-15.4285887479782
BGD,2007,-14.0616511106491
BGD,2008,-12.7903507947922
BGD,2009,-13.337714970111801
BGD,2010,-13.6172259449959
BGD,2011,-12.466704428196
BGD,2012,-15.914845108985901
BGD,2013,-14.818656921386699
BGD,2014,-13.3015884757042
BGD,2015,-13.059819698333699
BGD,2016,-11.3545011281967
BGD,2017,-11.526166737079601
BGD,2018,-10.992229580879201
BGD,2019,-10.9108475446701
BGD,2020,-9.6158167123794591
BGR,1990,
BGR,1991,
BGR,1992,
BGR,1993,
BGR,1994,
BGR,1995,
BGR,1996,-5.8642861247062701
BGR,1997,
BGR,1998,-3.77594630420207
BGR,1999,
BGR,2000,-2.1042103022337
BGR,2001,
BGR,2002,-0.95284985378384601
BGR,2003,-2.9238600134849499
BGR,2004,-2.0088520124554701
BGR,2005,-1.8454795256256999
BGR,2006,-1.85038493573666
BGR,2007,-0.98063522949814796
BGR,2008,-2.05849634855986
BGR,2009,-0.68531000986695301
BGR,2010,-1.65004309266806
BGR,2011,-2.4065907299518501
BGR,2012,-1.95587310194969
BGR,2013,-2.5030700266361299
BGR,2014,-1.3933904618024799
BGR,2015,-2.64646953344345
BGR,2016,-2.3317294418811798
BGR,2017,-2.0673604160547199
BGR,2018,-1.7365912646055199
BGR,2019,-0.56251675914972998
BGR,2020,-2.1006848588585898
BHR,1990,
BHR,1991,
BHR,1992,
BHR,1993,
BHR,1994,
BHR,1995,
BHR,1996,-0.171976523473859
BHR,1997,
BHR,1998,5.9898901581764301
BHR,1999,
BHR,2000,4.76475381851197
BHR,2001,
BHR,2002,9.2735442519187998
BHR,2003,10.0930488109589
BHR,2004,11.842500269413
BHR,2005,10.149950504303
BHR,2006,6.3061826527118701
BHR,2007,8.8632878661155701
BHR,2008,8.9320013523101807
BHR,2009,8.6953753829002398
BHR,2010,7.3055837452411696
BHR,2011,5.8896905481815303
BHR,2012,4.3120526969432902
BHR,2013,5.5483044385909999
BHR,2014,7.0258235335350001
BHR,2015,6.8685274124145499
BHR,2016,7.3808581531047803
BHR,2017,7.1997087597847003
BHR,2018,6.5977509319782301
BHR,2019,7.9654946625232697
BHR,2020,7.82448682188988
BHS,1990,
BHS,1991,
BHS,1992,
BHS,1993,
BHS,1994,
BHS,1995,
BHS,1996,19.488140940666099
BHS,1997,
BHS,1998,21.395539283752498
BHS,1999,
BHS,2000,21.943980574607899
BHS,2001,
BHS,2002,23.816678166389501
BHS,2003,24.1183758974075
BHS,2004,23.496611714362999
BHS,2005,23.2375324964523
BHS,2006,18.287127733230601
BHS,2007,21.272910237312299
BHS,2008,20.156323432922399
BHS,2009,13.439683258533501
BHS,2010,12.178637325763701
BHS,2011,10.3812891840935
BHS,2012,10.4454723000526
BHS,2013,10.7485256195068
BHS,2014,11.2907862067223
BHS,2015,9.74583244323731
BHS,2016,4.0369790792465201
BHS,2017,2.8356326669454601
BHS,2018,1.2463404685258901
BHS,2019,0.85797311738133397
BHS,2020,0.47848906368017202
BIH,1990,
BIH,1991,
BIH,1992,
BIH,1993,
BIH,1994,
BIH,1995,
BIH,1996,-4.10867291688918
BIH,1997,
BIH,1998,-11.422032058238999
BIH,1999,
BIH,2000,-10.2383965849876
BIH,2001,
BIH,2002,-11.1520965695381
BIH,2003,-10.486374318599699
BIH,2004,-8.3414618670940399
BIH,2005,-8.8363650441169703
BIH,2006,-8.4403913319110906
BIH,2007,-7.98840913176537
BIH,2008,-6.92631140351296
BIH,2009,-6.12233838438988
BIH,2010,-6.04603087902069
BIH,2011,-5.6402314007282301
BIH,2012,-3.3520309180021299
BIH,2013,-2.3689495921135002
BIH,2014,-2.24785064160824
BIH,2015,-4.4340987056493804
BIH,2016,-3.2150929719209702
BIH,2017,-3.3611858934163998
BIH,2018,-3.7707759141922002
BIH,2019,-3.7612095028161998
BIH,2020,-5.2905335426330504
BLR,1990,
BLR,1991,
BLR,1992,
BLR,1993,
BLR,1994,
BLR,1995,
BLR,1996,-13.582727849483501
BLR,1997,
BLR,1998,-15.1568019986153
BLR,1999,
BLR,2000,-18.709920406341599
BLR,2001,
BLR,2002,-21.2552812099457
BLR,2003,-18.2396110296249
BLR,2004,-20.205149292945901
BLR,2005,-19.6483281850815
BLR,2006,-22.162230730056802
BLR,2007,-19.8198499679566
BLR,2008,-18.1711316108704
BLR,2009,-17.4493182897568
BLR,2010,-18.231490612030001
BLR,2011,-18.919249653816301
BLR,2012,-15.6916552186012
BLR,2013,-14.9953805804253
BLR,2014,-13.856827318668399
BLR,2015,-14.891839563846601
BLR,2016,-12.9813207983971
BLR,2017,-14.923069834709199
BLR,2018,-15.127178132534
BLR,2019,-14.530715584754899
BLR,2020,-18.3331283330918
BLZ,1990,
BLZ,1991,
BLZ,1992,
BLZ,1993,
BLZ,1994,
BLZ,1995,
BLZ,1996,1.4395863190293301
BLZ,1997,
BLZ,1998,-1.8047213926911401
BLZ,1999,
BLZ,2000,1.6715560182928999
BLZ,2001,
BLZ,2002,-0.77368617430329301
BLZ,2003,3.2396382689476102
BLZ,2004,-0.89966385439038299
BLZ,2005,-0.82600803673267398
BLZ,2006,0.405733076855541
BLZ,2007,-0.76170592382550195
BLZ,2008,-2.2625584453344398
BLZ,2009,-5.4934564232826197
BLZ,2010,-4.7799585759639802
BLZ,2011,-7.9879825413227099
BLZ,2012,-7.4097361564636204
BLZ,2013,-7.6744603216648102
BLZ,2014,-13.845831990242001
BLZ,2015,-13.442159831523901
BLZ,2016,-16.4594089388847
BLZ,2017,-16.525420010089899
BLZ,2018,-14.2719564437866
BLZ,2019,-14.488975703716299
BLZ,2020,-13.9708732962608
BMU,1990,
BMU,1991,
BMU,1992,
BMU,1993,
BMU,1994,
BMU,1995,
BMU,1996,20.573421478271399
BMU,1997,
BMU,1998,20.553370714187601
BMU,1999,
BMU,2000,20.926954507827801
BMU,2001,
BMU,2002,20.555302023887599
BMU,2003,20.88356590271
BMU,2004,18.575863599777101
BMU,2005,14.406452715396901
BMU,2006,13.777332127094301
BMU,2007,14.0498889684677
BMU,2008,14.402844429016101
BMU,2009,14.5677586197853
BMU,2010,18.890539407730099
BMU,2011,18.5461907386779
BMU,2012,18.6382430791855
BMU,2013,18.7233839035034
BMU,2014,0.33299772068858102
BMU,2015,14.2601268291473
BMU,2016,13.941293239593501
BMU,2017,14.000941991806
BMU,2018,14.0441823005676
BMU,2019,13.498837530612899
BMU,2020,10.7562844157219
BOL,1990,
BOL,1991,
BOL,1992,
BOL,1993,
BOL,1994,
BOL,1995,
BOL,1996,-4.44598132371903
BOL,1997,
BOL,1998,-3.8634295165538801
BOL,1999,
BOL,2000,-6.25977751612663
BOL,2001,
BOL,2002,-6.4279134273529097
BOL,2003,-7.98097419738769
BOL,2004,-10.654657661914801
BOL,2005,-13.0122224092484
BOL,2006,-14.513398230075801
BOL,2007,-14.1495479941368
BOL,2008,-16.6353381276131
BOL,2009,-18.936621308326799
BOL,2010,-17.5064327716827
BOL,2011,-16.728608429431901
BOL,2012,-17.318988323211599
BOL,2013,-17.8647686243057
BOL,2014,-17.990102291107199
BOL,2015,-19.723850846290599
BOL,2016,-21.024477005004901
BOL,2017,-21.129384160041798
BOL,2018,-20.5653641223908
BOL,2019,-20.173601269721999
BOL,2020,-20.686381220817601
BRA,1990,
BRA,1991,
BRA,1992,
BRA,1993,
BRA,1994,
BRA,1995,
BRA,1996,-3.7995374649763098
BRA,1997,
BRA,1998,-3.4508653879165698
BRA,1999,
BRA,2000,-4.1628215312957701
BRA,2001,
BRA,2002,-4.5323922336101496
BRA,2003,-6.2541923224925897
BRA,2004,-6.8156420886516598
BRA,2005,-8.08403480052948
BRA,2006,-6.8445433378219596
BRA,2007,-6.9662503004074097
BRA,2008,-4.8967612683773103
BRA,2009,-1.7655297890305399
BRA,2010,0.95904542133212101
BRA,2011,0.76740929111838296
BRA,2012,-1.3078575208783101
BRA,2013,-1.5627867430448501
BRA,2014,-0.89795047789811999
BRA,2015,-3.12172250449657
BRA,2016,-3.3697930425405498
BRA,2017,-5.1394347548484802
BRA,2018,-5.0848653316497803
BRA,2019,-3.7497586309909798
BRA,2020,-3.8749005943536798
BRB,1990,
BRB,1991,
BRB,1992,
BRB,1993,
BRB,1994,
BRB,1995,
BRB,1996,17.7951402664184
BRB,1997,
BRB,1998,20.960840582847698
BRB,1999,
BRB,2000,23.735836744308401
BRB,2001,
BRB,2002,25.3969616889954
BRB,2003,25.825605034828101
BRB,2004,24.210170865058899
BRB,2005,22.690765142440799
BRB,2006,20.828946113586401
BRB,2007,22.3318191766739
BRB,2008,22.076233744621199
BRB,2009,17.1339271068572
BRB,2010,18.267153978347899
BRB,2011,18.259297013282801
BRB,2012,17.437195420265201
BRB,2013,17.6715539693833
BRB,2014,18.363498687744201
BRB,2015,18.157997846603401
BRB,2016,13.0568070411682
BRB,2017,10.7228632569313
BRB,2018,6.2585962414741498
BRB,2019,5.5895851254463196
BRB,2020,5.1313484907150304
BRN,1990,
BRN,1991,
BRN,1992,
BRN,1993,
BRN,1994,
BRN,1995,
BRN,1996,13.872593522071799
BRN,1997,
BRN,1998,9.0411031246185303
BRN,1999,
BRN,2000,8.8050729632377607
BRN,2001,
BRN,2002,8.1676313281059301
BRN,2003,9.6002669334411603
BRN,2004,6.3046409487724304
BRN,2005,3.9691644161939501
BRN,2006,1.9567821398377401
BRN,2007,6.8281439244747197
BRN,2008,7.7846331596374503
BRN,2009,13.3032361268997
BRN,2010,13.141696155071299
BRN,2011,14.328752458095501
BRN,2012,13.387323081493401
BRN,2013,10.019393801689199
BRN,2014,8.0295160710811597
BRN,2015,6.5644738078117397
BRN,2016,9.1630486249923706
BRN,2017,10.591031074523899
BRN,2018,10.2556552290916
BRN,2019,10.0528082847595
BRN,2020,15.342494308948501
BTN,1990,
BTN,1991,
BTN,1992,
BTN,1993,
BTN,1994,
BTN,1995,
BTN,1996,-0.53556162863969803
BTN,1997,
BTN,1998,0.65124236792325996
BTN,1999,
BTN,2000,2.2172446101903902
BTN,2001,
BTN,2002,1.1798293441534
BTN,2003,2.3141366243362498
BTN,2004,3.80105409026145
BTN,2005,5.6577150225639397
BTN,2006,3.6118113249540298
BTN,2007,6.2531572580337498
BTN,2008,7.16886910796166
BTN,2009,3.7246647626161602
BTN,2010,2.7516074031591402
BTN,2011,3.4963142424821898
BTN,2012,4.4362133145332301
BTN,2013,5.3967875242233303
BTN,2014,7.09811756014824
BTN,2015,9.1977942585945094
BTN,2016,8.7426655292511004
BTN,2017,10.765047132968901
BTN,2018,9.3958768844604492
BTN,2019,10.002703607082401
BTN,2020,9.9224448204040492
BWA,1990,
BWA,1991,
BWA,1992,
BWA,1993,
BWA,1994,
BWA,1995,
BWA,1996,9.9368579387664795
BWA,1997,
BWA,1998,10.7364485263824
BWA,1999,
BWA,2000,9.8104240298271197
BWA,2001,
BWA,2002,9.5033397078514099
BWA,2003,11.400067210197401
BWA,2004,9.5625111460685801
BWA,2005,9.1988483667373604
BWA,2006,8.7322911620140093
BWA,2007,9.2625572681427002
BWA,2008,10.3778359293938
BWA,2009,9.9625942111015302
BWA,2010,10.1478185653687
BWA,2011,10.2238063812256
BWA,2012,10.106868922710399
BWA,2013,8.4058295786380803
BWA,2014,9.1704140305519104
BWA,2015,8.2874294519424403
BWA,2016,6.5243582427501696
BWA,2017,6.1936522722244298
BWA,2018,6.5967395901679904
BWA,2019,7.4506464600563103
BWA,2020,6.5707384943962097
CAF,1990,
CAF,1991,
CAF,1992,
CAF,1993,
CAF,1994,
CAF,1995,
CAF,1996,-19.590482115745601
CAF,1997,
CAF,1998,-19.831304073333801
CAF,1999,
CAF,2000,-23.391263127327001
CAF,2001,
CAF,2002,-16.239772260189099
CAF,2003,-24.361647963523801
CAF,2004,-26.554209351539701
CAF,2005,-24.672609090805
CAF,2006,-26.263363838195801
CAF,2007,-26.756611824035598
CAF,2008,-24.341797828674299
CAF,2009,-22.505758643150301
CAF,2010,-22.3039823770523
CAF,2011,-22.1925723552703
CAF,2012,-24.459664463996901
CAF,2013,-30.7555042505264
CAF,2014,-29.0071443319321
CAF,2015,-29.0410315990448
CAF,2016,-31.435860633850101
CAF,2017,-29.894927620887799
CAF,2018,-29.156596422195399
CAF,2019,-29.951316237449699
CAF,2020,-29.722233414649999
CAN,1990,
CAN,1991,
CAN,1992,
CAN,1993,
CAN,1994,
CAN,1995,
CAN,1996,28.0033299922944
CAN,1997,
CAN,1998,29.154921531677299
CAN,1999,
CAN,2000,28.313263654708901
CAN,2001,
CAN,2002,28.243732452392599
CAN,2003,28.8499610424042
CAN,2004,28.681503415107699
CAN,2005,28.052502393722602
CAN,2006,30.618416547775301
CAN,2007,30.550703167915302
CAN,2008,30.538681626319899
CAN,2009,30.544353961944601
CAN,2010,30.5760371685029
CAN,2011,29.361038684844999
CAN,2012,29.859160542487999
CAN,2013,29.707546472549399
CAN,2014,32.067927837371798
CAN,2015,30.8074680566788
CAN,2016,30.7097665071488
CAN,2017,30.065805315971399
CAN,2018,29.253015875816399
CAN,2019,29.3320631980896
CAN,2020,27.601740002632098
CHE,1990,
CHE,1991,
CHE,1992,
CHE,1993,
CHE,1994,
CHE,1995,
CHE,1996,32.836382865905698
CHE,1997,
CHE,1998,32.768322944641099
CHE,1999,
CHE,2000,33.078949689865198
CHE,2001,
CHE,2002,32.609627246856697
CHE,2003,32.289763450622502
CHE,2004,32.065322160720797
CHE,2005,32.328379511833198
CHE,2006,30.664117455482501
CHE,2007,31.075077056884801
CHE,2008,30.680034041404699
CHE,2009,29.633395910263101
CHE,2010,29.7465143203735
CHE,2011,29.276413679122999
CHE,2012,30.800634503364599
CHE,2013,30.533185601234401
CHE,2014,33.835298538208001
CHE,2015,32.546355247497502
CHE,2016,32.503034591674798
CHE,2017,32.202992439270098
CHE,2018,32.192256212234497
CHE,2019,31.774991512298602
CHE,2020,30.3383450508118
CHI,1990,
CHI,1991,
CHI,1992,
CHI,1993,
CHI,1994,
CHI,1995,
CHI,1996,
CHI,1997,
CHI,1998,
CHI,1999,
CHI,2000,
CHI,2001,
CHI,2002,
CHI,2003,
CHI,2004,
CHI,2005,
CHI,2006,
CHI,2007,
CHI,2008,
CHI,2009,
CHI,2010,
CHI,2011,
CHI,2012,
CHI,2013,
CHI,2014,
CHI,2015,
CHI,2016,
CHI,2017,
CHI,2018,
CHI,2019,
CHI,2020,
CHL,1990,
CHL,1991,
CHL,1992,
CHL,1993,
CHL,1994,
CHL,1995,
CHL,1996,18.933549046516401
CHL,1997,
CHL,1998,18.659230113029601
CHL,1999,
CHL,2000,21.435697555541999
CHL,2001,
CHL,2002,21.3730809688569
CHL,2003,20.012583732604899
CHL,2004,19.8168445825577
CHL,2005,20.5735876560212
CHL,2006,20.081950783729599
CHL,2007,20.318188667297399
CHL,2008,20.576074242591901
CHL,2009,20.299538254737801
CHL,2010,20.832067012786801
CHL,2011,21.476755619049101
CHL,2012,21.890165328979499
CHL,2013,21.338478684425301
CHL,2014,22.930619955062799
CHL,2015,20.815810561180101
CHL,2016,16.397870004177101
CHL,2017,16.748954534530601
CHL,2018,16.059322893619498
CHL,2019,15.776372373104101
CHL,2020,15.830597877502401
CHN,1990,
CHN,1991,
CHN,1992,
CHN,1993,
CHN,1994,
CHN,1995,
CHN,1996,-9.2750297188758797
CHN,1997,
CHN,1998,-8.1056911051273293
CHN,1999,
CHN,2000,-8.7739916443824697
CHN,2001,
CHN,2002,-8.7895059585571307
CHN,2003,-9.4017453193664604
CHN,2004,-9.9529680609703099
CHN,2005,-11.0529391169548
CHN,2006,-11.898188054561601
CHN,2007,-10.1557616591454
CHN,2008,-8.1459694504737694
CHN,2009,-7.8746341168880498
CHN,2010,-8.03423163294792
CHN,2011,-7.7147696018219003
CHN,2012,-9.2715359330177307
CHN,2013,-8.9411270618438703
CHN,2014,-6.7340385913848797
CHN,2015,-6.8965615928173101
CHN,2016,-5.4695785641670298
CHN,2017,-4.2928715646266902
CHN,2018,-3.1135430186986901
CHN,2019,-4.4003120511770204
CHN,2020,-1.6692218407988599
CIV,1990,
CIV,1991,
CIV,1992,
CIV,1993,
CIV,1994,
CIV,1995,
CIV,1996,-13.352397382259401
CIV,1997,
CIV,1998,-15.6895415186882
CIV,1999,
CIV,2000,-21.2103868722916
CIV,2001,
CIV,2002,-22.596862554550199
CIV,2003,-23.0948486328125
CIV,2004,-24.217030763626099
CIV,2005,-26.1692504882813
CIV,2006,-24.869367599487301
CIV,2007,-25.0192072391511
CIV,2008,-24.449085831642101
CIV,2009,-21.301746129989599
CIV,2010,-21.0120435953141
CIV,2011,-21.805588960647501
CIV,2012,-18.6009361743928
CIV,2013,-15.547664940357199
CIV,2014,-10.0819909572601
CIV,2015,-11.0271171927452
CIV,2016,-11.222742497921001
CIV,2017,-11.0109742283821
CIV,2018,-10.1975055336952
CIV,2019,-10.315181851387001
CIV,2020,-11.061800301074999
CMR,1990,
CMR,1991,
CMR,1992,
CMR,1993,
CMR,1994,
CMR,1995,
CMR,1996,-24.512213110923799
CMR,1997,
CMR,1998,-19.356830120086599
CMR,1999,
CMR,2000,-20.2767030000687
CMR,2001,
CMR,2002,-21.511385440826398
CMR,2003,-19.776092529296999
CMR,2004,-19.944783210754402
CMR,2005,-20.237485051155101
CMR,2006,-19.770738363265998
CMR,2007,-20.1588809490203
CMR,2008,-18.799222707748299
CMR,2009,-19.226222515106201
CMR,2010,-18.3471503257751
CMR,2011,-18.375274896621701
CMR,2012,-17.7298161983489
CMR,2013,-17.9885830879211
CMR,2014,-15.260892808437299
CMR,2015,-16.923131704330402
CMR,2016,-17.964556694030801
CMR,2017,-17.844038009643601
CMR,2018,-18.7090436220169
CMR,2019,-19.3724267482757
CMR,2020,-19.809468269348098
COD,1990,
COD,1991,
COD,1992,
COD,1993,
COD,1994,
COD,1995,
COD,1996,-31.901578307151802
COD,1997,
COD,1998,-32.612782597541802
COD,1999,
COD,2000,-30.94959461689
COD,2001,
COD,2002,-30.051245808601301
COD,2003,-31.454296708107101
COD,2004,-29.213397860527099
COD,2005,-26.256984233856201
COD,2006,-27.568844079971399
COD,2007,-27.4505275487899
COD,2008,-26.752499938011098
COD,2009,-27.948673725128099
COD,2010,-27.6615489721298
COD,2011,-27.634131669998201
COD,2012,-28.2695426940919
COD,2013,-26.943971991539001
COD,2014,-24.868836402892999
COD,2015,-27.175576448440498
COD,2016,-27.989879965782201
COD,2017,-29.099840760231
COD,2018,-30.6323341131211
COD,2019,-30.798533320427001
COD,2020,-30.9289088249207
COG,1990,
COG,1991,
COG,1992,
COG,1993,
COG,1994,
COG,1995,
COG,1996,-17.7447701692581
COG,1997,
COG,1998,-27.5197466611862
COG,1999,
COG,2000,-22.924471855163599
COG,2001,
COG,2002,-21.946750879287698
COG,2003,-21.5555015802383
COG,2004,-20.234252691268999
COG,2005,-25.010460615157999
COG,2006,-21.527877569198498
COG,2007,-20.794818878173899
COG,2008,-20.288523912429898
COG,2009,-20.7423735857009
COG,2010,-20.706813573837302
COG,2011,-20.527860403060799
COG,2012,-19.414864659309401
COG,2013,-19.059711456298899
COG,2014,-19.027788996696501
COG,2015,-19.283184528350802
COG,2016,-19.513447284698501
COG,2017,-19.676905035972599
COG,2018,-19.244000315666199
COG,2019,-19.0744500160217
COG,2020,-19.151239037513701
COL,1990,
COL,1991,
COL,1992,
COL,1993,
COL,1994,
COL,1995,
COL,1996,-12.781242430210099
COL,1997,
COL,1998,-11.269648075103801
COL,1999,
COL,2000,-15.7256446480751
COL,2001,
COL,2002,-12.7342424988747
COL,2003,-12.564998567104301
COL,2004,-11.818402469158199
COL,2005,-10.762391507625599
COL,2006,-8.6425946950912493
COL,2007,-7.3606666028499603
COL,2008,-6.48101177811622
COL,2009,-6.2522189617156902
COL,2010,-4.6135553717613202
COL,2011,-3.6951449066400599
COL,2012,-5.5406250655651101
COL,2013,-6.5973783433437303
COL,2014,-4.2858005464076898
COL,2015,-4.1360934376716596
COL,2016,-4.4664443880319604
COL,2017,-6.1746024489402798
COL,2018,-6.4669972956180599
COL,2019,-6.5900227129459399
COL,2020,-8.3248727023601496
COM,1990,
COM,1991,
COM,1992,
COM,1993,
COM,1994,
COM,1995,
COM,1996,-14.9362729787827
COM,1997,
COM,1998,-14.9835606813431
COM,1999,
COM,2000,-19.863268971443201
COM,2001,
COM,2002,-12.6597806811333
COM,2003,-12.775190114975
COM,2004,-17.287671923637301
COM,2005,-17.751240968704298
COM,2006,-16.610270619392399
COM,2007,-17.673836588859501
COM,2008,-18.1885377168655
COM,2009,-19.6855276823044
COM,2010,-18.295918941497799
COM,2011,-17.790071845054701
COM,2012,-18.341802239418101
COM,2013,-16.237147271633098
COM,2014,-15.27391320467
COM,2015,-14.478143334388699
COM,2016,-17.786581277847301
COM,2017,-18.7430548667908
COM,2018,-19.398965239524799
COM,2019,-19.6119849681854
COM,2020,-21.632701396942199
CPV,1990,
CPV,1991,
CPV,1992,
CPV,1993,
CPV,1994,
CPV,1995,
CPV,1996,17.751198410987801
CPV,1997,
CPV,1998,11.425272524356799
CPV,1999,
CPV,2000,10.853173196315799
CPV,2001,
CPV,2002,4.5463714301586098
CPV,2003,4.3583934903144801
CPV,2004,5.8114355206489599
CPV,2005,6.36048224568367
CPV,2006,10.884358882904101
CPV,2007,10.383013784885399
CPV,2008,9.7128675580024808
CPV,2009,9.0598052144050598
CPV,2010,7.8757233917713103
CPV,2011,8.6150973439216596
CPV,2012,8.7391915917396492
CPV,2013,9.3699839711189306
CPV,2014,11.255077481269799
CPV,2015,9.7329703569412196
CPV,2016,4.8952041268348703
CPV,2017,6.0993160605430603
CPV,2018,6.7447196841239903
CPV,2019,7.7089019715785998
CPV,2020,7.4242326021194502
CRI,1990,
CRI,1991,
CRI,1992,
CRI,1993,
CRI,1994,
CRI,1995,
CRI,1996,10.5090069174767
CRI,1997,
CRI,1998,10.7612150907516
CRI,1999,
CRI,2000,9.1303567886352504
CRI,2001,
CRI,2002,9.4349524974822998
CRI,2003,8.9567314386367798
CRI,2004,8.5493547916412407
CRI,2005,8.4534823894500697
CRI,2006,6.6251395642757398
CRI,2007,6.0238608419895199
CRI,2008,7.7127187252044598
CRI,2009,9.83976149559021
CRI,2010,9.1079349517822301
CRI,2011,7.5354030132293701
CRI,2012,8.9914950132369995
CRI,2013,9.5854427814483607
CRI,2014,9.9178114533424306
CRI,2015,8.4434359073638898
CRI,2016,7.3912708759307897
CRI,2017,7.3502393066883096
CRI,2018,8.0206861793994904
CRI,2019,9.0747963786125201
CRI,2020,8.5474560260772705
CUB,1990,
CUB,1991,
CUB,1992,
CUB,1993,
CUB,1994,
CUB,1995,
CUB,1996,-19.325785279273902
CUB,1997,
CUB,1998,-17.779675602912899
CUB,1999,
CUB,2000,-17.847427487373299
CUB,2001,
CUB,2002,-19.9575626850128
CUB,2003,-20.794383168220399
CUB,2004,-18.821036577224799
CUB,2005,-18.471090555191001
CUB,2006,-12.9849196076393
CUB,2007,-11.737338125705699
CUB,2008,-14.0701464414597
CUB,2009,-12.1112431287766
CUB,2010,-12.282653450965901
CUB,2011,-11.7959877252579
CUB,2012,-12.046754002571101
CUB,2013,-11.8846740722656
CUB,2014,-11.136303365230599
CUB,2015,-12.1711876988411
CUB,2016,-7.7629919946193704
CUB,2017,-7.6070827841758799
CUB,2018,-7.8397945761680603
CUB,2019,-5.7496421933174098
CUB,2020,-4.8470561802387202
CUW,1990,
CUW,1991,
CUW,1992,
CUW,1993,
CUW,1994,
CUW,1995,
CUW,1996,
CUW,1997,
CUW,1998,
CUW,1999,
CUW,2000,
CUW,2001,
CUW,2002,
CUW,2003,
CUW,2004,
CUW,2005,
CUW,2006,
CUW,2007,
CUW,2008,
CUW,2009,
CUW,2010,
CUW,2011,
CUW,2012,
CUW,2013,
CUW,2014,
CUW,2015,
CUW,2016,
CUW,2017,
CUW,2018,
CUW,2019,
CUW,2020,
CYM,1990,
CYM,1991,
CYM,1992,
CYM,1993,
CYM,1994,
CYM,1995,
CYM,1996,24.8160610198975
CYM,1997,
CYM,1998,24.836320519447401
CYM,1999,
CYM,2000,25.353747367858901
CYM,2001,
CYM,2002,24.980112910270702
CYM,2003,20.88356590271
CYM,2004,19.436404943466101
CYM,2005,14.406452715396901
CYM,2006,18.176765441894499
CYM,2007,18.545637488365099
CYM,2008,19.005651950836299
CYM,2009,15.1463702917099
CYM,2010,15.2061496973038
CYM,2011,14.901057481765701
CYM,2012,15.146996498107899
CYM,2013,15.228394806384999
CYM,2014,9.9707671403884905
CYM,2015,13.4071143269539
CYM,2016,13.074977397918699
CYM,2017,12.732644200325
CYM,2018,12.660696268081701
CYM,2019,12.562151134014099
CYM,2020,12.4577098488808
CYP,1990,
CYP,1991,
CYP,1992,
CYP,1993,
CYP,1994,
CYP,1995,
CYP,1996,14.5744574069977
CYP,1997,
CYP,1998,16.074801325797999
CYP,1999,
CYP,2000,17.272999644279601
CYP,2001,
CYP,2002,16.8230895996094
CYP,2003,15.959290564060201
CYP,2004,15.447461068630201
CYP,2005,14.9133880734444
CYP,2006,18.5975680351257
CYP,2007,18.795025706291099
CYP,2008,20.5128557682037
CYP,2009,20.5042773485184
CYP,2010,20.563323140144298
CYP,2011,18.1103227138519
CYP,2012,18.590509533882202
CYP,2013,17.509917736053499
CYP,2014,18.2721490859985
CYP,2015,17.2534387111664
CYP,2016,11.8509787917137
CYP,2017,14.6010203361511
CYP,2018,12.336763441562701
CYP,2019,12.4392389059067
CYP,2020,9.3894428610801697
CZE,1990,
CZE,1991,
CZE,1992,
CZE,1993,
CZE,1994,
CZE,1995,
CZE,1996,15.560486257076301
CZE,1997,
CZE,1998,14.7266701459885
CZE,1999,
CZE,2000,10.320976793766
CZE,2001,
CZE,2002,14.617027282714799
CZE,2003,14.8530665636063
CZE,2004,12.891622960567499
CZE,2005,14.581597983837099
CZE,2006,14.6605466008186
CZE,2007,14.938647091388701
CZE,2008,15.304032444953901
CZE,2009,16.2557030320168
CZE,2010,15.8256258964539
CZE,2011,17.297452092170801
CZE,2012,17.384227275848399
CZE,2013,17.405602097511299
CZE,2014,19.361316442489699
CZE,2015,18.8960348367691
CZE,2016,16.8759799003601
CZE,2017,18.580126762390101
CZE,2018,17.4207409620284
CZE,2019,17.3797702789307
CZE,2020,17.420788884162899
DEU,1990,
DEU,1991,
DEU,1992,
DEU,1993,
DEU,1994,
DEU,1995,
DEU,1996,27.361997365951598
DEU,1997,
DEU,1998,27.573821306228599
DEU,1999,
DEU,2000,27.360120773315401
DEU,2001,
DEU,2002,27.7846279144288
DEU,2003,27.8389396667481
DEU,2004,27.543475627899198
DEU,2005,28.087369322776802
DEU,2006,30.091464877128601
DEU,2007,29.845041513442901
DEU,2008,29.478445291519101
DEU,2009,28.027427792549201
DEU,2010,27.837579846382202
DEU,2011,27.509727358818001
DEU,2012,28.376944184303301
DEU,2013,27.915015578269902
DEU,2014,31.455166816711401
DEU,2015,29.995399355888399
DEU,2016,27.0075796842575
DEU,2017,26.846685886383
DEU,2018,27.146536469459502
DEU,2019,26.975906014442401
DEU,2020,25.9281070232391
DJI,1990,
DJI,1991,
DJI,1992,
DJI,1993,
DJI,1994,
DJI,1995,
DJI,1996,-16.517434000968901
DJI,1997,
DJI,1998,-15.4615172743797
DJI,1999,
DJI,2000,-15.0104257464409
DJI,2001,
DJI,2002,-15.9716708064079
DJI,2003,-14.944400489330301
DJI,2004,-13.1375356316567
DJI,2005,-16.230709493160202
DJI,2006,-15.0635752677917
DJI,2007,-13.107899248600001
DJI,2008,-11.163507103920001
DJI,2009,-11.858112871646901
DJI,2010,-12.785730242729199
DJI,2011,-13.9693505167961
DJI,2012,-13.6615994572639
DJI,2013,-13.165592789650001
DJI,2014,-14.8882672190666
DJI,2015,-16.0114323496819
DJI,2016,-16.974172174930601
DJI,2017,-15.8177304267883
DJI,2018,-16.118336796760602
DJI,2019,-16.039065957069401
DJI,2020,-17.682642579078699
DMA,1990,
DMA,1991,
DMA,1992,
DMA,1993,
DMA,1994,
DMA,1995,
DMA,1996,14.321066737175
DMA,1997,
DMA,1998,14.331133663654301
DMA,1999,
DMA,2000,13.661988556384999
DMA,2001,
DMA,2002,13.759646356105799
DMA,2003,13.6753364801407
DMA,2004,12.240482807159401
DMA,2005,11.5118217468262
DMA,2006,12.594725131988501
DMA,2007,11.9207355380058
DMA,2008,11.7876079082489
DMA,2009,12.607262432575199
DMA,2010,12.202058255672499
DMA,2011,11.6913859248161
DMA,2012,11.8853254914284
DMA,2013,12.2557657361031
DMA,2014,9.3506881594657898
DMA,2015,12.041524410247799
DMA,2016,11.1247869133949
DMA,2017,11.258726656436901
DMA,2018,12.0698907971382
DMA,2019,12.2596011161804
DMA,2020,13.515337109565699
DNK,1990,
DNK,1991,
DNK,1992,
DNK,1993,
DNK,1994,
DNK,1995,
DNK,1996,30.953747034072901
DNK,1997,
DNK,1998,31.233533620834301
DNK,1999,
DNK,2000,30.7484688758849
DNK,2001,
DNK,2002,31.999793410301301
DNK,2003,32.648687124252298
DNK,2004,32.818907856941301
DNK,2005,32.913854122161901
DNK,2006,33.719481825828503
DNK,2007,33.917898058891303
DNK,2008,33.218956470489502
DNK,2009,32.591161251068101
DNK,2010,32.273510456085098
DNK,2011,32.636452794074998
DNK,2012,31.876136898994499
DNK,2013,32.338935375213602
DNK,2014,35.713933706283598
DNK,2015,34.350022792816198
DNK,2016,32.107386708259597
DNK,2017,30.762138128280601
DNK,2018,30.243222832679798
DNK,2019,31.273325681686401
DNK,2020,30.8494563102721
DOM,1990,
DOM,1991,
DOM,1992,
DOM,1993,
DOM,1994,
DOM,1995,
DOM,1996,-8.8840408325195295
DOM,1997,
DOM,1998,-9.8083245158195496
DOM,1999,
DOM,2000,-11.5011357069016
DOM,2001,
DOM,2002,-11.988819777965499
DOM,2003,-10.8865060210228
DOM,2004,-11.5748051404953
DOM,2005,-11.657737970352199
DOM,2006,-9.9398278594016993
DOM,2007,-10.639664173126199
DOM,2008,-11.6065055727959
DOM,2009,-13.7559590339661
DOM,2010,-14.5434014201164
DOM,2011,-13.7388741374016
DOM,2012,-12.1867192387581
DOM,2013,-9.0960319638252294
DOM,2014,-6.5274129807949102
DOM,2015,-8.9542866349220294
DOM,2016,-6.6595351397991198
DOM,2017,-7.2430540323257402
DOM,2018,-6.1615468263626099
DOM,2019,-5.4061771929264104
DOM,2020,-2.8939727395772898
DZA,1990,
DZA,1991,
DZA,1992,
DZA,1993,
DZA,1994,
DZA,1995,
DZA,1996,-20.709312319755501
DZA,1997,
DZA,1998,-20.372155904769901
DZA,1999,
DZA,2000,-21.179354190826398
DZA,2001,
DZA,2002,-10.824463963508601
DZA,2003,-10.291473150253299
DZA,2004,-10.476884961128199
DZA,2005,-13.1519566178322
DZA,2006,-13.1784771680832
DZA,2007,-13.462069630622899
DZA,2008,-13.052128374576601
DZA,2009,-14.034637093543999
DZA,2010,-13.8854874968529
DZA,2011,-14.370692074298899
DZA,2012,-13.8145012259483
DZA,2013,-11.7854033708572
DZA,2014,-13.6746127009392
DZA,2015,-15.969844818115201
DZA,2016,-15.5552020668983
DZA,2017,-15.6917650103569
DZA,2018,-13.679089486599
DZA,2019,-14.605417728424101
DZA,2020,-13.5676147937775
ECU,1990,
ECU,1991,
ECU,1992,
ECU,1993,
ECU,1994,
ECU,1995,
ECU,1996,-7.6450321972370201
ECU,1997,
ECU,1998,-9.1723551750183105
ECU,1999,
ECU,2000,-11.328124403953501
ECU,2001,
ECU,2002,-12.8607625365257
ECU,2003,-13.269734084606201
ECU,2004,-13.0032974481583
ECU,2005,-13.963425874710101
ECU,2006,-17.5270448923111
ECU,2007,-17.5586450099945
ECU,2008,-18.790208578109699
ECU,2009,-20.4856836795806
ECU,2010,-19.4348951578141
ECU,2011,-19.4528504610062
ECU,2012,-18.086727499961899
ECU,2013,-14.7940287590027
ECU,2014,-16.500655651092501
ECU,2015,-16.211230814456901
ECU,2016,-10.9937606453896
ECU,2017,-12.1648843288422
ECU,2018,-11.2283325791359
ECU,2019,-9.1752938628196699
ECU,2020,-9.14671087265015
EGY,1990,
EGY,1991,
EGY,1992,
EGY,1993,
EGY,1994,
EGY,1995,
EGY,1996,0.021461497759446401
EGY,1997,
EGY,1998,-2.15846075117588
EGY,1999,
EGY,2000,-0.87690586224198297
EGY,2001,
EGY,2002,-0.19495723117142999
EGY,2003,-0.040025971597060603
EGY,2004,0.226404217071831
EGY,2005,-0.020794991753064099
EGY,2006,-4.7424464821815402
EGY,2007,-4.1856291741132798
EGY,2008,-2.2063212096691101
EGY,2009,-1.4168649315834001
EGY,2010,-2.9726856201887202
EGY,2011,-8.22618263959885
EGY,2012,-9.1187973022461009
EGY,2013,-12.509924173355101
EGY,2014,-11.872443318367001
EGY,2015,-10.1917579770088
EGY,2016,-8.0919269025325704
EGY,2017,-7.5851479768752998
EGY,2018,-5.0777594745159096
EGY,2019,-5.6138484776019997
EGY,2020,-5.39322453737259
ERI,1990,
ERI,1991,
ERI,1992,
ERI,1993,
ERI,1994,
ERI,1995,
ERI,1996,-11.137238860130299
ERI,1997,
ERI,1998,-10.7918748855591
ERI,1999,
ERI,2000,-13.517231523990599
ERI,2001,
ERI,2002,-12.489336013793899
ERI,2003,-13.9058827757835
ERI,2004,-15.870917439460801
ERI,2005,-16.5837135910988
ERI,2006,-20.060876607894901
ERI,2007,-21.679537057876701
ERI,2008,-22.243742942810002
ERI,2009,-22.349660992622301
ERI,2010,-23.001631021499598
ERI,2011,-23.149954795837299
ERI,2012,-24.232282638549801
ERI,2013,-24.330544114112801
ERI,2014,-26.639285087585399
ERI,2015,-25.934499025344898
ERI,2016,-28.254731297492999
ERI,2017,-27.112820863723702
ERI,2018,-27.518463611602801
ERI,2019,-27.7021002769471
ERI,2020,-25.336023330688501
ESP,1990,
ESP,1991,
ESP,1992,
ESP,1993,
ESP,1994,
ESP,1995,
ESP,1996,24.3964540958405
ESP,1997,
ESP,1998,22.205264687538101
ESP,1999,
ESP,2000,23.927524805068899
ESP,2001,
ESP,2002,20.891836285591101
ESP,2003,21.2119331359863
ESP,2004,19.192524909973098
ESP,2005,18.998342156410299
ESP,2006,19.037906646728601
ESP,2007,19.614766359329298
ESP,2008,20.1237181425095
ESP,2009,19.652038812637301
ESP,2010,19.665397882461502
ESP,2011,19.879432797431999
ESP,2012,17.642570853233298
ESP,2013,17.4305208921432
ESP,2014,16.430415511131301
ESP,2015,15.1354845762253
ESP,2016,16.4859030842781
ESP,2017,17.486726164817899
ESP,2018,16.711202025413499
ESP,2019,16.922596573829601
ESP,2020,14.743606150150301
EST,1990,
EST,1991,
EST,1992,
EST,1993,
EST,1994,
EST,1995,
EST,1996,9.7652540802955592
EST,1997,
EST,1998,10.0649212002754
EST,1999,
EST,2000,10.1101894378662
EST,2001,
EST,2002,13.4612427949905
EST,2003,13.103903889656101
EST,2004,15.011302232742301
EST,2005,15.3630468249321
EST,2006,19.2054442167282
EST,2007,19.078683018684401
EST,2008,19.642475485801601
EST,2009,19.119195938110401
EST,2010,19.603208899498
EST,2011,19.988854765892
EST,2012,19.566005349159202
EST,2013,20.254470825195298
EST,2014,23.2889050245285
EST,2015,22.1861265897751
EST,2016,20.352895855903601
EST,2017,21.301265358924901
EST,2018,20.547583580017101
EST,2019,21.224171996116599
EST,2020,22.8192797899246
ETH,1990,
ETH,1991,
ETH,1992,
ETH,1993,
ETH,1994,
ETH,1995,
ETH,1996,-16.418405234813701
ETH,1997,
ETH,1998,-15.447508692741399
ETH,1999,
ETH,2000,-16.723229944705999
ETH,2001,
ETH,2002,-16.308174669742598
ETH,2003,-14.182772397995
ETH,2004,-15.188580453395801
ETH,2005,-15.9612451791763
ETH,2006,-11.347767829895
ETH,2007,-11.210872828960399
ETH,2008,-12.013911604881301
ETH,2009,-14.148792088031801
ETH,2010,-13.727825343608901
ETH,2011,-12.6106741428375
ETH,2012,-11.5144035816193
ETH,2013,-11.0429929494858
ETH,2014,-7.9645948708057404
ETH,2015,-8.9153398871421796
ETH,2016,-8.5941587090492195
ETH,2017,-7.9502302706241599
ETH,2018,-7.5122039318084797
ETH,2019,-8.1684191226959193
ETH,2020,-6.83345422148704
FIN,1990,
FIN,1991,
FIN,1992,
FIN,1993,
FIN,1994,
FIN,1995,
FIN,1996,32.434666395187399
FIN,1997,
FIN,1998,33.185275077819902
FIN,1999,
FIN,2000,33.207929968833803
FIN,2001,
FIN,2002,32.366111993789701
FIN,2003,33.296782374381998
FIN,2004,32.9781061410904
FIN,2005,33.166006565094001
FIN,2006,33.311728239059498
FIN,2007,32.246449828147803
FIN,2008,32.4764803647995
FIN,2009,33.363670945167499
FIN,2010,33.3412957191467
FIN,2011,32.972146034240701
FIN,2012,33.048569560051
FIN,2013,33.2463747262955
FIN,2014,36.121151924133301
FIN,2015,34.990692853927598
FIN,2016,34.2289044857025
FIN,2017,34.503856897354098
FIN,2018,34.690635919570902
FIN,2019,34.325618743896499
FIN,2020,34.475892543792803
FJI,1990,
FJI,1991,
FJI,1992,
FJI,1993,
FJI,1994,
FJI,1995,
FJI,1996,5.4990715086460096
FJI,1997,
FJI,1998,5.8398068249225696
FJI,1999,
FJI,2000,-4.7043654322624304
FJI,2001,
FJI,2002,0.117435405962169
FJI,2003,0.16956726275384401
FJI,2004,1.162601955235
FJI,2005,1.7570587769150701
FJI,2006,0.87862704321742102
FJI,2007,-10.5597245693207
FJI,2008,-9.7684215903282094
FJI,2009,-14.706352889537801
FJI,2010,-12.653520643711101
FJI,2011,-12.0947763323784
FJI,2012,-11.409138083457901
FJI,2013,-12.3386325240135
FJI,2014,-8.7366329431533796
FJI,2015,-6.0979429483413696
FJI,2016,-1.4311705268919499
FJI,2017,-1.2860128432512301
FJI,2018,3.1187300235033
FJI,2019,7.3152875900268599
FJI,2020,3.4192651957273501
FRA,1990,
FRA,1991,
FRA,1992,
FRA,1993,
FRA,1994,
FRA,1995,
FRA,1996,25.222616910934502
FRA,1997,
FRA,1998,23.196768283844001
FRA,1999,
FRA,2000,24.3492271900178
FRA,2001,
FRA,2002,20.618834614753801
FRA,2003,22.665911436080901
FRA,2004,24.2282781600953
FRA,2005,23.9331181049346
FRA,2006,24.856938719749401
FRA,2007,24.758364915847899
FRA,2008,25.436653852462701
FRA,2009,24.5778695344924
FRA,2010,25.495436191558799
FRA,2011,24.3054920434952
FRA,2012,24.4278515577316
FRA,2013,23.8399176597595
FRA,2014,24.710460782051101
FRA,2015,23.314316391944899
FRA,2016,23.057894587516699
FRA,2017,23.843953609466599
FRA,2018,23.823983907699599
FRA,2019,23.399558424949699
FRA,2020,22.1333460807801
FRO,1990,
FRO,1991,
FRO,1992,
FRO,1993,
FRO,1994,
FRO,1995,
FRO,1996,
FRO,1997,
FRO,1998,
FRO,1999,
FRO,2000,
FRO,2001,
FRO,2002,
FRO,2003,
FRO,2004,
FRO,2005,
FRO,2006,
FRO,2007,
FRO,2008,
FRO,2009,
FRO,2010,
FRO,2011,
FRO,2012,
FRO,2013,
FRO,2014,
FRO,2015,
FRO,2016,
FRO,2017,
FRO,2018,
FRO,2019,
FRO,2020,
FSM,1990,
FSM,1991,
FSM,1992,
FSM,1993,
FSM,1994,
FSM,1995,
FSM,1996,13.7553895711899
FSM,1997,
FSM,1998,14.9006389975548
FSM,1999,
FSM,2000,14.2751084566116
FSM,2001,
FSM,2002,14.177078783512099
FSM,2003,14.165830373764001
FSM,2004,17.213424921035799
FSM,2005,19.270677089691201
FSM,2006,20.121833443641702
FSM,2007,19.701584100723299
FSM,2008,8.6186640858650208
FSM,2009,5.5883337855338997
FSM,2010,2.4225934445858002
FSM,2011,-0.84777668863535005
FSM,2012,0.555527973920108
FSM,2013,2.04848007857799
FSM,2014,-4.1509390473365899
FSM,2015,-4.7461465597152701
FSM,2016,0.0374232837930321
FSM,2017,0.965879887342453
FSM,2018,0.68684054911136605
FSM,2019,1.41400552541018
FSM,2020,3.27709288895129
GAB,1990,
GAB,1991,
GAB,1992,
GAB,1993,
GAB,1994,
GAB,1995,
GAB,1996,-11.1018885970116
GAB,1997,
GAB,1998,-6.3019912242889502
GAB,1999,
GAB,2000,-3.1060987412929499
GAB,2001,
GAB,2002,-4.2335891872644398
GAB,2003,-6.9025261998176504
GAB,2004,-8.2202281057834607
GAB,2005,-6.7440027594566399
GAB,2006,-12.826605916023301
GAB,2007,-12.008684098720501
GAB,2008,-10.6154903769493
GAB,2009,-8.5632357001304609
GAB,2010,-7.8439758419990504
GAB,2011,-6.8532813489437103
GAB,2012,-7.0517102479934604
GAB,2013,-8.8822876214981097
GAB,2014,-8.0430564284324593
GAB,2015,-9.54015856981278
GAB,2016,-10.358267068862901
GAB,2017,-12.264232099056199
GAB,2018,-12.1939923167229
GAB,2019,-12.795091807842301
GAB,2020,-11.536686539650001
GBR,1990,
GBR,1991,
GBR,1992,
GBR,1993,
GBR,1994,
GBR,1995,
GBR,1996,27.688483953475998
GBR,1997,
GBR,1998,29.462684750556999
GBR,1999,
GBR,2000,28.341440916061401
GBR,2001,
GBR,2002,28.082169175148
GBR,2003,28.345791935920801
GBR,2004,27.329203605651902
GBR,2005,26.4887373447418
GBR,2006,30.130707144737201
GBR,2007,29.243267297744801
GBR,2008,28.843040347099301
GBR,2009,29.437162280082799
GBR,2010,30.169773101806602
GBR,2011,28.1986435651779
GBR,2012,29.4000357389451
GBR,2013,28.720018625259399
GBR,2014,31.8708078861237
GBR,2015,30.1897407770157
GBR,2016,27.970064640045202
GBR,2017,28.051581978798001
GBR,2018,27.3426623344421
GBR,2019,26.771681427955599
GBR,2020,24.955722570419301
GEO,1990,
GEO,1991,
GEO,1992,
GEO,1993,
GEO,1994,
GEO,1995,
GEO,1996,-21.357541322708101
GEO,1997,
GEO,1998,-20.708528041839699
GEO,1999,
GEO,2000,-15.9544582366943
GEO,2001,
GEO,2002,-18.428956389427199
GEO,2003,-15.508319616317801
GEO,2004,-12.7460897564888
GEO,2005,-11.831364333629599
GEO,2006,-7.8483445942401904
GEO,2007,-5.8558054864406603
GEO,2008,-4.4700558185577401
GEO,2009,-3.3883605152368501
GEO,2010,-3.5017446577548998
GEO,2011,-2.0334896370768498
GEO,2012,-0.105694922618568
GEO,2013,0.083893396425992306
GEO,2014,3.8197630047798201
GEO,2015,3.84107710421085
GEO,2016,5.77562847733497
GEO,2017,4.5280973315238899
GEO,2018,4.6663483381271398
GEO,2019,4.2990648895502099
GEO,2020,3.8471691608428902
GHA,1990,
GHA,1991,
GHA,1992,
GHA,1993,
GHA,1994,
GHA,1995,
GHA,1996,-3.9708302468061398
GHA,1997,
GHA,1998,-7.4766946434974697
GHA,1999,
GHA,2000,1.3384560123086
GHA,2001,
GHA,2002,0.39463485404849102
GHA,2003,0.13363165687769701
GHA,2004,-2.1468860656023101
GHA,2005,-2.2869328707456602
GHA,2006,0.96044279634952601
GHA,2007,0.66696833074092798
GHA,2008,-1.0604942142963401
GHA,2009,-0.72006763145327601
GHA,2010,-0.56598697602748804
GHA,2011,-0.053449297556653598
GHA,2012,0.283380877226592
GHA,2013,2.6216206401586502
GHA,2014,1.08053939044476
GHA,2015,2.1434280499815901
GHA,2016,0.62671742588281598
GHA,2017,1.8809029310941701
GHA,2018,0.928642898797989
GHA,2019,0.311013021506369
GHA,2020,-1.28841415420175
GIB,1990,
GIB,1991,
GIB,1992,
GIB,1993,
GIB,1994,
GIB,1995,
GIB,1996,
GIB,1997,
GIB,1998,
GIB,1999,
GIB,2000,
GIB,2001,
GIB,2002,
GIB,2003,
GIB,2004,
GIB,2005,
GIB,2006,
GIB,2007,
GIB,2008,
GIB,2009,
GIB,2010,
GIB,2011,
GIB,2012,
GIB,2013,
GIB,2014,
GIB,2015,
GIB,2016,
GIB,2017,
GIB,2018,
GIB,2019,
GIB,2020,
GIN,1990,
GIN,1991,
GIN,1992,
GIN,1993,
GIN,1994,
GIN,1995,
GIN,1996,-24.600362300872799
GIN,1997,
GIN,1998,-23.660071849823002
GIN,1999,
GIN,2000,-23.616050958633501
GIN,2001,
GIN,2002,-18.3634803295135
GIN,2003,-19.619125485420199
GIN,2004,-22.139478564262301
GIN,2005,-24.198706626892001
GIN,2006,-24.156923055648701
GIN,2007,-24.685177803039601
GIN,2008,-26.184696912765599
GIN,2009,-26.389091491699201
GIN,2010,-25.255757212638901
GIN,2011,-24.618935704231198
GIN,2012,-23.7840161323548
GIN,2013,-23.515639781951801
GIN,2014,-23.251163840293799
GIN,2015,-20.153816938400301
GIN,2016,-21.1146403551102
GIN,2017,-21.289106845855699
GIN,2018,-20.893198728561401
GIN,2019,-20.977263689041202
GIN,2020,-22.067075133323701
GMB,1990,
GMB,1991,
GMB,1992,
GMB,1993,
GMB,1994,
GMB,1995,
GMB,1996,0.28868209943175299
GMB,1997,
GMB,1998,-0.044547416269779198
GMB,1999,
GMB,2000,-2.4746815562248301
GMB,2001,
GMB,2002,-3.0649993866682101
GMB,2003,2.7711897790431901
GMB,2004,-6.6205641031265303
GMB,2005,-7.7664123773574802
GMB,2006,-6.3091307878494298
GMB,2007,-5.6186303198337599
GMB,2008,-7.2310768365860003
GMB,2009,-8.8253780603408796
GMB,2010,-9.7016809582710195
GMB,2011,-9.5007720589637792
GMB,2012,-10.1977539658546
GMB,2013,-11.0413820743561
GMB,2014,-11.8427534103394
GMB,2015,-12.6442863345146
GMB,2016,-13.550190687179599
GMB,2017,-7.6750196814537102
GMB,2018,-7.6978005170822197
GMB,2019,-6.8556421101093301
GMB,2020,-6.6456076502799997
GNB,1990,
GNB,1991,
GNB,1992,
GNB,1993,
GNB,1994,
GNB,1995,
GNB,1996,-28.4394047260284
GNB,1997,
GNB,1998,-31.962245345115701
GNB,1999,
GNB,2000,-22.4308408498764
GNB,2001,
GNB,2002,-18.829223871231001
GNB,2003,-20.848370671272299
GNB,2004,-20.373621106147699
GNB,2005,-21.412633299827601
GNB,2006,-21.353733420372102
GNB,2007,-22.531333804130501
GNB,2008,-23.902561664581299
GNB,2009,-22.899466156959502
GNB,2010,-22.728153109550401
GNB,2011,-22.499372959136998
GNB,2012,-26.220682501792901
GNB,2013,-27.401010155677799
GNB,2014,-22.756443381309499
GNB,2015,-22.254587888717701
GNB,2016,-26.100311756134001
GNB,2017,-24.921092510223399
GNB,2018,-21.465510487556401
GNB,2019,-22.092527866363501
GNB,2020,-23.729076743125901
GNQ,1990,
GNQ,1991,
GNQ,1992,
GNQ,1993,
GNQ,1994,
GNQ,1995,
GNQ,1996,-21.814702391624401
GNQ,1997,
GNQ,1998,-22.9978494644165
GNQ,1999,
GNQ,2000,-22.710167407989498
GNQ,2001,
GNQ,2002,-21.153671622276299
GNQ,2003,-20.857048392295798
GNQ,2004,-20.3416602611542
GNQ,2005,-21.060909986495901
GNQ,2006,-18.590566277503999
GNQ,2007,-16.766771554946899
GNQ,2008,-14.813668251037599
GNQ,2009,-16.7993960976601
GNQ,2010,-17.182057857513399
GNQ,2011,-17.142365694045999
GNQ,2012,-17.846199393272499
GNQ,2013,-19.866873741149899
GNQ,2014,-22.392640709877
GNQ,2015,-22.650599360466
GNQ,2016,-23.632281780242899
GNQ,2017,-23.253663897514301
GNQ,2018,-24.1760108470917
GNQ,2019,-21.836789250373901
GNQ,2020,-19.739324569702202
GRC,1990,
GRC,1991,
GRC,1992,
GRC,1993,
GRC,1994,
GRC,1995,
GRC,1996,17.909902215003999
GRC,1997,
GRC,1998,13.186395943164801
GRC,1999,
GRC,2000,14.6377569437027
GRC,2001,
GRC,2002,12.3053691387176
GRC,2003,13.4250697493553
GRC,2004,15.2852817177773
GRC,2005,13.3442141413689
GRC,2006,14.6778250336647
GRC,2007,14.6078915596008
GRC,2008,14.511251091957099
GRC,2009,10.996353566646601
GRC,2010,9.9262266159057599
GRC,2011,9.0665617585182208
GRC,2012,6.5999367833137503
GRC,2013,7.9426955282688096
GRC,2014,6.3563829064369202
GRC,2015,4.3538717925548598
GRC,2016,1.96587804704904
GRC,2017,0.90399573370814301
GRC,2018,1.98341443389654
GRC,2019,2.7495208382606502
GRC,2020,4.9943895339965803
GRD,1990,
GRD,1991,
GRD,1992,
GRD,1993,
GRD,1994,
GRD,1995,
GRD,1996,7.2344723343849102
GRD,1997,
GRD,1998,7.1722559928894096
GRD,1999,
GRD,2000,5.7992437481880303
GRD,2001,
GRD,2002,6.1041616797447196
GRD,2003,5.73572129011154
GRD,2004,4.7670732140541201
GRD,2005,6.4300489127635903
GRD,2006,4.4084894955158296
GRD,2007,3.2512281537056
GRD,2008,2.1712799966335301
GRD,2009,2.6778280287980998
GRD,2010,2.0126197636127401
GRD,2011,2.9298545718193001
GRD,2012,3.1729217022657301
GRD,2013,3.3937176913022999
GRD,2014,-2.3406455963850101
GRD,2015,3.0793542265892002
GRD,2016,10.634449720382699
GRD,2017,7.8805879950523403
GRD,2018,4.3364079147577304
GRD,2019,3.2464809268713002
GRD,2020,5.6432657539844504
GRL,1990,
GRL,1991,
GRL,1992,
GRL,1993,
GRL,1994,
GRL,1995,
GRL,1996,
GRL,1997,
GRL,1998,
GRL,1999,
GRL,2000,
GRL,2001,
GRL,2002,
GRL,2003,
GRL,2004,
GRL,2005,
GRL,2006,
GRL,2007,
GRL,2008,
GRL,2009,29.173942804336502
GRL,2010,29.3875217437744
GRL,2011,29.463440656662002
GRL,2012,29.111269474029498
GRL,2013,28.715265631675699
GRL,2014,29.4858446121216
GRL,2015,28.485805153846801
GRL,2016,28.801445722579899
GRL,2017,28.7948303222657
GRL,2018,29.0121265649795
GRL,2019,29.161858201026899
GRL,2020,29.013555407524098
GTM,1990,
GTM,1991,
GTM,1992,
GTM,1993,
GTM,1994,
GTM,1995,
GTM,1996,-19.150299549102701
GTM,1997,
GTM,1998,-17.701596379280101
GTM,1999,
GTM,2000,-15.0584571957588
GTM,2001,
GTM,2002,-16.845163881778699
GTM,2003,-18.7159919738769
GTM,2004,-18.055674552917399
GTM,2005,-17.821218013763399
GTM,2006,-18.6619375944138
GTM,2007,-19.0578277111054
GTM,2008,-19.078855276107799
GTM,2009,-17.223351001739498
GTM,2010,-16.050105690956102
GTM,2011,-17.534050703048699
GTM,2012,-18.4266339540481
GTM,2013,-18.599092841148401
GTM,2014,-16.255053520202601
GTM,2015,-16.163585722446399
GTM,2016,-17.501674532890299
GTM,2017,-18.265147209167498
GTM,2018,-18.243378281593301
GTM,2019,-18.653870820999199
GTM,2020,-18.641618371009798
GUM,1990,
GUM,1991,
GUM,1992,
GUM,1993,
GUM,1994,
GUM,1995,
GUM,1996,
GUM,1997,
GUM,1998,
GUM,1999,
GUM,2000,
GUM,2001,
GUM,2002,
GUM,2003,
GUM,2004,16.854771792888599
GUM,2005,18.860062003135699
GUM,2006,18.176765441894499
GUM,2007,18.545637488365099
GUM,2008,19.005651950836299
GUM,2009,19.125930190086301
GUM,2010,18.890539407730099
GUM,2011,18.5461907386779
GUM,2012,18.6382430791855
GUM,2013,18.7233839035034
GUM,2014,23.9219906330108
GUM,2015,22.015627145767201
GUM,2016,17.924374461174001
GUM,2017,22.186269402503999
GUM,2018,22.2203093767166
GUM,2019,21.7407870292664
GUM,2020,19.2206645011902
GUY,1990,
GUY,1991,
GUY,1992,
GUY,1993,
GUY,1994,
GUY,1995,
GUY,1996,-3.46545559167863
GUY,1997,
GUY,1998,-6.2416155040264103
GUY,1999,
GUY,2000,-7.2014495730399997
GUY,2001,
GUY,2002,-8.8040090203285306
GUY,2003,-9.7903144955635
GUY,2004,-10.539033412933399
GUY,2005,-11.285412669181801
GUY,2006,-9.5959432721138
GUY,2007,-7.7699385881424003
GUY,2008,-9.8710778951644897
GUY,2009,-9.4493643641471792
GUY,2010,-8.1110548973083496
GUY,2011,-8.6704943180084193
GUY,2012,-8.8105173110961896
GUY,2013,-8.9154431223869306
GUY,2014,-10.4502973556519
GUY,2015,-9.1494045257568306
GUY,2016,-5.2780400812625903
GUY,2017,-5.0263302326202401
GUY,2018,-6.4648205637931797
GUY,2019,-7.5213594436645499
GUY,2020,-7.3322494924068504
HKG,1990,
HKG,1991,
HKG,1992,
HKG,1993,
HKG,1994,
HKG,1995,
HKG,1996,12.759618043899501
HKG,1997,
HKG,1998,16.730391800403599
HKG,1999,
HKG,2000,13.5405865907669
HKG,2001,
HKG,2002,21.5142226219177
HKG,2003,26.1268873214722
HKG,2004,26.6531661748886
HKG,2005,27.227330565452601
HKG,2006,26.173670411109899
HKG,2007,25.670084953308098
HKG,2008,25.1296870708466
HKG,2009,25.310778260231
HKG,2010,26.112521052360499
HKG,2011,26.2769052982331
HKG,2012,26.7506395578385
HKG,2013,26.617276906967199
HKG,2014,31.559291243553201
HKG,2015,30.524484395980799
HKG,2016,28.718047976493899
HKG,2017,28.6623344421387
HKG,2018,29.500942111015299
HKG,2019,26.707511782646101
HKG,2020,26.449166178703301
HND,1990,
HND,1991,
HND,1992,
HND,1993,
HND,1994,
HND,1995,
HND,1996,-15.7989371418953
HND,1997,
HND,1998,-15.054832696914699
HND,1999,
HND,2000,-16.966700613498698
HND,2001,
HND,2002,-14.9530630111694
HND,2003,-15.9196794629097
HND,2004,-14.454942166805299
HND,2005,-13.108712911605799
HND,2006,-16.807613790035202
HND,2007,-15.792029619216899
HND,2008,-16.5131721496582
HND,2009,-15.223533511161801
HND,2010,-14.8803389668465
HND,2011,-15.3911349177361
HND,2012,-19.489225149154599
HND,2013,-19.939459085464499
HND,2014,-16.032532870769501
HND,2015,-15.971284866333001
HND,2016,-19.293032288551402
HND,2017,-18.009660601615899
HND,2018,-17.9323521852493
HND,2019,-17.658440947532601
HND,2020,-17.121034741401701
HRV,1990,
HRV,1991,
HRV,1992,
HRV,1993,
HRV,1994,
HRV,1995,
HRV,1996,-10.781946778297399
HRV,1997,
HRV,1998,-6.9083469808101698
HRV,1999,
HRV,2000,-0.50776510685682297
HRV,2001,
HRV,2002,-2.4614797979593299
HRV,2003,-0.78189709037542399
HRV,2004,0.70068031176924805
HRV,2005,1.4169086292386099
HRV,2006,-0.82018269598483995
HRV,2007,0.654121853411197
HRV,2008,0.425114380195738
HRV,2009,0.74589110910892398
HRV,2010,1.3679735884070401
HRV,2011,1.8597316741943399
HRV,2012,2.4663430303335301
HRV,2013,3.0259376317262698
HRV,2014,3.7100395858287798
HRV,2015,2.22946317493916
HRV,2016,5.8465611636638597
HRV,2017,5.3111200630664896
HRV,2018,5.1934701800346401
HRV,2019,5.9931488931179002
HRV,2020,4.08188173174858
HTI,1990,
HTI,1991,
HTI,1992,
HTI,1993,
HTI,1994,
HTI,1995,
HTI,1996,-23.585642457008401
HTI,1997,
HTI,1998,-24.228219389915498
HTI,1999,
HTI,2000,-24.735618829727201
HTI,2001,
HTI,2002,-29.136459589004499
HTI,2003,-29.531780242919901
HTI,2004,-29.3985948562621
HTI,2005,-28.2725075483322
HTI,2006,-24.0205640792847
HTI,2007,-22.949149250984199
HTI,2008,-21.858147740364
HTI,2009,-22.6831635236741
HTI,2010,-23.513989448547399
HTI,2011,-24.106224656104999
HTI,2012,-22.645704627036999
HTI,2013,-22.108512759208701
HTI,2014,-20.0662007331849
HTI,2015,-20.269818186759998
HTI,2016,-17.175853908061999
HTI,2017,-18.569288134574901
HTI,2018,-17.9957468509674
HTI,2019,-16.543044507503499
HTI,2020,-17.514950871467601
HUN,1990,
HUN,1991,
HUN,1992,
HUN,1993,
HUN,1994,
HUN,1995,
HUN,1996,15.4785109758377
HUN,1997,
HUN,1998,13.831659078597999
HUN,1999,
HUN,2000,14.152601003646801
HUN,2001,
HUN,2002,14.7665710449219
HUN,2003,13.6909531354904
HUN,2004,14.3842923045158
HUN,2005,14.2597562670708
HUN,2006,16.6024906635284
HUN,2007,16.004637837410002
HUN,2008,15.5275709033012
HUN,2009,13.1096512079239
HUN,2010,13.1353793740273
HUN,2011,12.862243950367001
HUN,2012,10.3887489438057
HUN,2013,9.9110139012336695
HUN,2014,8.65729063749313
HUN,2015,6.5575249493122101
HUN,2016,7.0861464440822601
HUN,2017,9.1872329711913991
HUN,2018,9.5020940303802508
HUN,2019,8.5433678030967695
HUN,2020,8.4087468087673205
IDN,1990,
IDN,1991,
IDN,1992,
IDN,1993,
IDN,1994,
IDN,1995,
IDN,1996,-8.3277952671051008
IDN,1997,
IDN,1998,-12.7591032981873
IDN,1999,
IDN,2000,-11.8423847556114
IDN,2001,
IDN,2002,-15.474500417709301
IDN,2003,-14.604711890220599
IDN,2004,-12.458962976932501
IDN,2005,-13.563827157020601
IDN,2006,-11.805664539337201
IDN,2007,-11.882828772068001
IDN,2008,-11.4543039798737
IDN,2009,-10.4029003977776
IDN,2010,-11.152763307094601
IDN,2011,-10.1939470767975
IDN,2012,-9.9206738471984792
IDN,2013,-9.0665311217308098
IDN,2014,-5.2826074957847604
IDN,2015,-7.1572807431220999
IDN,2016,-5.7035160362720498
IDN,2017,-5.9060851037502298
IDN,2018,-5.2813864648342097
IDN,2019,-5.8294934630394
IDN,2020,-6.0785092711448696
IMN,1990,
IMN,1991,
IMN,1992,
IMN,1993,
IMN,1994,
IMN,1995,
IMN,1996,
IMN,1997,
IMN,1998,
IMN,1999,
IMN,2000,
IMN,2001,
IMN,2002,
IMN,2003,
IMN,2004,
IMN,2005,
IMN,2006,
IMN,2007,
IMN,2008,
IMN,2009,
IMN,2010,
IMN,2011,
IMN,2012,
IMN,2013,
IMN,2014,
IMN,2015,
IMN,2016,
IMN,2017,
IMN,2018,
IMN,2019,
IMN,2020,
IND,1990,
IND,1991,
IND,1992,
IND,1993,
IND,1994,
IND,1995,
IND,1996,5.3287555277347503
IND,1997,
IND,1998,5.6952433288097302
IND,1999,
IND,2000,5.9173530638217899
IND,2001,
IND,2002,-0.29572980292141399
IND,2003,2.04274796694517
IND,2004,0.90705300122499499
IND,2005,2.26321277022361
IND,2006,3.0428235232829999
IND,2007,1.64726873487234
IND,2008,1.62945782393217
IND,2009,0.305674027651548
IND,2010,-0.60878395289182596
IND,2011,-1.4670513719320299
IND,2012,-1.0689726993441599
IND,2013,-0.77816131338477101
IND,2014,-1.1707740575075101
IND,2015,-1.1346452869474899
IND,2016,-0.89518159255385399
IND,2017,-0.44327182229608297
IND,2018,0.0438409870257601
IND,2019,-1.06466573104262
IND,2020,-0.90892045199870997
IRL,1990,
IRL,1991,
IRL,1992,
IRL,1993,
IRL,1994,
IRL,1995,
IRL,1996,25.517681717872598
IRL,1997,
IRL,1998,27.055326461791999
IRL,1999,
IRL,2000,26.174604654312098
IRL,2001,
IRL,2002,27.1205329895019
IRL,2003,25.201935887336699
IRL,2004,25.681557297706501
IRL,2005,26.932831168174701
IRL,2006,29.05127120018
IRL,2007,29.3797640800476
IRL,2008,28.9701825380325
IRL,2009,29.6326886415481
IRL,2010,29.9338250160217
IRL,2011,29.689965248107999
IRL,2012,29.362461328506399
IRL,2013,29.055635809898401
IRL,2014,29.931052088737498
IRL,2015,29.467734336853098
IRL,2016,25.0075154304504
IRL,2017,23.5538763999939
IRL,2018,24.099825739860499
IRL,2019,23.000790715217601
IRL,2020,24.862896680831899
IRN,1990,
IRN,1991,
IRN,1992,
IRN,1993,
IRN,1994,
IRN,1995,
IRN,1996,-15.985761463642101
IRN,1997,
IRN,1998,-11.620976209640499
IRN,1999,
IRN,2000,-8.8313726186752302
IRN,2001,
IRN,2002,-13.970220923423801
IRN,2003,-11.5687680244446
IRN,2004,-11.4508851766586
IRN,2005,-14.718673348426799
IRN,2006,-16.904054641723601
IRN,2007,-17.466681838035498
IRN,2008,-16.633887112140702
IRN,2009,-17.912532687187099
IRN,2010,-17.453292369842501
IRN,2011,-16.4523804783821
IRN,2012,-15.6171143651009
IRN,2013,-16.949092566967
IRN,2014,-17.897087931632999
IRN,2015,-15.9393721222878
IRN,2016,-11.778928697109199
IRN,2017,-11.8813804388046
IRN,2018,-12.0649820566177
IRN,2019,-13.049728929996499
IRN,2020,-15.017024576663999
IRQ,1990,
IRQ,1991,
IRQ,1992,
IRQ,1993,
IRQ,1994,
IRQ,1995,
IRQ,1996,-26.5711959600448
IRQ,1997,
IRQ,1998,-26.31911444664
IRQ,1999,
IRQ,2000,-23.687689781189
IRQ,2001,
IRQ,2002,-25.717319965362599
IRQ,2003,-27.958589673042201
IRQ,2004,-31.012596249580401
IRQ,2005,-29.1872491836547
IRQ,2006,-28.574053287506199
IRQ,2007,-31.246481299400301
IRQ,2008,-30.0589629411697
IRQ,2009,-28.912160158157299
IRQ,2010,-29.0230250358582
IRQ,2011,-26.456875801086401
IRQ,2012,-26.690693974494899
IRQ,2013,-26.590163707733101
IRQ,2014,-24.6243414878845
IRQ,2015,-26.508723616600101
IRQ,2016,-30.025132417678801
IRQ,2017,-29.7959982156754
IRQ,2018,-30.590759992599398
IRQ,2019,-30.071437001228301
IRQ,2020,-30.518325924873398
ISL,1990,
ISL,1991,
ISL,1992,
ISL,1993,
ISL,1994,
ISL,1995,
ISL,1996,27.225537061691298
ISL,1997,
ISL,1998,28.214229822158899
ISL,1999,
ISL,2000,30.545507073402302
ISL,2001,
ISL,2002,31.605715036392201
ISL,2003,32.618827819824197
ISL,2004,32.4041119813918
ISL,2005,32.968508362770102
ISL,2006,31.9955862760544
ISL,2007,31.0725337266922
ISL,2008,31.504239201545801
ISL,2009,29.017561435699498
ISL,2010,29.012468695640599
ISL,2011,28.705637693405201
ISL,2012,28.525547623634299
ISL,2013,28.116246581077601
ISL,2014,28.978622555732699
ISL,2015,27.856472134590099
ISL,2016,25.2997405529023
ISL,2017,26.7884426116943
ISL,2018,28.640397429466201
ISL,2019,29.445096611976599
ISL,2020,29.876841187477101
ISR,1990,
ISR,1991,
ISR,1992,
ISR,1993,
ISR,1994,
ISR,1995,
ISR,1996,21.741742253303599
ISR,1997,
ISR,1998,16.895445823669402
ISR,1999,
ISR,2000,17.017031192779498
ISR,2001,
ISR,2002,18.186993479728599
ISR,2003,15.4867367744446
ISR,2004,14.420599102973901
ISR,2005,13.731171190738699
ISR,2006,15.1498620510101
ISR,2007,13.878846466541299
ISR,2008,14.2385777235031
ISR,2009,14.1972774863243
ISR,2010,15.465104281902301
ISR,2011,17.090485811233499
ISR,2012,15.788846909999799
ISR,2013,16.516102552413901
ISR,2014,18.791106462478702
ISR,2015,19.3095380067825
ISR,2016,17.749785542487999
ISR,2017,16.902984201908101
ISR,2018,16.403179466724399
ISR,2019,17.2903826236725
ISR,2020,16.000313401222201
ITA,1990,
ITA,1991,
ITA,1992,
ITA,1993,
ITA,1994,
ITA,1995,
ITA,1996,17.959208369255101
ITA,1997,
ITA,1998,13.6316590905189
ITA,1999,
ITA,2000,14.247794508934
ITA,2001,
ITA,2002,12.5824137926102
ITA,2003,11.7033081650734
ITA,2004,10.0300664305687
ITA,2005,8.6571311950683594
ITA,2006,6.4431085586547896
ITA,2007,7.9483192563056999
ITA,2008,7.6146647334098896
ITA,2009,6.7854732275009102
ITA,2010,7.7311441898345903
ITA,2011,8.2185283303260803
ITA,2012,7.2409826517105103
ITA,2013,7.4174877703189797
ITA,2014,7.17880836129188
ITA,2015,4.9720923900604204
ITA,2016,6.3041552305221504
ITA,2017,5.4999695122242001
ITA,2018,4.1612111181020701
ITA,2019,4.71429499983787
ITA,2020,3.6077232509851398
JAM,1990,
JAM,1991,
JAM,1992,
JAM,1993,
JAM,1994,
JAM,1995,
JAM,1996,-5.6952914595603898
JAM,1997,
JAM,1998,-4.2209011614322698
JAM,1999,
JAM,2000,-8.1939851939678192
JAM,2001,
JAM,2002,-5.8530630469322196
JAM,2003,-8.5123012065887398
JAM,2004,-7.0044944882392901
JAM,2005,-6.9802598953247097
JAM,2006,-6.7342555224895504
JAM,2007,-5.9546462893485996
JAM,2008,-5.0555861592292803
JAM,2009,-6.8283253014087704
JAM,2010,-7.3503205180168196
JAM,2011,-6.3092974722385504
JAM,2012,-5.8987872600555402
JAM,2013,-5.4293129742145503
JAM,2014,-4.0273578912019801
JAM,2015,-3.18905061483383
JAM,2016,-2.8780957162380201
JAM,2017,-2.2162672057747801
JAM,2018,-3.64523886144161
JAM,2019,-5.2166847586631704
JAM,2020,-3.9980165660381299
JOR,1990,
JOR,1991,
JOR,1992,
JOR,1993,
JOR,1994,
JOR,1995,
JOR,1996,4.7078592181205696
JOR,1997,
JOR,1998,5.1022532284259796
JOR,1999,
JOR,2000,6.0922176539897999
JOR,2001,
JOR,2002,1.04735116288066
JOR,2003,5.5184509754180997
JOR,2004,5.0569713115692103
JOR,2005,5.0861147344112299
JOR,2006,5.1629987955093304
JOR,2007,6.1737187206745201
JOR,2008,6.7639592885971096
JOR,2009,3.6816551238298398
JOR,2010,2.4846182763576401
JOR,2011,3.4099279046058601
JOR,2012,5.9652958512306196
JOR,2013,6.38277667760849
JOR,2014,7.9433023631572697
JOR,2015,7.1195634603500402
JOR,2016,4.2406355738639796
JOR,2017,4.0759004652500197
JOR,2018,4.0026647746563002
JOR,2019,2.3248863220214901
JOR,2020,3.2944918423891099
JPN,1990,
JPN,1991,
JPN,1992,
JPN,1993,
JPN,1994,
JPN,1995,
JPN,1996,22.9130907058716
JPN,1997,
JPN,1998,22.924927830696198
JPN,1999,
JPN,2000,21.925905704498199
JPN,2001,
JPN,2002,19.525378942489599
JPN,2003,19.787832379341101
JPN,2004,21.241032481193599
JPN,2005,20.814741969108599
JPN,2006,22.975936293602
JPN,2007,22.437125205993599
JPN,2008,22.247376561164899
JPN,2009,21.8804115056992
JPN,2010,22.434196829795798
JPN,2011,22.162887334823498
JPN,2012,22.973218679428101
JPN,2013,24.411816000938501
JPN,2014,27.165349960327202
JPN,2015,25.333558082580598
JPN,2016,23.617341876029901
JPN,2017,26.092489600181601
JPN,2018,25.492305278778101
JPN,2019,25.545311570167499
JPN,2020,25.160273194313099
KAZ,1990,
KAZ,1991,
KAZ,1992,
KAZ,1993,
KAZ,1994,
KAZ,1995,
KAZ,1996,-20.171141624450701
KAZ,1997,
KAZ,1998,-18.9268816709519
KAZ,1999,
KAZ,2000,-19.565549373626801
KAZ,2001,
KAZ,2002,-20.441243290901099
KAZ,2003,-18.647249102592401
KAZ,2004,-19.149944901466402
KAZ,2005,-16.2050147652626
KAZ,2006,-18.736028552055298
KAZ,2007,-17.542349457740801
KAZ,2008,-15.748561978340099
KAZ,2009,-12.2984980940819
KAZ,2010,-11.8258754014969
KAZ,2011,-10.907774746417999
KAZ,2012,-13.139283537864699
KAZ,2013,-12.1769067049027
KAZ,2014,-10.3597179055214
KAZ,2015,-8.7084720134735107
KAZ,2016,-8.6751623153686506
KAZ,2017,-8.2318043708801305
KAZ,2018,-8.50525206327438
KAZ,2019,-8.6100610494613594
KAZ,2020,-7.8666255176067397
KEN,1990,
KEN,1991,
KEN,1992,
KEN,1993,
KEN,1994,
KEN,1995,
KEN,1996,-17.366871833801302
KEN,1997,
KEN,1998,-17.477817773818899
KEN,1999,
KEN,2000,-15.671599388122599
KEN,2001,
KEN,2002,-16.436510503292102
KEN,2003,-15.6974349617958
KEN,2004,-14.691908597946201
KEN,2005,-14.9749771952629
KEN,2006,-15.000198721885701
KEN,2007,-16.512178122997302
KEN,2008,-16.9999371767044
KEN,2009,-17.384973049163701
KEN,2010,-16.217353463172898
KEN,2011,-15.5209430456161
KEN,2012,-14.1343599557877
KEN,2013,-12.155713021755201
KEN,2014,-7.0024870038032496
KEN,2015,-8.5668465495109505
KEN,2016,-7.7107692956924403
KEN,2017,-7.2712693810462996
KEN,2018,-7.2198891043663096
KEN,2019,-7.8303036093711897
KEN,2020,-9.7515568733215297
KGZ,1990,
KGZ,1991,
KGZ,1992,
KGZ,1993,
KGZ,1994,
KGZ,1995,
KGZ,1996,-12.3330458402634
KGZ,1997,
KGZ,1998,-13.5283998847008
KGZ,1999,
KGZ,2000,-15.4142518639564
KGZ,2001,
KGZ,2002,-14.516542434692401
KGZ,2003,-12.9227204918861
KGZ,2004,-13.483838915824901
KGZ,2005,-19.095094084739699
KGZ,2006,-22.393977761268602
KGZ,2007,-22.473100662231399
KGZ,2008,-23.509537100791999
KGZ,2009,-22.6058138608932
KGZ,2010,-21.5807768106461
KGZ,2011,-20.333914756774799
KGZ,2012,-19.292411923408501
KGZ,2013,-18.956289649009701
KGZ,2014,-15.9119537472725
KGZ,2015,-17.213484168052702
KGZ,2016,-17.7198483943939
KGZ,2017,-16.0633504986763
KGZ,2018,-15.7463569641113
KGZ,2019,-15.483134031295799
KGZ,2020,-16.259019255638101
KHM,1990,
KHM,1991,
KHM,1992,
KHM,1993,
KHM,1994,
KHM,1995,
KHM,1996,-20.304270267486601
KHM,1997,
KHM,1998,-20.036797046661398
KHM,1999,
KHM,2000,-18.427233815193201
KHM,2001,
KHM,2002,-19.768648982047999
KHM,2003,-19.636841654777498
KHM,2004,-20.646022915840099
KHM,2005,-21.110297203064
KHM,2006,-21.049818634986799
KHM,2007,-19.468175292015101
KHM,2008,-19.646552920341499
KHM,2009,-19.107348680496202
KHM,2010,-19.0925629138946
KHM,2011,-17.858297944068799
KHM,2012,-16.682885229587601
KHM,2013,-17.128468394279501
KHM,2014,-16.220725893974301
KHM,2015,-16.898438215255698
KHM,2016,-18.348757147789001
KHM,2017,-18.225160121917799
KHM,2018,-19.248247027397198
KHM,2019,-16.183745145797701
KHM,2020,-16.328619062900501
KIR,1990,
KIR,1991,
KIR,1992,
KIR,1993,
KIR,1994,
KIR,1995,
KIR,1996,13.7553895711899
KIR,1997,
KIR,1998,14.9006389975548
KIR,1999,
KIR,2000,14.2751084566116
KIR,2001,
KIR,2002,14.177078783512099
KIR,2003,14.165830373764001
KIR,2004,10.268432199955001
KIR,2005,12.7593221664429
KIR,2006,15.0452470779419
KIR,2007,13.7703931927681
KIR,2008,6.7981371879577601
KIR,2009,2.4186028987169301
KIR,2010,1.0516608282923701
KIR,2011,2.05962640792132
KIR,2012,3.1093582063913399
KIR,2013,3.9034255146980201
KIR,2014,-1.78184702992439
KIR,2015,-2.5875785052776301
KIR,2016,5.1856893301010096
KIR,2017,10.187479615211499
KIR,2018,9.9125571846961904
KIR,2019,13.9003666639328
KIR,2020,17.2131074666977
KNA,1990,
KNA,1991,
KNA,1992,
KNA,1993,
KNA,1994,
KNA,1995,
KNA,1996,13.7553895711899
KNA,1997,
KNA,1998,14.9006389975548
KNA,1999,
KNA,2000,14.2751084566116
KNA,2001,
KNA,2002,14.177078783512099
KNA,2003,14.165830373764001
KNA,2004,14.7316190004349
KNA,2005,14.808606922626501
KNA,2006,15.6606012582779
KNA,2007,15.1895542144775
KNA,2008,16.1886219382286
KNA,2009,16.8953809738159
KNA,2010,16.601287901401498
KNA,2011,16.6520237922668
KNA,2012,16.535500764846802
KNA,2013,16.537270128726998
KNA,2014,-11.4614997506142
KNA,2015,8.36656662821769
KNA,2016,7.92715880274773
KNA,2017,8.5339282453060097
KNA,2018,8.9335309863090497
KNA,2019,7.5371247231960297
KNA,2020,8.3293532133102399
KOR,1990,
KOR,1991,
KOR,1992,
KOR,1993,
KOR,1994,
KOR,1995,
KOR,1996,13.578705132007601
KOR,1997,
KOR,1998,13.237909018993401
KOR,1999,
KOR,2000,14.1157754063606
KOR,2001,
KOR,2002,15.6401695013046
KOR,2003,13.605079770088199
KOR,2004,15.463269233703601
KOR,2005,16.561789274215698
KOR,2006,14.245179235935201
KOR,2007,17.179346323013402
KOR,2008,14.628577649593399
KOR,2009,16.902060508727999
KOR,2010,17.139528512954701
KOR,2011,17.435035109520001
KOR,2012,16.742204606533001
KOR,2013,16.067502200603499
KOR,2014,17.102734327316298
KOR,2015,15.4220556616783
KOR,2016,19.2409346103668
KOR,2017,19.301777482032801
KOR,2018,20.480142831802301
KOR,2019,19.752532482147299
KOR,2020,19.590188503265399
KWT,1990,
KWT,1991,
KWT,1992,
KWT,1993,
KWT,1994,
KWT,1995,
KWT,1996,10.1800925135613
KWT,1997,
KWT,1998,10.342012465000201
KWT,1999,
KWT,2000,9.3923461437225306
KWT,2001,
KWT,2002,10.0545138120651
KWT,2003,9.32235795259475
KWT,2004,8.6270834207534808
KWT,2005,8.9716124534607005
KWT,2006,8.9989243745803797
KWT,2007,10.0824033021927
KWT,2008,9.8687220215797407
KWT,2009,9.8671494126319903
KWT,2010,9.9581509828567505
KWT,2011,9.2293034791946393
KWT,2012,6.1666668057441703
KWT,2013,6.1345370411872899
KWT,2014,0.39404208213090902
KWT,2015,-0.28827000118326401
KWT,2016,0.184061392210424
KWT,2017,1.4093898907303799
KWT,2018,3.2211802154779501
KWT,2019,3.3307243287563302
KWT,2020,5.3155798017978704
LAO,1990,
LAO,1991,
LAO,1992,
LAO,1993,
LAO,1994,
LAO,1995,
LAO,1996,-17.815144419670101
LAO,1997,
LAO,1998,-16.878303170204202
LAO,1999,
LAO,2000,-17.972413420677199
LAO,2001,
LAO,2002,-21.296774983405999
LAO,2003,-23.4635828733444
LAO,2004,-21.414185643196198
LAO,2005,-19.9491626024246
LAO,2006,-17.2520815134048
LAO,2007,-16.2605566382408
LAO,2008,-14.8610653877258
LAO,2009,-17.846566200256401
LAO,2010,-16.564019501209302
LAO,2011,-17.040099501609799
LAO,2012,-14.5661991834641
LAO,2013,-13.6604077219963
LAO,2014,-12.8515594601631
LAO,2015,-13.896143674850499
LAO,2016,-13.763404786586801
LAO,2017,-15.3175042867661
LAO,2018,-14.636270105838801
LAO,2019,-16.422587275505101
LAO,2020,-14.9205417633057
LBN,1990,
LBN,1991,
LBN,1992,
LBN,1993,
LBN,1994,
LBN,1995,
LBN,1996,-4.8102176189422599
LBN,1997,
LBN,1998,-7.0362172126770099
LBN,1999,
LBN,2000,-2.8214978128671602
LBN,2001,
LBN,2002,-4.7382135093212101
LBN,2003,-5.8961395621299699
LBN,2004,-3.4333164095878601
LBN,2005,-3.9479823261499298
LBN,2006,-10.2197877168655
LBN,2007,-11.167789220809899
LBN,2008,-10.304875791072799
LBN,2009,-10.454944431781801
LBN,2010,-10.960736811161
LBN,2011,-10.781864702701601
LBN,2012,-11.903995156288101
LBN,2013,-12.439235150814101
LBN,2014,-12.257787346839899
LBN,2015,-13.668290376663199
LBN,2016,-13.7336955666542
LBN,2017,-13.713421702384901
LBN,2018,-13.253970026969901
LBN,2019,-14.4397813081741
LBN,2020,-15.3470040559769
LBR,1990,
LBR,1991,
LBR,1992,
LBR,1993,
LBR,1994,
LBR,1995,
LBR,1996,-32.775630712509098
LBR,1997,
LBR,1998,-30.634866118431201
LBR,1999,
LBR,2000,-31.974781632423401
LBR,2001,
LBR,2002,-27.731299042701799
LBR,2003,-26.071983814239498
LBR,2004,-26.5737818479538
LBR,2005,-22.438943028450002
LBR,2006,-15.0264659523964
LBR,2007,-15.405098915100099
LBR,2008,-18.801518797874401
LBR,2009,-17.4277232885361
LBR,2010,-16.546769440174099
LBR,2011,-15.9359446167946
LBR,2012,-15.0996125340462
LBR,2013,-14.9956954717636
LBR,2014,-13.662743389606501
LBR,2015,-14.849692940712
LBR,2016,-16.3966200947762
LBR,2017,-16.446785569191
LBR,2018,-16.975673854351001
LBR,2019,-17.029838502407099
LBR,2020,-17.5423694849014
LBY,1990,
LBY,1991,
LBY,1992,
LBY,1993,
LBY,1994,
LBY,1995,
LBY,1996,-20.119004368782001
LBY,1997,
LBY,1998,-19.018342256545999
LBY,1999,
LBY,2000,-16.9625917673111
LBY,2001,
LBY,2002,-19.4415138959885
LBY,2003,-15.4286556243896
LBY,2004,-15.4808861017227
LBY,2005,-16.674700975418101
LBY,2006,-18.362900733947701
LBY,2007,-16.2485239505768
LBY,2008,-13.9991662502289
LBY,2009,-16.037962555885301
LBY,2010,-17.160169005394
LBY,2011,-18.3313391208649
LBY,2012,-16.676443815231298
LBY,2013,-21.436048626899701
LBY,2014,-23.624215722084099
LBY,2015,-25.832475781440699
LBY,2016,-28.832170844078
LBY,2017,-28.5757222175598
LBY,2018,-28.7103401422501
LBY,2019,-29.924769997596702
LBY,2020,-31.913360238075299
LCA,1990,
LCA,1991,
LCA,1992,
LCA,1993,
LCA,1994,
LCA,1995,
LCA,1996,13.7553895711899
LCA,1997,
LCA,1998,14.9006389975548
LCA,1999,
LCA,2000,14.2751084566116
LCA,2001,
LCA,2002,14.177078783512099
LCA,2003,14.165830373764001
LCA,2004,13.663989782333401
LCA,2005,14.0527079105377
LCA,2006,14.8570984005928
LCA,2007,14.429993212223099
LCA,2008,15.508245646953601
LCA,2009,15.131869256496399
LCA,2010,14.499960124492601
LCA,2011,14.054137647151901
LCA,2012,12.2552371621132
LCA,2013,13.1106260418892
LCA,2014,10.6447651386261
LCA,2015,11.976472318172499
LCA,2016,9.4059574604034406
LCA,2017,10.3460686802864
LCA,2018,10.8283394575119
LCA,2019,10.0803288221359
LCA,2020,11.2984014749527
LIE,1990,
LIE,1991,
LIE,1992,
LIE,1993,
LIE,1994,
LIE,1995,
LIE,1996,24.950956821441601
LIE,1997,
LIE,1998,25.069449663162299
LIE,1999,
LIE,2000,25.456106781959502
LIE,2001,
LIE,2002,25.2428703308106
LIE,2003,21.614952683448699
LIE,2004,18.374350786209
LIE,2005,16.4253026247025
LIE,2006,18.012026548385599
LIE,2007,23.7129933834076
LIE,2008,24.1485594511032
LIE,2009,27.391836404800401
LIE,2010,27.484231233596699
LIE,2011,27.374424219131399
LIE,2012,27.1148809194565
LIE,2013,26.817025423049898
LIE,2014,29.577139616012602
LIE,2015,28.087171673774701
LIE,2016,28.094413161277799
LIE,2017,27.8811004161835
LIE,2018,27.893280744552602
LIE,2019,27.926148176193198
LIE,2020,29.2827949523925
LKA,1990,
LKA,1991,
LKA,1992,
LKA,1993,
LKA,1994,
LKA,1995,
LKA,1996,2.74142394959927
LKA,1997,
LKA,1998,1.0927116721868499
LKA,1999,
LKA,2000,2.7120028883218801
LKA,2001,
LKA,2002,5.7604777216911396
LKA,2003,4.1640118807554201
LKA,2004,3.5893218517303498
LKA,2005,2.6939802020788099
LKA,2006,3.0217954516410801
LKA,2007,2.2419075667858102
LKA,2008,-0.0131183101912029
LKA,2009,-1.72780300676822
LKA,2010,-2.01304027438163
LKA,2011,-1.9901011586189199
LKA,2012,-1.9394340440630899
LKA,2013,-4.5145371854305196
LKA,2014,-2.5368271023035098
LKA,2015,0.60060275346040803
LKA,2016,1.8778822645544999
LKA,2017,0.52104129828512602
LKA,2018,0.0565680147410604
LKA,2019,0.73848021775484096
LKA,2020,-0.071934428531676503
LSO,1990,
LSO,1991,
LSO,1992,
LSO,1993,
LSO,1994,
LSO,1995,
LSO,1996,1.6720629110932299
LSO,1997,
LSO,1998,2.84658938646316
LSO,1999,
LSO,2000,1.6678789556026501
LSO,2001,
LSO,2002,1.4011157900094999
LSO,2003,1.4392776489257799
LSO,2004,-2.1400829106569299
LSO,2005,-3.21581050753593
LSO,2006,-4.02190634608269
LSO,2007,-5.31077945232391
LSO,2008,-4.1882444471120897
LSO,2009,-3.77036389708518
LSO,2010,-4.9321996867656699
LSO,2011,-4.5940943360328701
LSO,2012,-4.5784989595413199
LSO,2013,-3.45709539949894
LSO,2014,-3.5637657046318099
LSO,2015,-3.2563428878784202
LSO,2016,-3.1176435798406601
LSO,2017,-5.0432094633579201
LSO,2018,-6.1764954030513799
LSO,2019,-7.1740704178810102
LSO,2020,-8.2215539515018499
LTU,1990,
LTU,1991,
LTU,1992,
LTU,1993,
LTU,1994,
LTU,1995,
LTU,1996,7.6479550004005397
LTU,1997,
LTU,1998,9.3889091014862007
LTU,1999,
LTU,2000,3.7128430902957898
LTU,2001,
LTU,2002,6.76421615481377
LTU,2003,8.2491992712020892
LTU,2004,9.5329082012176496
LTU,2005,9.8113714456558299
LTU,2006,12.0117756128311
LTU,2007,11.6603025794029
LTU,2008,11.628299176693
LTU,2009,12.2751663327217
LTU,2010,13.197543025016801
LTU,2011,13.056530058383901
LTU,2012,14.360817670822099
LTU,2013,14.109765112400099
LTU,2014,15.936694085598001
LTU,2015,16.704856693744699
LTU,2016,17.024893820285801
LTU,2017,16.4208760261536
LTU,2018,15.775790274143199
LTU,2019,16.8580515384674
LTU,2020,16.2475024461746
LUX,1990,
LUX,1991,
LUX,1992,
LUX,1993,
LUX,1994,
LUX,1995,
LUX,1996,29.069984436035199
LUX,1997,
LUX,1998,29.983368277549701
LUX,1999,
LUX,2000,30.860334873199498
LUX,2001,
LUX,2002,31.799685001373199
LUX,2003,31.059484720230099
LUX,2004,31.364623546600299
LUX,2005,30.919609665870698
LUX,2006,28.6751643419265
LUX,2007,29.714468359947301
LUX,2008,30.418804645538302
LUX,2009,30.934622406959502
LUX,2010,31.349706053733801
LUX,2011,31.0000113248826
LUX,2012,30.458646774291999
LUX,2013,30.729531645774799
LUX,2014,32.335333943366997
LUX,2015,31.3427139520645
LUX,2016,29.3373029232025
LUX,2017,28.983454108238199
LUX,2018,30.158326148986799
LUX,2019,29.853682160377499
LUX,2020,29.668274760246302
LVA,1990,
LVA,1991,
LVA,1992,
LVA,1993,
LVA,1994,
LVA,1995,
LVA,1996,2.2723522931337299
LVA,1997,
LVA,1998,4.02064101397991
LVA,1999,
LVA,2000,2.5313185304403301
LVA,2001,
LVA,2002,5.2737380266189602
LVA,2003,9.8916099667549204
LVA,2004,9.1603822708129901
LVA,2005,9.6199245452880895
LVA,2006,10.4871900081635
LVA,2007,12.1686818599701
LVA,2008,13.2145458459854
LVA,2009,13.428582787513699
LVA,2010,12.896268844604499
LVA,2011,12.5828697681427
LVA,2012,13.2586751580238
LVA,2013,12.9551140666008
LVA,2014,14.804694712162
LVA,2015,13.102241337299301
LVA,2016,15.847758829593699
LVA,2017,15.3872985839844
LVA,2018,15.7746019363403
LVA,2019,16.732156157493598
LVA,2020,15.761221230030101
MAC,1990,
MAC,1991,
MAC,1992,
MAC,1993,
MAC,1994,
MAC,1995,
MAC,1996,3.6028716713190199
MAC,1997,
MAC,1998,3.4215704798698501
MAC,1999,
MAC,2000,3.2197797745466201
MAC,2001,
MAC,2002,11.705682277679401
MAC,2003,20.88356590271
MAC,2004,23.3088572025299
MAC,2005,12.2433736920357
MAC,2006,7.3882673084735897
MAC,2007,5.2597942948341396
MAC,2008,7.7806616127490997
MAC,2009,12.003082692623099
MAC,2010,12.191429972648599
MAC,2011,11.6648623347282
MAC,2012,11.0050556063652
MAC,2013,10.8490744829178
MAC,2014,16.1539811491966
MAC,2015,15.2353004217148
MAC,2016,14.0443139672279
MAC,2017,13.932567656040201
MAC,2018,16.610435664653799
MAC,2019,15.0844863057137
MAC,2020,13.8920266032219
MAF,1990,
MAF,1991,
MAF,1992,
MAF,1993,
MAF,1994,
MAF,1995,
MAF,1996,
MAF,1997,
MAF,1998,
MAF,1999,
MAF,2000,
MAF,2001,
MAF,2002,
MAF,2003,
MAF,2004,
MAF,2005,
MAF,2006,
MAF,2007,
MAF,2008,
MAF,2009,
MAF,2010,
MAF,2011,
MAF,2012,
MAF,2013,
MAF,2014,
MAF,2015,
MAF,2016,
MAF,2017,
MAF,2018,
MAF,2019,
MAF,2020,
MAR,1990,
MAR,1991,
MAR,1992,
MAR,1993,
MAR,1994,
MAR,1995,
MAR,1996,3.7609322965145102
MAR,1997,
MAR,1998,2.1987844407558401
MAR,1999,
MAR,2000,1.6694377586245499
MAR,2001,
MAR,2002,-0.83318357169628199
MAR,2003,-1.91948701441287
MAR,2004,-0.83354486897587798
MAR,2005,-4.58382728695869
MAR,2006,-5.4091176688671201
MAR,2007,-5.6040613949298796
MAR,2008,-6.5564367175102296
MAR,2009,-4.4678559899330201
MAR,2010,-3.63008099794388
MAR,2011,-4.6832360327243796
MAR,2012,-4.9695886671543104
MAR,2013,-5.8584444522857702
MAR,2014,-2.22436927258968
MAR,2015,-3.0210666060447702
MAR,2016,-4.5909481644630397
MAR,2017,-4.6813229322433498
MAR,2018,-4.1706964522600201
MAR,2019,-4.0329772233963004
MAR,2020,-3.2001678496599202
MCO,1990,
MCO,1991,
MCO,1992,
MCO,1993,
MCO,1994,
MCO,1995,
MCO,1996,13.7553895711899
MCO,1997,
MCO,1998,14.9006389975548
MCO,1999,
MCO,2000,14.2751084566116
MCO,2001,
MCO,2002,14.177078783512099
MCO,2003,14.165830373764001
MCO,2004,14.047617197036701
MCO,2005,13.2007895708084
MCO,2006,16.733219861984299
MCO,2007,14.9067034721374
MCO,2008,15.3336445093155
MCO,2009,16.0455732941628
MCO,2010,15.0000224113464
MCO,2011,15.973337650299101
MCO,2012,15.756971180439001
MCO,2013,15.796005845069899
MCO,2014,
MCO,2015,21.183266043663
MCO,2016,21.183735847473098
MCO,2017,21.493478417396599
MCO,2018,21.511936783790599
MCO,2019,21.144898176193301
MCO,2020,19.1428238153458
MDA,1990,
MDA,1991,
MDA,1992,
MDA,1993,
MDA,1994,
MDA,1995,
MDA,1996,-2.0592115968465801
MDA,1997,
MDA,1998,-1.0802404880523699
MDA,1999,
MDA,2000,-7.9678436219692204
MDA,2001,
MDA,2002,-10.644716382026701
MDA,2003,-9.1705667376518196
MDA,2004,-6.2401888072490701
MDA,2005,-5.9759884774685004
MDA,2006,-8.8000491261482203
MDA,2007,-8.6124202609062195
MDA,2008,-7.2087011039256996
MDA,2009,-7.3881153166294098
MDA,2010,-6.0793885290622596
MDA,2011,-5.57056796550751
MDA,2012,-5.49112588167191
MDA,2013,-6.2864006161689803
MDA,2014,-4.16610896587372
MDA,2015,-6.3625646829605103
MDA,2016,-8.7716987729072606
MDA,2017,-7.46989178657532
MDA,2018,-7.36202877759934
MDA,2019,-7.6412173211574599
MDA,2020,-8.5164438486099208
MDG,1990,
MDG,1991,
MDG,1992,
MDG,1993,
MDG,1994,
MDG,1995,
MDG,1996,-6.8598696887493098
MDG,1997,
MDG,1998,-6.3077491819858604
MDG,1999,
MDG,2000,-3.2897236347198602
MDG,2001,
MDG,2002,-3.5645874589681599
MDG,2003,-4.1917498856782904
MDG,2004,-4.6643181145191104
MDG,2005,-5.9974679648876101
MDG,2006,-7.6229543685913104
MDG,2007,-6.6198284626007098
MDG,2008,-7.7461478114128104
MDG,2009,-12.454666674137099
MDG,2010,-14.933237195015
MDG,2011,-15.214446425437901
MDG,2012,-15.773174524307199
MDG,2013,-15.650639176368699
MDG,2014,-12.524022340774501
MDG,2015,-11.920375406742099
MDG,2016,-14.112080335617099
MDG,2017,-14.870959877967801
MDG,2018,-14.1729930639267
MDG,2019,-17.178080022334999
MDG,2020,-14.895179033279399
MDV,1990,
MDV,1991,
MDV,1992,
MDV,1993,
MDV,1994,
MDV,1995,
MDV,1996,0.29732711054384697
MDV,1997,
MDV,1998,-3.00452968478203
MDV,1999,
MDV,2000,4.3125324845314097
MDV,2001,
MDV,2002,-1.17880757898092
MDV,2003,1.3505944609642
MDV,2004,-5.07269182801247
MDV,2005,1.5362755507230801
MDV,2006,-0.593515865504742
MDV,2007,-2.2289733141660601
MDV,2008,-2.9199424237012801
MDV,2009,-2.5770797282457401
MDV,2010,-5.4261650741100302
MDV,2011,-9.2185718417167593
MDV,2012,-9.2565171122551
MDV,2013,-12.5489895343781
MDV,2014,-8.6286700069904292
MDV,2015,-9.7584447264671308
MDV,2016,-6.1660875976085601
MDV,2017,-10.320473611354799
MDV,2018,-9.2850776314735395
MDV,2019,-6.7479032874107396
MDV,2020,-4.6662048995494798
MEX,1990,
MEX,1991,
MEX,1992,
MEX,1993,
MEX,1994,
MEX,1995,
MEX,1996,-12.3529881834984
MEX,1997,
MEX,1998,-9.0462485551834106
MEX,1999,
MEX,2000,-7.2506625056266802
MEX,2001,
MEX,2002,-5.9365430474281302
MEX,2003,-6.42434617877006
MEX,2004,-6.9684779942035702
MEX,2005,-6.5108219385147104
MEX,2006,-8.0332867503166199
MEX,2007,-9.2298476099967992
MEX,2008,-11.717820346355399
MEX,2009,-9.5687701702117902
MEX,2010,-9.3845327496528608
MEX,2011,-9.3480911850929207
MEX,2012,-9.0980615615844709
MEX,2013,-9.3374136686325109
MEX,2014,-6.9104908406734404
MEX,2015,-7.6695147156715402
MEX,2016,-9.8129820227623004
MEX,2017,-9.9013072252273595
MEX,2018,-10.8604136705399
MEX,2019,-11.156352341175101
MEX,2020,-10.9644913673401
MHL,1990,
MHL,1991,
MHL,1992,
MHL,1993,
MHL,1994,
MHL,1995,
MHL,1996,-3.4366088062524698
MHL,1997,
MHL,1998,-2.7405636757612202
MHL,1999,
MHL,2000,14.2751084566116
MHL,2001,
MHL,2002,14.177078783512099
MHL,2003,14.165830373764001
MHL,2004,14.047617197036701
MHL,2005,8.4782910048961693
MHL,2006,10.6753771901131
MHL,2007,14.845702052116399
MHL,2008,13.437058866024
MHL,2009,5.7045548558235204
MHL,2010,6.8697947561740804
MHL,2011,2.9398381561040901
MHL,2012,1.80871586501598
MHL,2013,4.1473353058099702
MHL,2014,-3.3956365287304
MHL,2015,-0.56251602328848205
MHL,2016,1.56007616221904
MHL,2017,4.6352055966854104
MHL,2018,2.34734968282282
MHL,2019,6.4484122991561899
MHL,2020,8.6160588860511798
MKD,1990,
MKD,1991,
MKD,1992,
MKD,1993,
MKD,1994,
MKD,1995,
MKD,1996,-5.2295783162117004
MKD,1997,
MKD,1998,-5.6383695006370598
MKD,1999,
MKD,2000,-10.141733825206799
MKD,2001,
MKD,2002,-9.7971683144569397
MKD,2003,-8.6151277422905004
MKD,2004,-3.2767944484949201
MKD,2005,-5.0519130229949898
MKD,2006,-9.1397164463996905
MKD,2007,-7.1621546149253899
MKD,2008,-5.4464179873466501
MKD,2009,-4.9621836245060003
MKD,2010,-5.1375416815280897
MKD,2011,-4.5816512703895604
MKD,2012,-4.2766933143139001
MKD,2013,-3.92364338040352
MKD,2014,-0.946689423173666
MKD,2015,-3.9728097617626199
MKD,2016,-5.7846457660198203
MKD,2017,-5.2040860652923602
MKD,2018,-5.1758565008640298
MKD,2019,-5.1333730518817902
MKD,2020,-1.73065247386694
MLI,1990,
MLI,1991,
MLI,1992,
MLI,1993,
MLI,1994,
MLI,1995,
MLI,1996,-5.0474839806556702
MLI,1997,
MLI,1998,-3.87321069836617
MLI,1999,
MLI,2000,-4.1135004311800101
MLI,2001,
MLI,2002,-4.4880734384060004
MLI,2003,0.51140379160642602
MLI,2004,-3.3003362119197899
MLI,2005,-2.3807300776243201
MLI,2006,-4.8863847851753199
MLI,2007,-3.10082639753819
MLI,2008,-5.4312218427658001
MLI,2009,-6.17272368073463
MLI,2010,-7.6033849120140102
MLI,2011,-8.5037096142768895
MLI,2012,-11.3031085729599
MLI,2013,-12.701229393482199
MLI,2014,-10.797489821910901
MLI,2015,-12.7163391709328
MLI,2016,-13.540473759174301
MLI,2017,-13.4421827793121
MLI,2018,-13.813856184482599
MLI,2019,-14.647404313087501
MLI,2020,-16.095224976539601
MLT,1990,
MLT,1991,
MLT,1992,
MLT,1993,
MLT,1994,
MLT,1995,
MLT,1996,17.917481541633698
MLT,1997,
MLT,1998,21.4406079053879
MLT,1999,
MLT,2000,23.190599441528398
MLT,2001,
MLT,2002,25.074025630950899
MLT,2003,26.179314374923699
MLT,2004,22.326396107673599
MLT,2005,24.0697790384292
MLT,2006,26.445652723312399
MLT,2007,27.419738054275498
MLT,2008,27.432219624519298
MLT,2009,25.052150964736899
MLT,2010,23.971908450126701
MLT,2011,21.735861182212801
MLT,2012,22.7546402215957
MLT,2013,22.538029074668898
MLT,2014,20.249952554702801
MLT,2015,18.8838759660721
MLT,2016,16.5297961235046
MLT,2017,18.981158494949401
MLT,2018,17.416251063346898
MLT,2019,15.736889958381701
MLT,2020,15.100223422050499
MMR,1990,
MMR,1991,
MMR,1992,
MMR,1993,
MMR,1994,
MMR,1995,
MMR,1996,-26.870437502861002
MMR,1997,
MMR,1998,-26.0836182832718
MMR,1999,
MMR,2000,-24.291156172752402
MMR,2001,
MMR,2002,-29.176017999649002
MMR,2003,-28.962899088859501
MMR,2004,-29.516919493675299
MMR,2005,-29.5098042488098
MMR,2006,-26.1032475233078
MMR,2007,-26.3369562625886
MMR,2008,-26.215253353118801
MMR,2009,-26.095623612403902
MMR,2010,-26.3720096349717
MMR,2011,-24.474322557449401
MMR,2012,-23.065181851387099
MMR,2013,-21.1394942998886
MMR,2014,-20.302871465682902
MMR,2015,-21.381981730461099
MMR,2016,-15.2858185768127
MMR,2017,-16.270615279674502
MMR,2018,-17.686829686164899
MMR,2019,-18.2861486673355
MMR,2020,-20.256414532661399
MNE,1990,
MNE,1991,
MNE,1992,
MNE,1993,
MNE,1994,
MNE,1995,
MNE,1996,
MNE,1997,
MNE,1998,-13.4848248362541
MNE,1999,
MNE,2000,5.38451424241065
MNE,2001,
MNE,2002,4.6591934561729396
MNE,2003,-2.98182412981987
MNE,2004,-3.6662560701370199
MNE,2005,-2.3598968088626902
MNE,2006,-3.6157329678535399
MNE,2007,-3.3026528209447799
MNE,2008,-1.5113787800073599
MNE,2009,-0.281405869871377
MNE,2010,-1.08143172413111
MNE,2011,-1.0006504654884301
MNE,2012,-0.99416991323232595
MNE,2013,-0.58277317136526097
MNE,2014,0.24063311703503101
MNE,2015,-0.70456752926111299
MNE,2016,-2.2276323586702298
MNE,2017,-1.8195068910718
MNE,2018,0.114870994817466
MNE,2019,-0.047766818664968
MNE,2020,-0.59820787701755795
MNG,1990,
MNG,1991,
MNG,1992,
MNG,1993,
MNG,1994,
MNG,1995,
MNG,1996,3.42397625744344
MNG,1997,
MNG,1998,4.1309921592474002
MNG,1999,
MNG,2000,0.0086442650062963002
MNG,2001,
MNG,2002,4.0956912934779997
MNG,2003,5.07587605714797
MNG,2004,3.0401162952184699
MNG,2005,-3.7060693204402901
MNG,2006,-5.3842214047908703
MNG,2007,-5.7915777862071902
MNG,2008,-5.6924335062503797
MNG,2009,-4.4773833453655199
MNG,2010,-6.20230028033256
MNG,2011,-4.4585773944854799
MNG,2012,-6.2426151037216204
MNG,2013,-6.1571838259696898
MNG,2014,-5.6265231072902697
MNG,2015,-6.5742799043655404
MNG,2016,-3.7948875576257701
MNG,2017,-5.3225431442260698
MNG,2018,-4.6766045093536404
MNG,2019,-4.3218194097280502
MNG,2020,-4.4905604422092402
MNP,1990,
MNP,1991,
MNP,1992,
MNP,1993,
MNP,1994,
MNP,1995,
MNP,1996,
MNP,1997,
MNP,1998,
MNP,1999,
MNP,2000,
MNP,2001,
MNP,2002,
MNP,2003,
MNP,2004,
MNP,2005,
MNP,2006,
MNP,2007,
MNP,2008,
MNP,2009,
MNP,2010,
MNP,2011,
MNP,2012,
MNP,2013,
MNP,2014,
MNP,2015,
MNP,2016,
MNP,2017,
MNP,2018,
MNP,2019,
MNP,2020,
MOZ,1990,
MOZ,1991,
MOZ,1992,
MOZ,1993,
MOZ,1994,
MOZ,1995,
MOZ,1996,-13.696728825569201
MOZ,1997,
MOZ,1998,-14.1479804515839
MOZ,1999,
MOZ,2000,-13.6352572441101
MOZ,2001,
MOZ,2002,-12.4471643567085
MOZ,2003,-11.9268668889999
MOZ,2004,-11.560918152332301
MOZ,2005,-10.7736551165581
MOZ,2006,-10.5396342873573
MOZ,2007,-10.3559491038322
MOZ,2008,-10.483187556266801
MOZ,2009,-10.2069413661957
MOZ,2010,-8.2899923622608203
MOZ,2011,-9.8573773503303492
MOZ,2012,-10.1788026094437
MOZ,2013,-13.9405519962311
MOZ,2014,-13.754486322403
MOZ,2015,-14.721218168735501
MOZ,2016,-18.240805387496899
MOZ,2017,-17.091737389564599
MOZ,2018,-18.105509638786302
MOZ,2019,-18.070059180259701
MOZ,2020,-18.132838845252898
MRT,1990,
MRT,1991,
MRT,1992,
MRT,1993,
MRT,1994,
MRT,1995,
MRT,1996,-8.5615962147712708
MRT,1997,
MRT,1998,-7.7712376117706299
MRT,1999,
MRT,2000,-6.8956049978733098
MRT,2001,
MRT,2002,-8.2708327770233208
MRT,2003,-10.484353840351099
MRT,2004,-12.884923160076101
MRT,2005,-12.328063547611199
MRT,2006,-13.440947830677
MRT,2007,-11.935533463954901
MRT,2008,-19.722583293914902
MRT,2009,-13.854415297508201
MRT,2010,-15.259860575199101
MRT,2011,-15.8052184581757
MRT,2012,-15.9711844325066
MRT,2013,-17.150007009506201
MRT,2014,-14.8426722288132
MRT,2015,-15.135123312473301
MRT,2016,-12.6467117071152
MRT,2017,-10.4721391201019
MRT,2018,-11.9834812879562
MRT,2019,-10.2892659902573
MRT,2020,-10.2391896247864
MUS,1990,
MUS,1991,
MUS,1992,
MUS,1993,
MUS,1994,
MUS,1995,
MUS,1996,15.2293831706047
MUS,1997,
MUS,1998,17.291589260101201
MUS,1999,
MUS,2000,16.056633234024002
MUS,2001,
MUS,2002,17.0013719797135
MUS,2003,15.717488765716601
MUS,2004,15.2950031161308
MUS,2005,16.001130878925299
MUS,2006,14.1161209344864
MUS,2007,14.4708952307701
MUS,2008,15.9531146287918
MUS,2009,15.2562603950501
MUS,2010,15.0836614966393
MUS,2011,15.9001849889755
MUS,2012,17.407255053520299
MUS,2013,16.4291158914566
MUS,2014,16.1308746933937
MUS,2015,14.413539230823501
MUS,2016,11.7598706483841
MUS,2017,11.450605988502501
MUS,2018,12.1493850946426
MUS,2019,11.886959195137001
MUS,2020,15.2213286757469
MWI,1990,
MWI,1991,
MWI,1992,
MWI,1993,
MWI,1994,
MWI,1995,
MWI,1996,-6.4032983481884003
MWI,1997,
MWI,1998,-7.2203654646873403
MWI,1999,
MWI,2000,-8.97198534011841
MWI,2001,
MWI,2002,-6.6455850005149903
MWI,2003,-3.0652952641248601
MWI,2004,-2.2171952128410299
MWI,2005,-2.10463701933622
MWI,2006,-3.77801010012627
MWI,2007,-2.8272529840469298
MWI,2008,-2.0052933767437899
MWI,2009,-1.99671103060246
MWI,2010,-2.33952356874943
MWI,2011,-2.8170464783906901
MWI,2012,-4.0937245190143496
MWI,2013,-2.7637088298797599
MWI,2014,-4.9099026322364896
MWI,2015,-5.5573590695858002
MWI,2016,-6.6729756891727403
MWI,2017,-6.6480762660503396
MWI,2018,-6.8450541496276802
MWI,2019,-5.8186618387699101
MWI,2020,-4.7003655135631597
MYS,1990,
MYS,1991,
MYS,1992,
MYS,1993,
MYS,1994,
MYS,1995,
MYS,1996,8.8585467338561994
MYS,1997,
MYS,1998,4.8000356853008199
MYS,1999,
MYS,2000,3.3209174275398299
MYS,2001,
MYS,2002,6.6828837990760803
MYS,2003,7.9232775866985303
MYS,2004,7.8019845485687203
MYS,2005,7.3685716986656198
MYS,2006,7.6348669826984397
MYS,2007,6.2369002103805498
MYS,2008,4.20382563769817
MYS,2009,6.3560526967048698
MYS,2010,6.6961374878883397
MYS,2011,6.8447358608245903
MYS,2012,6.4560805559158299
MYS,2013,5.8033924102783203
MYS,2014,8.9105355143547094
MYS,2015,6.9074622988700796
MYS,2016,6.6565836369991302
MYS,2017,6.6565699875354802
MYS,2018,9.06843054294586
MYS,2019,8.4271346628665906
MYS,2020,9.7996847629547101
NAM,1990,
NAM,1991,
NAM,1992,
NAM,1993,
NAM,1994,
NAM,1995,
NAM,1996,4.2740086317062396
NAM,1997,
NAM,1998,3.02797847986221
NAM,1999,
NAM,2000,2.0421364530921
NAM,2001,
NAM,2002,4.7435048520564997
NAM,2003,4.8989859223365801
NAM,2004,-0.38313353620469498
NAM,2005,-1.1239375099539799
NAM,2006,3.33940444886685
NAM,2007,2.7332290560007202
NAM,2008,7.4436080455780003
NAM,2009,4.2857631742954299
NAM,2010,3.6410312503576199
NAM,2011,2.7729399651289102
NAM,2012,5.1692294478416398
NAM,2013,5.4234633743762997
NAM,2014,3.5091404914856001
NAM,2015,4.0964306145906404
NAM,2016,7.8335408866405398
NAM,2017,4.7661578357219696
NAM,2018,5.6671552062034598
NAM,2019,6.2534806132316598
NAM,2020,5.7426085770130202
NCL,1990,
NCL,1991,
NCL,1992,
NCL,1993,
NCL,1994,
NCL,1995,
NCL,1996,
NCL,1997,
NCL,1998,
NCL,1999,
NCL,2000,
NCL,2001,
NCL,2002,
NCL,2003,
NCL,2004,
NCL,2005,
NCL,2006,
NCL,2007,
NCL,2008,
NCL,2009,
NCL,2010,
NCL,2011,
NCL,2012,
NCL,2013,
NCL,2014,
NCL,2015,
NCL,2016,
NCL,2017,
NCL,2018,
NCL,2019,
NCL,2020,
NER,1990,
NER,1991,
NER,1992,
NER,1993,
NER,1994,
NER,1995,
NER,1996,-11.135244727134699
NER,1997,
NER,1998,-11.6195525527
NER,1999,
NER,2000,-13.012553751468699
NER,2001,
NER,2002,-10.9960424900055
NER,2003,-8.8817356228828395
NER,2004,-11.040779769420601
NER,2005,-12.2636443376541
NER,2006,-10.2267286777496
NER,2007,-10.421202242374401
NER,2008,-11.575488090515099
NER,2009,-8.3616169989109004
NER,2010,-8.4858100414276105
NER,2011,-6.9308600127697
NER,2012,-11.287446320056899
NER,2013,-11.325538039207499
NER,2014,-11.0620504021645
NER,2015,-10.035389721393599
NER,2016,-11.608121573925001
NER,2017,-11.9455735683441
NER,2018,-10.2391648292542
NER,2019,-9.3986871242523193
NER,2020,-9.7174150347709691
NGA,1990,
NGA,1991,
NGA,1992,
NGA,1993,
NGA,1994,
NGA,1995,
NGA,1996,-21.9252896308899
NGA,1997,
NGA,1998,-20.215061187744102
NGA,1999,
NGA,2000,-19.735640406608599
NGA,2001,
NGA,2002,-25.430296540260301
NGA,2003,-25.712671041488701
NGA,2004,-24.4742718935013
NGA,2005,-23.021671652793898
NGA,2006,-18.281731009483298
NGA,2007,-18.037895560264499
NGA,2008,-17.651181697845502
NGA,2009,-19.653832316398699
NGA,2010,-19.7002161741256
NGA,2011,-20.040258407592798
NGA,2012,-19.360088825225901
NGA,2013,-19.0443774461746
NGA,2014,-17.948242545127901
NGA,2015,-16.661812484264399
NGA,2016,-17.6120927333832
NGA,2017,-15.0574685335159
NGA,2018,-15.557201385498001
NGA,2019,-15.9091226458549
NGA,2020,-14.270876765251201
NIC,1990,
NIC,1991,
NIC,1992,
NIC,1993,
NIC,1994,
NIC,1995,
NIC,1996,-8.7707562446594292
NIC,1997,
NIC,1998,-10.286547601223001
NIC,1999,
NIC,2000,-14.667442977428401
NIC,2001,
NIC,2002,-11.519817531108901
NIC,2003,-9.5242355465888995
NIC,2004,-13.40503013134
NIC,2005,-10.449245750904099
NIC,2006,-12.784717977047
NIC,2007,-13.402585089206701
NIC,2008,-13.7391203641891
NIC,2009,-13.377531766891501
NIC,2010,-14.235237956047101
NIC,2011,-12.3347907066345
NIC,2012,-12.4764957427979
NIC,2013,-11.464102923870101
NIC,2014,-12.1419869661331
NIC,2015,-12.8008999228477
NIC,2016,-11.132583796978
NIC,2017,-11.2018681764603
NIC,2018,-18.298514604568499
NIC,2019,-20.381174564361601
NIC,2020,-20.337562322616499
NLD,1990,
NLD,1991,
NLD,1992,
NLD,1993,
NLD,1994,
NLD,1995,
NLD,1996,28.8193681240082
NLD,1997,
NLD,1998,29.622971296310499
NLD,1999,
NLD,2000,29.657015442848198
NLD,2001,
NLD,2002,29.0234100818634
NLD,2003,29.0610432624817
NLD,2004,29.546345114707901
NLD,2005,29.794588327407901
NLD,2006,30.085685133934
NLD,2007,30.087879896163901
NLD,2008,29.743695378303599
NLD,2009,30.7193411588669
NLD,2010,30.7994449138641
NLD,2011,30.813748359680101
NLD,2012,31.495589852333001
NLD,2013,31.030488133430499
NLD,2014,33.549130320548997
NLD,2015,32.5083860158921
NLD,2016,31.4757449626922
NLD,2017,29.984271645545999
NLD,2018,29.756282925605799
NLD,2019,29.5970075130463
NLD,2020,29.147545576095599
NOR,1990,
NOR,1991,
NOR,1992,
NOR,1993,
NOR,1994,
NOR,1995,
NOR,1996,32.696359872817901
NOR,1997,
NOR,1998,33.147011637687697
NOR,1999,
NOR,2000,31.124883770942802
NOR,2001,
NOR,2002,31.428800582885799
NOR,2003,31.978771924972602
NOR,2004,33.353365898132402
NOR,2005,32.512190341949498
NOR,2006,33.418126583099401
NOR,2007,32.780964612960801
NOR,2008,33.282371520996001
NOR,2009,31.8494856357575
NOR,2010,32.127888083457897
NOR,2011,31.6910270452499
NOR,2012,33.167528510093703
NOR,2013,33.506119132042002
NOR,2014,34.413982391357401
NOR,2015,33.666694521903999
NOR,2016,34.0041537284852
NOR,2017,33.765580773353598
NOR,2018,32.776988506317103
NOR,2019,33.102373242378199
NOR,2020,32.947084426879897
NPL,1990,
NPL,1991,
NPL,1992,
NPL,1993,
NPL,1994,
NPL,1995,
NPL,1996,-0.104979428928345
NPL,1997,
NPL,1998,0.156761047430336
NPL,1999,
NPL,2000,-3.5863481312990202
NPL,2001,
NPL,2002,-8.7976932525634801
NPL,2003,-10.3807237744331
NPL,2004,-12.8016093373299
NPL,2005,-14.028674960136399
NPL,2006,-10.563644945621499
NPL,2007,-10.009665071964299
NPL,2008,-11.3782077431679
NPL,2009,-14.7528968453407
NPL,2010,-16.3041357398033
NPL,2011,-15.1573856472969
NPL,2012,-12.5351078510284
NPL,2013,-12.224178493022899
NPL,2014,-11.0369905233383
NPL,2015,-11.752756774425499
NPL,2016,-13.7652612924576
NPL,2017,-11.7570825815201
NPL,2018,-8.3061372339725494
NPL,2019,-9.3621274232864398
NPL,2020,-8.6444350481033307
NRU,1990,
NRU,1991,
NRU,1992,
NRU,1993,
NRU,1994,
NRU,1995,
NRU,1996,13.7553895711899
NRU,1997,
NRU,1998,14.9006389975548
NRU,1999,
NRU,2000,14.2751084566116
NRU,2001,
NRU,2002,14.177078783512099
NRU,2003,14.165830373764001
NRU,2004,14.047617197036701
NRU,2005,13.2007895708084
NRU,2006,16.733219861984299
NRU,2007,8.5443451404571498
NRU,2008,6.2056542336940801
NRU,2009,8.0438593029975909
NRU,2010,7.7983448505401602
NRU,2011,9.4489175081252998
NRU,2012,12.3577414751053
NRU,2013,10.4854279756546
NRU,2014,-17.110598444938699
NRU,2015,-11.6901106238365
NRU,2016,-10.0252693295479
NRU,2017,-3.1064811497926699
NRU,2018,-2.9559824578464
NRU,2019,-4.1950183510780299
NRU,2020,-3.6916387677192701
NZL,1990,
NZL,1991,
NZL,1992,
NZL,1993,
NZL,1994,
NZL,1995,
NZL,1996,31.592694401741099
NZL,1997,
NZL,1998,31.458485603332601
NZL,1999,
NZL,2000,30.522037506103601
NZL,2001,
NZL,2002,30.449569821357699
NZL,2003,31.421602249145501
NZL,2004,31.430123925208999
NZL,2005,31.388774037361099
NZL,2006,30.511444687843301
NZL,2007,31.055881500244102
NZL,2008,31.4612153768539
NZL,2009,32.6854732036591
NZL,2010,31.652088761329601
NZL,2011,32.209005117416297
NZL,2012,32.014571070671103
NZL,2013,31.792457580566399
NZL,2014,34.069922208785997
NZL,2015,33.499454975128202
NZL,2016,32.625643253326501
NZL,2017,32.123354792594803
NZL,2018,31.2725266218185
NZL,2019,31.441101431846601
NZL,2020,31.359965801239099
OMN,1990,
OMN,1991,
OMN,1992,
OMN,1993,
OMN,1994,
OMN,1995,
OMN,1996,9.3527157902717608
OMN,1997,
OMN,1998,7.2075257003307396
OMN,1999,
OMN,2000,9.14411813020706
OMN,2001,
OMN,2002,7.6599420905113202
OMN,2003,7.9241226613521603
OMN,2004,8.6881466507911593
OMN,2005,5.2064633965492302
OMN,2006,4.8690202236175502
OMN,2007,6.8254075646400496
OMN,2008,9.9638942480087298
OMN,2009,9.3402281403541494
OMN,2010,9.1260027289390599
OMN,2011,7.8512912094593004
OMN,2012,8.8203380107879603
OMN,2013,8.2789845168590492
OMN,2014,8.2505213320255297
OMN,2015,6.0531391501426697
OMN,2016,6.5719504356384304
OMN,2017,6.9772613048553502
OMN,2018,7.4880578219890603
OMN,2019,9.0311502218246495
OMN,2020,10.148149609565699
PAK,1990,
PAK,1991,
PAK,1992,
PAK,1993,
PAK,1994,
PAK,1995,
PAK,1996,-10.629923522472399
PAK,1997,
PAK,1998,-13.4867510795593
PAK,1999,
PAK,2000,-17.006616711616498
PAK,2001,
PAK,2002,-15.8378359079361
PAK,2003,-15.6506184339523
PAK,2004,-16.9056394100189
PAK,2005,-15.1354643702507
PAK,2006,-14.573208034038499
PAK,2007,-15.088258743286101
PAK,2008,-16.534432768821699
PAK,2009,-14.2626127004623
PAK,2010,-12.5426942706108
PAK,2011,-15.412679255008699
PAK,2012,-15.018142879009201
PAK,2013,-14.553237318992601
PAK,2014,-12.7672496438026
PAK,2015,-13.1558927893639
PAK,2016,-13.8255597949028
PAK,2017,-12.4124025702476
PAK,2018,-11.5722088813782
PAK,2019,-11.651666283607501
PAK,2020,-12.0593054890633
PAN,1990,
PAN,1991,
PAN,1992,
PAN,1993,
PAN,1994,
PAN,1995,
PAN,1996,-2.8386592119932201
PAN,1997,
PAN,1998,-2.2161783874034802
PAN,1999,
PAN,2000,-3.1901963353156999
PAN,2001,
PAN,2002,-1.5017262846231501
PAN,2003,-2.3885832428932301
PAN,2004,-1.83071630448103
PAN,2005,-1.7223872840404499
PAN,2006,-2.6393003761768399
PAN,2007,-2.9596741050481801
PAN,2008,-3.4676584601402198
PAN,2009,-1.65356461703777
PAN,2010,-1.36498213559389
PAN,2011,0.43993703648448002
PAN,2012,-3.7754262387752502
PAN,2013,-4.3079012334346798
PAN,2014,-1.1006433293223401
PAN,2015,-2.33894828706979
PAN,2016,0.63175019621849005
PAN,2017,0.18779026530682999
PAN,2018,-2.6453603059053399
PAN,2019,-3.20411357283592
PAN,2020,-4.7923298180103302
PER,1990,
PER,1991,
PER,1992,
PER,1993,
PER,1994,
PER,1995,
PER,1996,-11.8443180918694
PER,1997,
PER,1998,-12.5568406581879
PER,1999,
PER,2000,-12.206794321537
PER,2001,
PER,2002,-9.4846751093864405
PER,2003,-10.0071673393249
PER,2004,-9.2721753120422292
PER,2005,-11.9133943319321
PER,2006,-11.979132831096599
PER,2007,-12.777644276619
PER,2008,-12.415705084800701
PER,2009,-10.612535655498499
PER,2010,-9.6236919164657593
PER,2011,-9.8740366697311401
PER,2012,-9.89349365234375
PER,2013,-9.7622367143630999
PER,2014,-8.8800737857818604
PER,2015,-8.4310775697231293
PER,2016,-8.3827881217002904
PER,2017,-8.8478690385818499
PER,2018,-9.5859190821647609
PER,2019,-8.7909047603607195
PER,2020,-6.5177410244941703
PHL,1990,
PHL,1991,
PHL,1992,
PHL,1993,
PHL,1994,
PHL,1995,
PHL,1996,1.2666945829987499
PHL,1997,
PHL,1998,0.46341341175139
PHL,1999,
PHL,2000,-6.60499659180641
PHL,2001,
PHL,2002,-6.5712336301803598
PHL,2003,-9.3565490245819092
PHL,2004,-10.692188501358
PHL,2005,-5.6702654957771301
PHL,2006,-6.917187333107
PHL,2007,-7.8725589215755498
PHL,2008,-9.3537716269493103
PHL,2009,-9.7749541997909493
PHL,2010,-9.4144913554191607
PHL,2011,-8.6086174249648995
PHL,2012,-8.8809746503829992
PHL,2013,-7.9703413248062098
PHL,2014,-6.2794662714004597
PHL,2015,-7.0342394113540596
PHL,2016,-7.2777920365333602
PHL,2017,-8.4567172229290009
PHL,2018,-9.5508368611335701
PHL,2019,-9.6946480870246905
PHL,2020,-10.9974171519279
PLW,1990,
PLW,1991,
PLW,1992,
PLW,1993,
PLW,1994,
PLW,1995,
PLW,1996,13.7553895711899
PLW,1997,
PLW,1998,14.9006389975548
PLW,1999,
PLW,2000,14.2751084566116
PLW,2001,
PLW,2002,14.177078783512099
PLW,2003,14.165830373764001
PLW,2004,14.047617197036701
PLW,2005,13.2007895708084
PLW,2006,16.733219861984299
PLW,2007,14.9067034721374
PLW,2008,13.109259068965899
PLW,2009,13.689345061778999
PLW,2010,12.715578913688701
PLW,2011,15.0916066169739
PLW,2012,15.266997098922699
PLW,2013,15.252241909503899
PLW,2014,4.6838778257369897
PLW,2015,13.576141119003299
PLW,2016,14.021394610405
PLW,2017,14.217359930276899
PLW,2018,14.9279502630234
PLW,2019,11.889241963625
PLW,2020,9.0297371149063093
PNG,1990,
PNG,1991,
PNG,1992,
PNG,1993,
PNG,1994,
PNG,1995,
PNG,1996,-10.4879398345947
PNG,1997,
PNG,1998,-8.8124932050704992
PNG,1999,
PNG,2000,-12.9002378582954
PNG,2001,
PNG,2002,-12.701881408691399
PNG,2003,-16.069316446781201
PNG,2004,-12.9662296772003
PNG,2005,-17.220517873764098
PNG,2006,-14.1898369789124
PNG,2007,-14.6451913714409
PNG,2008,-15.575998544693
PNG,2009,-15.5049920082092
PNG,2010,-15.852690577507
PNG,2011,-13.780209839344
PNG,2012,-14.154131054878199
PNG,2013,-16.0162054896355
PNG,2014,-13.165338993072501
PNG,2015,-14.704052090644799
PNG,2016,-13.2104161977768
PNG,2017,-13.8919315934181
PNG,2018,-12.9511884450912
PNG,2019,-13.5707439184189
PNG,2020,-12.0436274409294
POL,1990,
POL,1991,
POL,1992,
POL,1993,
POL,1994,
POL,1995,
POL,1996,13.0474156141281
POL,1997,
POL,1998,13.579054713249199
POL,1999,
POL,2000,10.766323029995
POL,2001,
POL,2002,11.397415459156001
POL,2003,8.6749507188796997
POL,2004,7.0772180259227797
POL,2005,7.9915533363819096
POL,2006,6.5069476664066297
POL,2007,6.9542287588119498
POL,2008,9.3605768084526009
POL,2009,10.979395329952199
POL,2010,12.1101031899452
POL,2011,13.5134479403496
POL,2012,13.903765022754699
POL,2013,14.2722973227501
POL,2014,14.8178863525391
POL,2015,13.7334446907043
POL,2016,10.162457704544099
POL,2017,6.86911636590958
POL,2018,6.4721116721630096
POL,2019,6.7097078561782801
POL,2020,8.9081380367279106
PRI,1990,
PRI,1991,
PRI,1992,
PRI,1993,
PRI,1994,
PRI,1995,
PRI,1996,16.330784976482398
PRI,1997,
PRI,1998,16.2704209089279
PRI,1999,
PRI,2000,16.500159621238701
PRI,2001,
PRI,2002,16.1304921507835
PRI,2003,11.955430209636701
PRI,2004,13.4125942587852
PRI,2005,9.9528454542160105
PRI,2006,8.8177288174629194
PRI,2007,9.7877296209335292
PRI,2008,9.1363574266433698
PRI,2009,12.9379460215569
PRI,2010,12.9353550672531
PRI,2011,12.3509869575501
PRI,2012,13.4829310178757
PRI,2013,11.351905763149301
PRI,2014,13.0237113237381
PRI,2015,12.265459001064301
PRI,2016,10.7709140181541
PRI,2017,10.1658630371094
PRI,2018,9.5319557785987907
PRI,2019,9.5652429461479205
PRI,2020,10.3484836816788
PRK,1990,
PRK,1991,
PRK,1992,
PRK,1993,
PRK,1994,
PRK,1995,
PRK,1996,-19.619022130966101
PRK,1997,
PRK,1998,-19.604333639144901
PRK,1999,
PRK,2000,-18.127765297889699
PRK,2001,
PRK,2002,-22.3586730957031
PRK,2003,-19.842981100082401
PRK,2004,-21.681510925293001
PRK,2005,-19.4069854021072
PRK,2006,-23.6879816055297
PRK,2007,-21.424885869026099
PRK,2008,-21.000980615615902
PRK,2009,-22.848402976989799
PRK,2010,-23.507421374321002
PRK,2011,-23.559216141700801
PRK,2012,-23.018508195877001
PRK,2013,-23.4949244260788
PRK,2014,-27.531803607940699
PRK,2015,-28.122715353965798
PRK,2016,-28.449870347976699
PRK,2017,-29.275759577751099
PRK,2018,-27.905632376670798
PRK,2019,-28.2085121870041
PRK,2020,-27.316392183303801
PRT,1990,
PRT,1991,
PRT,1992,
PRT,1993,
PRT,1994,
PRT,1995,
PRT,1996,21.867011904716499
PRT,1997,
PRT,1998,21.124880313873199
PRT,1999,
PRT,2000,20.403279781341599
PRT,2001,
PRT,2002,22.227739214897198
PRT,2003,21.696292638778601
PRT,2004,20.961874127388
PRT,2005,20.813363909721399
PRT,2006,16.579546988010399
PRT,2007,17.052905321121202
PRT,2008,17.191155076027002
PRT,2009,17.993025541305499
PRT,2010,17.438330292701799
PRT,2011,16.9386966228485
PRT,2012,17.613903164863601
PRT,2013,17.656154394149802
PRT,2014,19.031454801559502
PRT,2015,18.804910063743598
PRT,2016,17.8065651655197
PRT,2017,18.832327961921699
PRT,2018,18.914219498634299
PRT,2019,18.879721164703302
PRT,2020,19.714197397232098
PRY,1990,
PRY,1991,
PRY,1992,
PRY,1993,
PRY,1994,
PRY,1995,
PRY,1996,-11.2805641293526
PRY,1997,
PRY,1998,-14.1798835396767
PRY,1999,
PRY,2000,-16.820160210132599
PRY,2001,
PRY,2002,-19.096212744712801
PRY,2003,-17.889776468276999
PRY,2004,-16.6917250752449
PRY,2005,-16.378281414508798
PRY,2006,-16.508632659912099
PRY,2007,-16.396743357181499
PRY,2008,-15.484198510646801
PRY,2009,-14.5856095552444
PRY,2010,-14.1169953942299
PRY,2011,-13.600192725658401
PRY,2012,-13.783948838710799
PRY,2013,-13.0382553935051
PRY,2014,-10.2723932266235
PRY,2015,-10.8975186944008
PRY,2016,-11.689936935901599
PRY,2017,-11.3220364451408
PRY,2018,-10.1933979392052
PRY,2019,-9.6058528423309308
PRY,2020,-7.2292902469635001
PSE,1990,
PSE,1991,
PSE,1992,
PSE,1993,
PSE,1994,
PSE,1995,
PSE,1996,-0.67421314865350701
PSE,1997,
PSE,1998,-0.88216294348239899
PSE,1999,
PSE,2000,-1.64178651571274
PSE,2001,
PSE,2002,-5.9271149933338103
PSE,2003,-1.8232307061552999
PSE,2004,-4.5803826451301504
PSE,2005,-5.8348133862018496
PSE,2006,-6.65745201706887
PSE,2007,-10.640457570552799
PSE,2008,-12.9009137153626
PSE,2009,-5.3516125679016104
PSE,2010,-3.55812679231166
PSE,2011,-7.4242042601108604
PSE,2012,-7.5769180655479396
PSE,2013,-6.8170940577983901
PSE,2014,-6.52073958516121
PSE,2015,-8.8898390531539899
PSE,2016,-6.1011369526386297
PSE,2017,-7.3420181870460501
PSE,2018,-8.5086411833763105
PSE,2019,-8.5291320085525495
PSE,2020,-8.0227064788341504
PYF,1990,
PYF,1991,
PYF,1992,
PYF,1993,
PYF,1994,
PYF,1995,
PYF,1996,
PYF,1997,
PYF,1998,
PYF,1999,
PYF,2000,
PYF,2001,
PYF,2002,
PYF,2003,
PYF,2004,
PYF,2005,
PYF,2006,
PYF,2007,
PYF,2008,
PYF,2009,
PYF,2010,
PYF,2011,
PYF,2012,
PYF,2013,
PYF,2014,
PYF,2015,
PYF,2016,
PYF,2017,
PYF,2018,
PYF,2019,
PYF,2020,
QAT,1990,
QAT,1991,
QAT,1992,
QAT,1993,
QAT,1994,
QAT,1995,
QAT,1996,-0.60509473085403398
QAT,1997,
QAT,1998,2.9245857745408901
QAT,1999,
QAT,2000,8.3017965555191093
QAT,2001,
QAT,2002,8.9095855951309204
QAT,2003,7.2132223546505001
QAT,2004,5.7616171538829901
QAT,2005,9.8010147213935799
QAT,2006,10.6211079955101
QAT,2007,8.8361765742301905
QAT,2008,11.3922953605652
QAT,2009,15.339991688728301
QAT,2010,14.3812301754951
QAT,2011,12.762479543685901
QAT,2012,16.1901935338974
QAT,2013,16.186830639839201
QAT,2014,14.6608129739761
QAT,2015,12.7169799208641
QAT,2016,13.0931172966957
QAT,2017,11.9045497179031
QAT,2018,12.0544720292091
QAT,2019,12.0866666436195
QAT,2020,16.7010249495506
ROU,1990,
ROU,1991,
ROU,1992,
ROU,1993,
ROU,1994,
ROU,1995,
ROU,1996,-0.37302246876061002
ROU,1997,
ROU,1998,-1.87956483662129
ROU,1999,
ROU,2000,-3.0911944210529301
ROU,2001,
ROU,2002,-4.51527795195579
ROU,2003,-3.57092425227165
ROU,2004,-3.1753059476614101
ROU,2005,-2.6216964274644901
ROU,2006,-2.2900431305170099
ROU,2007,-1.79696347564458
ROU,2008,-0.26469425577670402
ROU,2009,0.91698636487126395
ROU,2010,1.80896259844303
ROU,2011,1.7800293043255799
ROU,2012,1.5793091282248499
ROU,2013,3.2334285974502599
ROU,2014,4.1170087307691601
ROU,2015,3.5454466044902802
ROU,2016,7.7661786973476401
ROU,2017,7.4843634068965903
ROU,2018,6.3166847825050398
ROU,2019,7.1373805105686197
ROU,2020,6.3374098539352399
RUS,1990,
RUS,1991,
RUS,1992,
RUS,1993,
RUS,1994,
RUS,1995,
RUS,1996,-13.5011892914772
RUS,1997,
RUS,1998,-14.548548877239201
RUS,1999,
RUS,2000,-18.422815918922399
RUS,2001,
RUS,2002,-14.8665705323219
RUS,2003,-16.280360162258201
RUS,2004,-15.5579794049263
RUS,2005,-16.387226641178099
RUS,2006,-16.7874394059181
RUS,2007,-17.128485798835801
RUS,2008,-17.1947501897812
RUS,2009,-13.7104699015617
RUS,2010,-13.528448522090899
RUS,2011,-12.703491508960701
RUS,2012,-14.579561293125201
RUS,2013,-13.9682764410973
RUS,2014,-13.1415382027626
RUS,2015,-13.8044471144676
RUS,2016,-14.3199190497398
RUS,2017,-14.329351067543
RUS,2018,-14.1087896823883
RUS,2019,-13.0540705919266
RUS,2020,-13.6355082988739
RWA,1990,
RWA,1991,
RWA,1992,
RWA,1993,
RWA,1994,
RWA,1995,
RWA,1996,-25.536589503288301
RWA,1997,
RWA,1998,-24.836282014846699
RWA,1999,
RWA,2000,-23.303912401199401
RWA,2001,
RWA,2002,-18.211950540542599
RWA,2003,-16.2897633910179
RWA,2004,-14.4794695973396
RWA,2005,-14.6692922115326
RWA,2006,-11.4840599298477
RWA,2007,-9.8539240956306404
RWA,2008,-8.0308320820331591
RWA,2009,-8.5717715620994603
RWA,2010,-5.6241400241851798
RWA,2011,-5.1701064407825399
RWA,2012,-4.2585353553295198
RWA,2013,-2.4953664690256101
RWA,2014,1.19355218857527
RWA,2015,0.72230247408151704
RWA,2016,1.6996487379074099
RWA,2017,2.02940178662538
RWA,2018,1.9230670332908599
RWA,2019,1.13278859108686
RWA,2020,1.3987754285335501
SAU,1990,
SAU,1991,
SAU,1992,
SAU,1993,
SAU,1994,
SAU,1995,
SAU,1996,1.94756472110748
SAU,1997,
SAU,1998,0.793910652399063
SAU,1999,
SAU,2000,-2.8119917362928399
SAU,2001,
SAU,2002,-0.30308604985475601
SAU,2003,1.8520904108881899
SAU,2004,0.20591802801936801
SAU,2005,-0.38517703488469202
SAU,2006,0.19153394736349599
SAU,2007,1.15579956024885
SAU,2008,1.1683815717697099
SAU,2009,0.76688320934772503
SAU,2010,2.54204130172729
SAU,2011,0.79111754894256603
SAU,2012,2.45394606888294
SAU,2013,2.6025980710983299
SAU,2014,2.2552287429571098
SAU,2015,1.7012979462742801
SAU,2016,5.41140720248222
SAU,2017,1.3578013852238699
SAU,2018,2.0561348348855999
SAU,2019,2.5218443274497999
SAU,2020,3.7215025275945699
SDN,1990,
SDN,1991,
SDN,1992,
SDN,1993,
SDN,1994,
SDN,1995,
SDN,1996,-29.050207257270799
SDN,1997,
SDN,1998,-28.3914968967437
SDN,1999,
SDN,2000,-27.7375104427338
SDN,2001,
SDN,2002,-22.446291327476398
SDN,2003,-26.468183994293302
SDN,2004,-26.037878870964001
SDN,2005,-28.049150466918899
SDN,2006,-23.392981648445101
SDN,2007,-24.222697019577001
SDN,2008,-24.5654041767121
SDN,2009,-21.5911993980408
SDN,2010,-22.732925653457698
SDN,2011,-22.124070644378701
SDN,2012,-21.142012834549
SDN,2013,-21.815102696418801
SDN,2014,-19.8844715356827
SDN,2015,-20.9085614681244
SDN,2016,-21.761065006256199
SDN,2017,-19.068101048469501
SDN,2018,-19.313267469406199
SDN,2019,-19.926342725753798
SDN,2020,-18.457028746604902
SEN,1990,
SEN,1991,
SEN,1992,
SEN,1993,
SEN,1994,
SEN,1995,
SEN,1996,-3.0862349271774301
SEN,1997,
SEN,1998,1.1701923012733499
SEN,1999,
SEN,2000,1.35979908704758
SEN,2001,
SEN,2002,1.5172794833779299
SEN,2003,-0.88451824709773097
SEN,2004,0.34314866177737602
SEN,2005,0.16687911283224799
SEN,2006,-3.7622057348489801
SEN,2007,-4.07667128741741
SEN,2008,-4.7672029137611398
SEN,2009,-6.2428147196769697
SEN,2010,-6.7575578987598401
SEN,2011,-7.7527776956558299
SEN,2012,-4.7934402525424904
SEN,2013,-4.0158547013997996
SEN,2014,-1.28558729588985
SEN,2015,-2.6528230160474799
SEN,2016,-2.04721689969301
SEN,2017,-2.83713427186012
SEN,2018,-3.7562356591224701
SEN,2019,-3.5929516851902101
SEN,2020,-5.3360232412815103
SGP,1990,
SGP,1991,
SGP,1992,
SGP,1993,
SGP,1994,
SGP,1995,
SGP,1996,21.068868279457099
SGP,1997,
SGP,1998,21.040988922119102
SGP,1999,
SGP,2000,21.635224342346199
SGP,2001,
SGP,2002,23.413046598434502
SGP,2003,26.131564617156901
SGP,2004,27.847639679908799
SGP,2005,28.829851508140599
SGP,2006,26.756277441978501
SGP,2007,27.127307772636399
SGP,2008,27.113178610801601
SGP,2009,26.5003373622894
SGP,2010,27.520409345626799
SGP,2011,28.232809305191001
SGP,2012,29.309327006339998
SGP,2013,28.852622032165598
SGP,2014,30.951243281364398
SGP,2015,30.326473236083999
SGP,2016,30.451723575592101
SGP,2017,30.437629222869901
SGP,2018,30.744963288307201
SGP,2019,31.341580867767401
SGP,2020,31.308138132095301
SLB,1990,
SLB,1991,
SLB,1992,
SLB,1993,
SLB,1994,
SLB,1995,
SLB,1996,12.5718078017235
SLB,1997,
SLB,1998,12.433577299117999
SLB,1999,
SLB,2000,9.7134025692939794
SLB,2001,
SLB,2002,2.3935267776250901
SLB,2003,3.5721675455570199
SLB,2004,-13.416593670845
SLB,2005,-13.8417807221413
SLB,2006,-10.262405216693899
SLB,2007,-13.2860934734344
SLB,2008,-10.7669877409935
SLB,2009,-11.478998601436601
SLB,2010,-11.013691782951399
SLB,2011,-8.8177845478057897
SLB,2012,-8.9776759147644096
SLB,2013,-8.7189614176750201
SLB,2014,-8.3327102959156107
SLB,2015,-8.2802944183349592
SLB,2016,-5.04722079634666
SLB,2017,-3.1774805933237098
SLB,2018,-3.3584356755018199
SLB,2019,-1.8183557763695699
SLB,2020,-0.58214119076728899
SLE,1990,
SLE,1991,
SLE,1992,
SLE,1993,
SLE,1994,
SLE,1995,
SLE,1996,-23.493853569030701
SLE,1997,
SLE,1998,-22.3438893556594
SLE,1999,
SLE,2000,-21.908629298210101
SLE,2001,
SLE,2002,-22.8537551164627
SLE,2003,-20.309993267059401
SLE,2004,-19.555459141731198
SLE,2005,-19.567265868186901
SLE,2006,-16.872631847858401
SLE,2007,-16.9013897180557
SLE,2008,-16.057075023651102
SLE,2009,-15.5487909913063
SLE,2010,-16.101376593112899
SLE,2011,-14.663100063800799
SLE,2012,-14.7495408654213
SLE,2013,-14.752698004245801
SLE,2014,-15.905235469341299
SLE,2015,-14.939127624034899
SLE,2016,-13.610305488109599
SLE,2017,-13.6715725064278
SLE,2018,-13.5060439705849
SLE,2019,-13.612129151821099
SLE,2020,-13.426536619663199
SLV,1990,
SLV,1991,
SLV,1992,
SLV,1993,
SLV,1994,
SLV,1995,
SLV,1996,-14.793841421604199
SLV,1997,
SLV,1998,-11.7429263591766
SLV,1999,
SLV,2000,-13.658705532550799
SLV,2001,
SLV,2002,-9.6308578252792305
SLV,2003,-8.7865390777587908
SLV,2004,-8.3454369604587608
SLV,2005,-8.5885443687439
SLV,2006,-11.759606957435601
SLV,2007,-12.289912581443801
SLV,2008,-11.8038041591644
SLV,2009,-13.316467523574801
SLV,2010,-14.717748224735301
SLV,2011,-12.7790598273277
SLV,2012,-12.3862571716309
SLV,2013,-10.8294725418091
SLV,2014,-7.9759247601032399
SLV,2015,-10.4244424104691
SLV,2016,-12.8384984135628
SLV,2017,-14.7958461046219
SLV,2018,-15.768920540809599
SLV,2019,-14.6657777428627
SLV,2020,-13.1220484972
SMR,1990,
SMR,1991,
SMR,1992,
SMR,1993,
SMR,1994,
SMR,1995,
SMR,1996,13.7553895711899
SMR,1997,
SMR,1998,14.9006389975548
SMR,1999,
SMR,2000,14.2751084566116
SMR,2001,
SMR,2002,14.177078783512099
SMR,2003,14.165830373764001
SMR,2004,14.047617197036701
SMR,2005,13.2007895708084
SMR,2006,16.733219861984299
SMR,2007,14.9067034721374
SMR,2008,15.3336445093155
SMR,2009,16.0455732941628
SMR,2010,15.0000224113464
SMR,2011,15.973337650299101
SMR,2012,15.756971180439001
SMR,2013,15.796005845069899
SMR,2014,
SMR,2015,21.183266043663
SMR,2016,21.183735847473098
SMR,2017,21.493478417396599
SMR,2018,21.511936783790599
SMR,2019,21.144898176193301
SMR,2020,22.6202198266983
SOM,1990,
SOM,1991,
SOM,1992,
SOM,1993,
SOM,1994,
SOM,1995,
SOM,1996,-36.459175348281804
SOM,1997,
SOM,1998,-36.314604759216301
SOM,1999,
SOM,2000,-37.237377643585098
SOM,2001,
SOM,2002,-32.931300759315398
SOM,2003,-34.820841073989897
SOM,2004,-38.907285690307603
SOM,2005,-37.730690479278501
SOM,2006,-39.9578695297241
SOM,2007,-41.126909732818604
SOM,2008,-44.044909954071102
SOM,2009,-41.655042886734002
SOM,2010,-40.906481027603199
SOM,2011,-39.750735044479399
SOM,2012,-41.109469175338702
SOM,2013,-40.907983064651503
SOM,2014,-40.0448415279389
SOM,2015,-39.328920364379897
SOM,2016,-39.367797374725299
SOM,2017,-38.936969280242998
SOM,2018,-39.061955690383897
SOM,2019,-40.440364360809298
SOM,2020,-39.2990307807923
SRB,1990,
SRB,1991,
SRB,1992,
SRB,1993,
SRB,1994,
SRB,1995,
SRB,1996,-21.4623832702637
SRB,1997,
SRB,1998,-21.494400858879001
SRB,1999,
SRB,2000,-21.725781083107101
SRB,2001,
SRB,2002,-15.3615289330482
SRB,2003,-15.381973862648
SRB,2004,-12.552173495292701
SRB,2005,-16.1279133558273
SRB,2006,-9.1281245350837708
SRB,2007,-7.89261019229889
SRB,2008,-8.3597444593906403
SRB,2009,-8.0657967925071699
SRB,2010,-7.3102463483810398
SRB,2011,-5.5258387923240697
SRB,2012,-5.6582079827785501
SRB,2013,-5.0780012607574401
SRB,2014,-1.6090210974216499
SRB,2015,-1.2266741320490799
SRB,2016,-2.10561370104551
SRB,2017,-2.9989412873983401
SRB,2018,-2.8357758373022102
SRB,2019,-2.3808420449495298
SRB,2020,-2.02185589820147
SSD,1990,
SSD,1991,
SSD,1992,
SSD,1993,
SSD,1994,
SSD,1995,
SSD,1996,
SSD,1997,
SSD,1998,
SSD,1999,
SSD,2000,
SSD,2001,
SSD,2002,
SSD,2003,
SSD,2004,
SSD,2005,
SSD,2006,
SSD,2007,
SSD,2008,
SSD,2009,
SSD,2010,
SSD,2011,-21.649096131324701
SSD,2012,-24.083948731422399
SSD,2013,-26.106880068778899
SSD,2014,-31.4667117595673
SSD,2015,-32.183348774909902
SSD,2016,-33.588444948196397
SSD,2017,-33.4314011335373
SSD,2018,-33.733069896697998
SSD,2019,-34.089336752891597
SSD,2020,-33.429625630378702
STP,1990,
STP,1991,
STP,1992,
STP,1993,
STP,1994,
STP,1995,
STP,1996,4.5694513916969397
STP,1997,
STP,1998,4.4663132727146104
STP,1999,
STP,2000,3.5196422040462498
STP,2001,
STP,2002,-3.3970909267664
STP,2003,-3.7092396169900801
STP,2004,-3.9360712319612601
STP,2005,-9.0723100900650007
STP,2006,-8.6835139393806404
STP,2007,-7.7757801413536098
STP,2008,-8.4115924239158595
STP,2009,-11.875712513923601
STP,2010,-11.613352298736601
STP,2011,-11.3809902071953
STP,2012,-12.688667237758599
STP,2013,-13.0957288742065
STP,2014,-13.4449132084846
STP,2015,-13.108166098594699
STP,2016,-11.6460698246956
STP,2017,-12.302422940731001
STP,2018,-12.086594879627199
STP,2019,-11.7145962119102
STP,2020,-11.9194165468216
SUR,1990,
SUR,1991,
SUR,1992,
SUR,1993,
SUR,1994,
SUR,1995,
SUR,1996,-1.3768742308020601
SUR,1997,
SUR,1998,-0.070286562200635699
SUR,1999,
SUR,2000,-0.653232131153345
SUR,2001,
SUR,2002,-2.1745539009571102
SUR,2003,-0.89886374399066005
SUR,2004,-3.0558694899082099
SUR,2005,-2.3096087872981999
SUR,2006,-3.8471932411193901
SUR,2007,-4.1939461678266499
SUR,2008,-3.9802104234695399
SUR,2009,-2.11901798099279
SUR,2010,-0.98193767294287704
SUR,2011,-0.81201934069395099
SUR,2012,-1.04677023738623
SUR,2013,-0.83162986114621196
SUR,2014,-2.3131968975067099
SUR,2015,-3.6178554445505098
SUR,2016,-2.9214840382337601
SUR,2017,-2.8763672858476599
SUR,2018,-1.43567533046007
SUR,2019,-1.36082018911839
SUR,2020,-2.1823071613907801
SVK,1990,
SVK,1991,
SVK,1992,
SVK,1993,
SVK,1994,
SVK,1995,
SVK,1996,2.7125799506902601
SVK,1997,
SVK,1998,2.87013418972492
SVK,1999,
SVK,2000,5.0990917980670902
SVK,2001,
SVK,2002,4.8567321896553004
SVK,2003,5.6404056847095498
SVK,2004,7.8894609212875402
SVK,2005,8.3397002816200292
SVK,2006,8.3026912808418292
SVK,2007,7.2866891324520102
SVK,2008,8.9752521514892596
SVK,2009,9.0782438516616804
SVK,2010,9.5715850591659493
SVK,2011,10.1618312001228
SVK,2012,8.2604998648166799
SVK,2013,7.8825027048587799
SVK,2014,8.2464959323406308
SVK,2015,7.9978642761707297
SVK,2016,10.219019532203699
SVK,2017,8.7874549031257594
SVK,2018,8.1070318222045898
SVK,2019,8.5688399076461792
SVK,2020,11.1896883845329
SVN,1990,
SVN,1991,
SVN,1992,
SVN,1993,
SVN,1994,
SVN,1995,
SVN,1996,18.168290376663201
SVN,1997,
SVN,1998,20.011773109436
SVN,1999,
SVN,2000,16.439526021480599
SVN,2001,
SVN,2002,15.012533366680101
SVN,2003,14.4397926330566
SVN,2004,15.533546209335301
SVN,2005,15.0202069282532
SVN,2006,15.2972981929779
SVN,2007,16.075598776340499
SVN,2008,17.133444786071799
SVN,2009,18.171374797821102
SVN,2010,17.033699631691
SVN,2011,17.768527507781901
SVN,2012,17.154139995574901
SVN,2013,16.904859662056001
SVN,2014,16.994106054305998
SVN,2015,16.147374093532601
SVN,2016,17.935344815254201
SVN,2017,16.950519502162901
SVN,2018,17.4939734935761
SVN,2019,18.5238018035888
SVN,2020,17.725249409675602
SWE,1990,
SWE,1991,
SWE,1992,
SWE,1993,
SWE,1994,
SWE,1995,
SWE,1996,30.529641151428201
SWE,1997,
SWE,1998,29.774407863616901
SWE,1999,
SWE,2000,30.6031768321991
SWE,2001,
SWE,2002,31.3219604492188
SWE,2003,32.074087023735103
SWE,2004,31.8335589170457
SWE,2005,30.5617722272873
SWE,2006,31.469998478889501
SWE,2007,32.161072969436702
SWE,2008,32.625665426254201
SWE,2009,33.290787816047697
SWE,2010,32.8152499198914
SWE,2011,32.606621861457803
SWE,2012,32.780719399452202
SWE,2013,33.159703135490403
SWE,2014,33.5777397155762
SWE,2015,33.922364234924302
SWE,2016,33.281751275062597
SWE,2017,31.014110088348399
SWE,2018,30.425748229026699
SWE,2019,30.560319185257001
SWE,2020,30.131615996360701
SWZ,1990,
SWZ,1991,
SWZ,1992,
SWZ,1993,
SWZ,1994,
SWZ,1995,
SWZ,1996,-8.0584216415882093
SWZ,1997,
SWZ,1998,-11.2626605033874
SWZ,1999,
SWZ,2000,-12.1626690626144
SWZ,2001,
SWZ,2002,-13.294442892074599
SWZ,2003,-10.4361339211464
SWZ,2004,-13.6126195788384
SWZ,2005,-14.9432179927826
SWZ,2006,-10.176826715469399
SWZ,2007,-11.808610141277301
SWZ,2008,-9.0392650365829397
SWZ,2009,-8.1656093299388992
SWZ,2010,-8.0012975335121101
SWZ,2011,-9.0727650523185801
SWZ,2012,-9.10133343935013
SWZ,2013,-8.3791295886039805
SWZ,2014,-5.2882383167743701
SWZ,2015,-5.3621610105037698
SWZ,2016,-6.4078531861305299
SWZ,2017,-4.6254329979419699
SWZ,2018,-4.6447489857673698
SWZ,2019,-8.0887227058410591
SWZ,2020,-8.4732523262500798
SXM,1990,
SXM,1991,
SXM,1992,
SXM,1993,
SXM,1994,
SXM,1995,
SXM,1996,
SXM,1997,
SXM,1998,
SXM,1999,
SXM,2000,
SXM,2001,
SXM,2002,
SXM,2003,
SXM,2004,
SXM,2005,
SXM,2006,
SXM,2007,
SXM,2008,
SXM,2009,
SXM,2010,
SXM,2011,
SXM,2012,
SXM,2013,
SXM,2014,
SXM,2015,
SXM,2016,
SXM,2017,
SXM,2018,
SXM,2019,
SXM,2020,
SYC,1990,
SYC,1991,
SYC,1992,
SYC,1993,
SYC,1994,
SYC,1995,
SYC,1996,10.193202316761001
SYC,1997,
SYC,1998,10.549578607082401
SYC,1999,
SYC,2000,12.3322889208794
SYC,2001,
SYC,2002,11.4849435091019
SYC,2003,13.0012759566307
SYC,2004,8.6838462948799204
SYC,2005,6.8222066164016804
SYC,2006,2.9115415811538798
SYC,2007,5.3161006867885501
SYC,2008,6.1306264996528599
SYC,2009,2.0020382180810099
SYC,2010,1.01980859413743
SYC,2011,-0.0176012730225922
SYC,2012,0.98923530802130699
SYC,2013,2.8414908796548901
SYC,2014,4.2498551011085501
SYC,2015,5.8107142150401998
SYC,2016,4.9459602534770903
SYC,2017,2.9449895769357601
SYC,2018,4.8495338559150696
SYC,2019,4.3489031791687003
SYC,2020,4.1492605507373801
SYR,1990,
SYR,1991,
SYR,1992,
SYR,1993,
SYR,1994,
SYR,1995,
SYR,1996,-9.2846528291702306
SYR,1997,
SYR,1998,-9.1304297447204608
SYR,1999,
SYR,2000,-8.6029461026191694
SYR,2001,
SYR,2002,-9.5239244699478203
SYR,2003,-8.2120534777641296
SYR,2004,-8.0997619032859802
SYR,2005,-10.1048190593719
SYR,2006,-15.820121765136699
SYR,2007,-14.189325273036999
SYR,2008,-12.2738744020462
SYR,2009,-9.8470976352691597
SYR,2010,-10.0831693410873
SYR,2011,-13.2390955686569
SYR,2012,-19.183551311492899
SYR,2013,-23.9092051982879
SYR,2014,-23.084987878799399
SYR,2015,-24.370273709297201
SYR,2016,-33.866929769515998
SYR,2017,-35.6290285587311
SYR,2018,-34.900793552398703
SYR,2019,-35.453766345977797
SYR,2020,-35.444285631179802
TCA,1990,
TCA,1991,
TCA,1992,
TCA,1993,
TCA,1994,
TCA,1995,
TCA,1996,
TCA,1997,
TCA,1998,
TCA,1999,
TCA,2000,
TCA,2001,
TCA,2002,
TCA,2003,
TCA,2004,
TCA,2005,
TCA,2006,
TCA,2007,
TCA,2008,
TCA,2009,
TCA,2010,
TCA,2011,
TCA,2012,
TCA,2013,
TCA,2014,
TCA,2015,
TCA,2016,
TCA,2017,
TCA,2018,
TCA,2019,
TCA,2020,
TCD,1990,
TCD,1991,
TCD,1992,
TCD,1993,
TCD,1994,
TCD,1995,
TCD,1996,-21.353893518447901
TCD,1997,
TCD,1998,-20.2398662567138
TCD,1999,
TCD,2000,-19.2269095182419
TCD,2001,
TCD,2002,-18.853167653083901
TCD,2003,-25.8111941814423
TCD,2004,-22.661562442779498
TCD,2005,-25.5635488033294
TCD,2006,-26.4009752273559
TCD,2007,-26.2357803583145
TCD,2008,-27.638144254684502
TCD,2009,-25.954271197318999
TCD,2010,-25.7305169105529
TCD,2011,-25.238099813461201
TCD,2012,-24.886370420455901
TCD,2013,-23.7632317543029
TCD,2014,-19.5592088699341
TCD,2015,-20.552603602409398
TCD,2016,-23.901310324668898
TCD,2017,-22.4077725410461
TCD,2018,-22.598865389823899
TCD,2019,-22.2971286773681
TCD,2020,-22.5910193920136
TGO,1990,
TGO,1991,
TGO,1992,
TGO,1993,
TGO,1994,
TGO,1995,
TGO,1996,-12.4312437176704
TGO,1997,
TGO,1998,-12.9137468934059
TGO,1999,
TGO,2000,-11.033746600151099
TGO,2001,
TGO,2002,-14.1102479696274
TGO,2003,-16.250710606575002
TGO,2004,-18.7457580566406
TGO,2005,-18.095241069793701
TGO,2006,-16.128748297691299
TGO,2007,-15.8152002692223
TGO,2008,-14.167527616024
TGO,2009,-15.2341749668121
TGO,2010,-15.9048622846603
TGO,2011,-15.1964566707611
TGO,2012,-16.1170206069946
TGO,2013,-16.7319915294647
TGO,2014,-14.5934497117996
TGO,2015,-13.8662019371986
TGO,2016,-11.044498145580301
TGO,2017,-12.3942910432816
TGO,2018,-10.475844085216499
TGO,2019,-9.9928790926933306
TGO,2020,-11.3898708820343
THA,1990,
THA,1991,
THA,1992,
THA,1993,
THA,1994,
THA,1995,
THA,1996,9.1736896634101903
THA,1997,
THA,1998,8.6587017774581891
THA,1999,
THA,2000,9.8433069586753899
THA,2001,
THA,2002,6.5776907503604898
THA,2003,2.6130896359681999
THA,2004,1.0605839528143399
THA,2005,-0.128470275085419
THA,2006,-1.17903620004654
THA,2007,-2.33648829162121
THA,2008,-2.7155871093273101
THA,2009,-4.4208950698375702
THA,2010,-3.97158463299274
THA,2011,-3.90579293668271
THA,2012,-2.9302748292684599
THA,2013,-2.3650949597358699
THA,2014,-3.7453357726335499
THA,2015,-3.13803331553936
THA,2016,-0.42527916654944398
THA,2017,0.29532456677406999
THA,2018,-0.0061445427127184002
THA,2019,1.57157772034407
THA,2020,1.92326297610998
TJK,1990,
TJK,1991,
TJK,1992,
TJK,1993,
TJK,1994,
TJK,1995,
TJK,1996,-28.0186750888825
TJK,1997,
TJK,1998,-26.071598768234299
TJK,1999,
TJK,2000,-23.488728404045101
TJK,2001,
TJK,2002,-18.4201915264129
TJK,2003,-18.131826519966101
TJK,2004,-20.113332033157299
TJK,2005,-18.704120397567699
TJK,2006,-20.096959471702601
TJK,2007,-22.032800555229201
TJK,2008,-22.024343729019101
TJK,2009,-21.631916999816902
TJK,2010,-20.619227766990701
TJK,2011,-20.950788855552599
TJK,2012,-20.529538393020601
TJK,2013,-21.475842714309699
TJK,2014,-17.202743887901299
TJK,2015,-18.233209609985401
TJK,2016,-19.798187732696501
TJK,2017,-23.352435469627402
TJK,2018,-22.1260262727738
TJK,2019,-21.261066794395401
TJK,2020,-21.169726371765101
TKM,1990,
TKM,1991,
TKM,1992,
TKM,1993,
TKM,1994,
TKM,1995,
TKM,1996,-25.2856489419936
TKM,1997,
TKM,1998,-23.978523135185199
TKM,1999,
TKM,2000,-23.287590503692702
TKM,2001,
TKM,2002,-24.207659959793101
TKM,2003,-22.422398209571799
TKM,2004,-27.677149415016199
TKM,2005,-27.394199371337901
TKM,2006,-27.897711873054501
TKM,2007,-26.621172904968201
TKM,2008,-24.8196156024933
TKM,2009,-24.7129760980607
TKM,2010,-25.0463752746581
TKM,2011,-24.3660070896149
TKM,2012,-23.472049832344101
TKM,2013,-23.1484099626541
TKM,2014,-22.856826782226499
TKM,2015,-24.0851825475692
TKM,2016,-25.268126845359799
TKM,2017,-25.137772679328901
TKM,2018,-24.859640598297201
TKM,2019,-23.920501232147199
TKM,2020,-23.743931889534
TLS,1990,
TLS,1991,
TLS,1992,
TLS,1993,
TLS,1994,
TLS,1995,
TLS,1996,-26.665783524513301
TLS,1997,
TLS,1998,-26.6709755659103
TLS,1999,
TLS,2000,4.6602624654769897
TLS,2001,
TLS,2002,-14.238095402717599
TLS,2003,-7.3070803582668296
TLS,2004,-10.0709927678108
TLS,2005,-8.6545969843864405
TLS,2006,-18.876967549324
TLS,2007,-20.459046602249199
TLS,2008,-17.861976146698002
TLS,2009,-20.450413465499899
TLS,2010,-20.1476984024047
TLS,2011,-20.1750103235245
TLS,2012,-19.444032907485902
TLS,2013,-20.617387771606499
TLS,2014,-18.9143710136414
TLS,2015,-19.204999804496801
TLS,2016,-19.944118499755898
TLS,2017,-19.933253765106201
TLS,2018,-19.3157527446747
TLS,2019,-19.135370254516602
TLS,2020,-20.280872583389201
TON,1990,
TON,1991,
TON,1992,
TON,1993,
TON,1994,
TON,1995,
TON,1996,13.7553895711899
TON,1997,
TON,1998,14.9006389975548
TON,1999,
TON,2000,14.2751084566116
TON,2001,
TON,2002,14.177078783512099
TON,2003,-2.9656225591898
TON,2004,0.24020265415310799
TON,2005,9.5103039741516096
TON,2006,10.525958061218301
TON,2007,8.5627645254135096
TON,2008,1.8176774308085399
TON,2009,-1.2010358795523599
TON,2010,1.69798271358013
TON,2011,0.18208273034542799
TON,2012,-0.39139837771654201
TON,2013,0.30271666869521102
TON,2014,-2.7170405387878498
TON,2015,-3.7590269744396201
TON,2016,5.1906147301197096
TON,2017,5.2678116261958996
TON,2018,7.29352515935898
TON,2019,8.4868174195289594
TON,2020,8.4419995248317701
TTO,1990,
TTO,1991,
TTO,1992,
TTO,1993,
TTO,1994,
TTO,1995,
TTO,1996,9.0830174088478106
TTO,1997,
TTO,1998,10.106718957424199
TTO,1999,
TTO,2000,7.0321271121501896
TTO,2001,
TTO,2002,7.3954631090164202
TTO,2003,3.9815502315759601
TTO,2004,0.61367961019277495
TTO,2005,-0.13301290757954101
TTO,2006,-3.85633200407029
TTO,2007,-2.5753715932369201
TTO,2008,-3.82643799483776
TTO,2009,-3.5300419926643398
TTO,2010,-3.3758617192506799
TTO,2011,-3.04864050447941
TTO,2012,-2.8341569602489498
TTO,2013,-3.4763250946998601
TTO,2014,-1.8048369809985101
TTO,2015,-2.5872444659471499
TTO,2016,-3.51962991058826
TTO,2017,-2.18504093587398
TTO,2018,-2.8174556195735998
TTO,2019,-2.8296815752983102
TTO,2020,-2.84828957915306
TUN,1990,
TUN,1991,
TUN,1992,
TUN,1993,
TUN,1994,
TUN,1995,
TUN,1996,-5.1578518450260198
TUN,1997,
TUN,1998,-5.4307415485382098
TUN,1999,
TUN,2000,-4.7678671181201899
TUN,2001,
TUN,2002,-2.83503825962543
TUN,2003,-3.2397745549678798
TUN,2004,0.79380077496170998
TUN,2005,-0.616566441953182
TUN,2006,1.9203014373779299
TUN,2007,1.3740925267338799
TUN,2008,1.35266623646021
TUN,2009,2.0398691147565802
TUN,2010,0.66050658747553903
TUN,2011,-3.2785529941320299
TUN,2012,-2.7854392677545499
TUN,2013,-3.0387704372406001
TUN,2014,-1.1679553240537599
TUN,2015,-0.72851040028035696
TUN,2016,0.42460360936820501
TUN,2017,1.65194684267044
TUN,2018,0.97063529863953601
TUN,2019,1.54750811308622
TUN,2020,2.5101218819618198
TUR,1990,
TUR,1991,
TUR,1992,
TUR,1993,
TUR,1994,
TUR,1995,
TUR,1996,-2.3595112562179601
TUR,1997,
TUR,1998,-1.6916796118021
TUR,1999,
TUR,2000,-1.2060855552554099
TUR,2001,
TUR,2002,-1.39711447805166
TUR,2003,1.75167294591666
TUR,2004,1.4398877695202801
TUR,2005,1.99696536362171
TUR,2006,-0.057363471481949098
TUR,2007,-0.60870054736733503
TUR,2008,0.38835968077182897
TUR,2009,0.83144535496830996
TUR,2010,0.84966208413243305
TUR,2011,0.26278120093047602
TUR,2012,-0.62234542518854197
TUR,2013,-0.077460158616304398
TUR,2014,-1.2903375849127801
TUR,2015,-3.8909363746643102
TUR,2016,-5.76481238007546
TUR,2017,-5.3514937758445704
TUR,2018,-6.5841998159885398
TUR,2019,-5.8527981638908404
TUR,2020,-7.0993728339672098
TUV,1990,
TUV,1991,
TUV,1992,
TUV,1993,
TUV,1994,
TUV,1995,
TUV,1996,13.7553895711899
TUV,1997,
TUV,1998,14.9006389975548
TUV,1999,
TUV,2000,14.2751084566116
TUV,2001,
TUV,2002,14.177078783512099
TUV,2003,14.165830373764001
TUV,2004,12.969263434410101
TUV,2005,21.446839570999199
TUV,2006,18.350111126899801
TUV,2007,16.847112417221101
TUV,2008,16.625028014182998
TUV,2009,17.2776181697845
TUV,2010,16.878869593143499
TUV,2011,16.8846949338913
TUV,2012,9.5158222913742101
TUV,2013,10.052695393562299
TUV,2014,8.6236705780029297
TUV,2015,7.5849929451942497
TUV,2016,9.6312770843505806
TUV,2017,10.8284326195717
TUV,2018,10.573400616645801
TUV,2019,9.5742993354797292
TUV,2020,11.120373904705
TZA,1990,
TZA,1991,
TZA,1992,
TZA,1993,
TZA,1994,
TZA,1995,
TZA,1996,-3.1660491377115201
TZA,1997,
TZA,1998,-2.8268917500972699
TZA,1999,
TZA,2000,-5.7292069196700997
TZA,2001,
TZA,2002,-5.8055235445499402
TZA,2003,-5.24915486574172
TZA,2004,-6.6243162751197797
TZA,2005,-4.8671644032001504
TZA,2006,-7.5593082904815603
TZA,2007,-6.4409588873386401
TZA,2008,-6.0391770601272503
TZA,2009,-8.1622791886329598
TZA,2010,-8.2678897082805598
TZA,2011,-8.7531930804252607
TZA,2012,-9.1397681236267108
TZA,2013,-8.1135903596878105
TZA,2014,-6.8153064250946098
TZA,2015,-6.6836151778698003
TZA,2016,-6.6835517585277602
TZA,2017,-7.9352200627327001
TZA,2018,-9.6872687339782697
TZA,2019,-9.6493948698043805
TZA,2020,-10.3840205073357
UGA,1990,
UGA,1991,
UGA,1992,
UGA,1993,
UGA,1994,
UGA,1995,
UGA,1996,-9.8666356801986694
UGA,1997,
UGA,1998,-10.9880771040916
UGA,1999,
UGA,2000,-14.722871363163
UGA,2001,
UGA,2002,-11.864319205284099
UGA,2003,-9.1908394098281807
UGA,2004,-11.797760963439901
UGA,2005,-9.2165138721465993
UGA,2006,-5.5322533547878301
UGA,2007,-6.0802741348743403
UGA,2008,-5.8629977405071303
UGA,2009,-6.9956166446208998
UGA,2010,-6.7467826902866399
UGA,2011,-6.1147063672542599
UGA,2012,-6.0567569434642801
UGA,2013,-5.8892531991004997
UGA,2014,-6.7086793184280404
UGA,2015,-7.0113670527935001
UGA,2016,-4.5557001531124097
UGA,2017,-5.3797595500946098
UGA,2018,-5.4146042168140402
UGA,2019,-5.8179281651973698
UGA,2020,-5.85840672254563
UKR,1990,
UKR,1991,
UKR,1992,
UKR,1993,
UKR,1994,
UKR,1995,
UKR,1996,-14.0002930164337
UKR,1997,
UKR,1998,-16.698765337467201
UKR,1999,
UKR,2000,-18.593241333961402
UKR,2001,
UKR,2002,-14.3479236960411
UKR,2003,-13.994698703289
UKR,2004,-13.176497220992999
UKR,2005,-13.677259683609
UKR,2006,-13.963295161724099
UKR,2007,-12.688118040561699
UKR,2008,-11.951264619827301
UKR,2009,-13.3743824958801
UKR,2010,-14.3507061600685
UKR,2011,-14.469401657581299
UKR,2012,-13.8947630524635
UKR,2013,-14.361092507839199
UKR,2014,-14.1023866534233
UKR,2015,-14.788287878036501
UKR,2016,-13.839541316032401
UKR,2017,-12.793693125248
UKR,2018,-12.873069822788199
UKR,2019,-12.604004204273201
UKR,2020,-12.046547830104799
URY,1990,
URY,1991,
URY,1992,
URY,1993,
URY,1994,
URY,1995,
URY,1996,9.5501045584678703
URY,1997,
URY,1998,10.4963500499725
URY,1999,
URY,2000,9.4671514630317706
URY,2001,
URY,2002,11.4629766345024
URY,2003,11.160778343677499
URY,2004,7.75829854607582
URY,2005,7.8004428446292797
URY,2006,9.3763049244880694
URY,2007,10.2119814157486
URY,2008,10.4322966337204
URY,2009,12.848170518875101
URY,2010,13.375440359115601
URY,2011,12.4371055364609
URY,2012,10.4497078061104
URY,2013,9.8046208620071393
URY,2014,12.9504177570343
URY,2015,12.603279709816
URY,2016,10.596394181251499
URY,2017,9.5407040715217608
URY,2018,9.7771154642105103
URY,2019,10.3389347195625
URY,2020,11.116725265979801
USA,1990,
USA,1991,
USA,1992,
USA,1993,
USA,1994,
USA,1995,
USA,1996,25.5037227869033
USA,1997,
USA,1998,26.638323664665201
USA,1999,
USA,2000,26.598759174346899
USA,2001,
USA,2002,25.787394285202001
USA,2003,26.425642490386998
USA,2004,24.111175537109499
USA,2005,25.980592131614699
USA,2006,27.075223207473801
USA,2007,27.389477491378798
USA,2008,27.688141465187002
USA,2009,27.052442669868501
USA,2010,27.727377653122002
USA,2011,27.046762228012199
USA,2012,27.5458102226257
USA,2013,26.338932156562802
USA,2014,27.318122625350998
USA,2015,26.65083527565
USA,2016,26.954396009445102
USA,2017,27.430072307586698
USA,2018,25.176854491233801
USA,2019,24.298663616180399
USA,2020,22.785421371459901
UZB,1990,
UZB,1991,
UZB,1992,
UZB,1993,
UZB,1994,
UZB,1995,
UZB,1996,-21.066037178039601
UZB,1997,
UZB,1998,-21.3762768507004
UZB,1999,
UZB,2000,-20.413580775261
UZB,2001,
UZB,2002,-24.4811419248582
UZB,2003,-21.192492365837101
UZB,2004,-22.7257658243179
UZB,2005,-25.138052701950102
UZB,2006,-24.711109638214101
UZB,2007,-20.8199846744537
UZB,2008,-19.9518092870711
UZB,2009,-22.5453231334686
UZB,2010,-24.082911133766199
UZB,2011,-24.690831899642902
UZB,2012,-22.087689876556301
UZB,2013,-21.0007585287095
UZB,2014,-19.283160448074401
UZB,2015,-19.3390423059463
UZB,2016,-19.161148548126299
UZB,2017,-19.2474831342697
UZB,2018,-18.638104200363198
UZB,2019,-18.329773664474502
UZB,2020,-18.845991492271501
VCT,1990,
VCT,1991,
VCT,1992,
VCT,1993,
VCT,1994,
VCT,1995,
VCT,1996,13.7553895711899
VCT,1997,
VCT,1998,14.9006389975548
VCT,1999,
VCT,2000,14.2751084566116
VCT,2001,
VCT,2002,14.177078783512099
VCT,2003,14.165830373764001
VCT,2004,14.7316190004349
VCT,2005,14.0527079105377
VCT,2006,14.8570984005928
VCT,2007,11.8256717324257
VCT,2008,16.417321026325201
VCT,2009,15.6165408492088
VCT,2010,15.021582961082499
VCT,2011,16.425669431686401
VCT,2012,16.793081343173998
VCT,2013,16.379986345768
VCT,2014,10.4384444952011
VCT,2015,10.5743676424027
VCT,2016,7.4190025031566602
VCT,2017,7.2665475010871896
VCT,2018,7.6267419159412402
VCT,2019,7.8315526247024598
VCT,2020,10.2075501084328
VEN,1990,
VEN,1991,
VEN,1992,
VEN,1993,
VEN,1994,
VEN,1995,
VEN,1996,-12.753359019756299
VEN,1997,
VEN,1998,-12.0113186240196
VEN,1999,
VEN,2000,-14.708986401557899
VEN,2001,
VEN,2002,-19.7032053470611
VEN,2003,-22.7180223464966
VEN,2004,-21.363029241562
VEN,2005,-21.3947367668152
VEN,2006,-23.960555672645501
VEN,2007,-26.698176026344399
VEN,2008,-27.808283925056401
VEN,2009,-27.6411921977997
VEN,2010,-28.375558018684401
VEN,2011,-28.668825268745401
VEN,2012,-29.151214957237201
VEN,2013,-30.361317873000999
VEN,2014,-32.457056164741601
VEN,2015,-34.859007596969597
VEN,2016,-38.529304265976002
VEN,2017,-38.3903906345368
VEN,2018,-38.502676486969001
VEN,2019,-38.394966363906903
VEN,2020,-39.651432275772102
VGB,1990,
VGB,1991,
VGB,1992,
VGB,1993,
VGB,1994,
VGB,1995,
VGB,1996,
VGB,1997,
VGB,1998,
VGB,1999,
VGB,2000,
VGB,2001,
VGB,2002,
VGB,2003,
VGB,2004,
VGB,2005,
VGB,2006,
VGB,2007,
VGB,2008,
VGB,2009,
VGB,2010,
VGB,2011,
VGB,2012,
VGB,2013,
VGB,2014,
VGB,2015,
VGB,2016,
VGB,2017,
VGB,2018,
VGB,2019,
VGB,2020,
VIR,1990,
VIR,1991,
VIR,1992,
VIR,1993,
VIR,1994,
VIR,1995,
VIR,1996,
VIR,1997,
VIR,1998,
VIR,1999,
VIR,2000,
VIR,2001,
VIR,2002,
VIR,2003,
VIR,2004,20.296950340271
VIR,2005,18.860062003135699
VIR,2006,18.176765441894499
VIR,2007,14.0498889684677
VIR,2008,14.402844429016101
VIR,2009,14.5677586197853
VIR,2010,14.4009070396423
VIR,2011,14.105697333812699
VIR,2012,14.191502809524501
VIR,2013,14.318102777004199
VIR,2014,0.33299772068858102
VIR,2015,14.2601268291473
VIR,2016,9.9582122564315796
VIR,2017,9.9082785844802892
VIR,2018,18.1322456598282
VIR,2019,17.619810819625901
VIR,2020,14.988474547862999
VNM,1990,
VNM,1991,
VNM,1992,
VNM,1993,
VNM,1994,
VNM,1995,
VNM,1996,-8.2012524306774193
VNM,1997,
VNM,1998,-6.8462633788585503
VNM,1999,
VNM,2000,-5.8745633065700504
VNM,2001,
VNM,2002,-11.543027698993701
VNM,2003,-10.8260000944138
VNM,2004,-10.2692083716393
VNM,2005,-5.3984128832817104
VNM,2006,-8.8212803602218592
VNM,2007,-8.3335050940513593
VNM,2008,-7.8957163989544004
VNM,2009,-9.0360043048858607
VNM,2010,-9.8821834325790405
VNM,2011,-9.2119733691215497
VNM,2012,-9.4337041378021294
VNM,2013,-8.7613613605499197
VNM,2014,-6.1269854605197898
VNM,2015,-6.0106812119483903
VNM,2016,1.1649533733725499
VNM,2017,0.75568594783544596
VNM,2018,-0.53616718854755196
VNM,2019,-0.78600483387708597
VNM,2020,-3.13635498285293
VUT,1990,
VUT,1991,
VUT,1992,
VUT,1993,
VUT,1994,
VUT,1995,
VUT,1996,5.5005362033844003
VUT,1997,
VUT,1998,5.6742593348026302
VUT,1999,
VUT,2000,15.2588412165642
VUT,2001,
VUT,2002,15.2161912918091
VUT,2003,15.489232480526001
VUT,2004,7.8355235755443502
VUT,2005,8.7945247292518598
VUT,2006,9.6480855941772496
VUT,2007,10.0385252833366
VUT,2008,8.6662557721138
VUT,2009,6.9405510127544403
VUT,2010,4.4888643026351902
VUT,2011,5.0705381035804802
VUT,2012,5.7078424394130796
VUT,2013,6.2374959588050798
VUT,2014,3.91740834712982
VUT,2015,2.1800951659679502
VUT,2016,6.9490963220596296
VUT,2017,9.2380871176719594
VUT,2018,6.7464714348316202
VUT,2019,3.6046815663576099
VUT,2020,5.1299841701984397
WSM,1990,
WSM,1991,
WSM,1992,
WSM,1993,
WSM,1994,
WSM,1995,
WSM,1996,16.114453971385998
WSM,1997,
WSM,1998,16.3160133957863
WSM,1999,
WSM,2000,16.6339985728264
WSM,2001,
WSM,2002,21.415130019187998
WSM,2003,21.614952683448699
WSM,2004,16.827592611312902
WSM,2005,18.876981735229499
WSM,2006,16.779437541961698
WSM,2007,16.1725239753723
WSM,2008,14.4767205715179
WSM,2009,11.3612869977951
WSM,2010,11.544950902462
WSM,2011,12.345686495304101
WSM,2012,12.5458759665489
WSM,2013,12.8143567442894
WSM,2014,13.559464097023
WSM,2015,12.753732442855799
WSM,2016,14.8998109698296
WSM,2017,15.901479125022901
WSM,2018,15.618605315685301
WSM,2019,19.7647352218628
WSM,2020,17.2131074666977
XKX,1990,
XKX,1991,
XKX,1992,
XKX,1993,
XKX,1994,
XKX,1995,
XKX,1996,
XKX,1997,
XKX,1998,
XKX,1999,
XKX,2000,-0.405124951153994
XKX,2001,
XKX,2002,-1.0642924904823301
XKX,2003,-14.177700936794301
XKX,2004,-13.5186116099358
XKX,2005,-13.968544960021999
XKX,2006,-14.5921978950501
XKX,2007,-12.885985076427501
XKX,2008,-10.6642746925354
XKX,2009,-10.096125125885001
XKX,2010,-10.369476377964
XKX,2011,-8.8291292190551705
XKX,2012,-8.9546136856079102
XKX,2013,-9.2268585562705994
XKX,2014,-7.8925639092922202
XKX,2015,-8.0781951546669006
XKX,2016,-6.0244876444339797
XKX,2017,-7.3472908735275304
XKX,2018,-6.4668089151382402
XKX,2019,-6.9066392481327004
XKX,2020,-6.8186117410659799
YEM,1990,
YEM,1991,
YEM,1992,
YEM,1993,
YEM,1994,
YEM,1995,
YEM,1996,-23.455981254577601
YEM,1997,
YEM,1998,-23.6685935258865
YEM,1999,
YEM,2000,-24.773108124733
YEM,2001,
YEM,2002,-25.056481719017
YEM,2003,-21.4269732236862
YEM,2004,-20.969102859497099
YEM,2005,-21.544704079627898
YEM,2006,-17.6678339242935
YEM,2007,-16.474195361137401
YEM,2008,-16.732131600379901
YEM,2009,-18.586012601852499
YEM,2010,-18.5697697401047
YEM,2011,-21.962168931961099
YEM,2012,-21.720518112182599
YEM,2013,-20.173612356185899
YEM,2014,-20.331978678703301
YEM,2015,-21.857164382934599
YEM,2016,-28.430426120758099
YEM,2017,-29.927361965179401
YEM,2018,-30.683496594428998
YEM,2019,-30.4066435098648
YEM,2020,-30.170689105987599
ZAF,1990,
ZAF,1991,
ZAF,1992,
ZAF,1993,
ZAF,1994,
ZAF,1995,
ZAF,1996,1.49479634314775
ZAF,1997,
ZAF,1998,2.6806669831276002
ZAF,1999,
ZAF,2000,2.5291290879249502
ZAF,2001,
ZAF,2002,0.465659249573946
ZAF,2003,0.63918751478195102
ZAF,2004,0.076776518952101497
ZAF,2005,-0.203171313740313
ZAF,2006,3.0822669267654499
ZAF,2007,0.0043448837823234004
ZAF,2008,0.092101943679153905
ZAF,2009,1.23119220137596
ZAF,2010,1.66174076497555
ZAF,2011,2.2042640000581701
ZAF,2012,1.4355506822466899
ZAF,2013,2.3020429015159598
ZAF,2014,2.6409430652856898
ZAF,2015,0.33522312156856099
ZAF,2016,0.81183137372136205
ZAF,2017,-2.58728243410587
ZAF,2018,-3.7089750170707698
ZAF,2019,-2.9753921404480899
ZAF,2020,-3.9321669191122002
ZMB,1990,
ZMB,1991,
ZMB,1992,
ZMB,1993,
ZMB,1994,
ZMB,1995,
ZMB,1996,-9.0391616821288991
ZMB,1997,
ZMB,1998,-7.9681780040264103
ZMB,1999,
ZMB,2000,-9.0580573081970197
ZMB,2001,
ZMB,2002,-5.9353088736534199
ZMB,2003,-6.4908400774002102
ZMB,2004,-8.1529656350612605
ZMB,2005,-8.7981532812118601
ZMB,2006,-9.3443309068679792
ZMB,2007,-9.0016055107116699
ZMB,2008,-6.8805963099002803
ZMB,2009,-8.1546628773212504
ZMB,2010,-8.4392772316932696
ZMB,2011,-7.75921201705932
ZMB,2012,-6.1238324642181396
ZMB,2013,-4.4550450742244703
ZMB,2014,-3.81861847639084
ZMB,2015,-4.0581782311201096
ZMB,2016,-5.2559876143932396
ZMB,2017,-5.7217421531677299
ZMB,2018,-6.0341971218586004
ZMB,2019,-8.0237632691860199
ZMB,2020,-10.97287774086
ZWE,1990,
ZWE,1991,
ZWE,1992,
ZWE,1993,
ZWE,1994,
ZWE,1995,
ZWE,1996,-13.842054307460799
ZWE,1997,
ZWE,1998,-13.163271903991699
ZWE,1999,
ZWE,2000,-23.4924430847169
ZWE,2001,
ZWE,2002,-27.137410163879402
ZWE,2003,-27.319366693496701
ZWE,2004,-28.7112553119659
ZWE,2005,-31.193442225456302
ZWE,2006,-29.7786514759064
ZWE,2007,-30.7468901872634
ZWE,2008,-30.455590724945001
ZWE,2009,-31.790348649024899
ZWE,2010,-31.239740967750599
ZWE,2011,-30.4971392154693
ZWE,2012,-27.713128924369698
ZWE,2013,-26.986576318740799
ZWE,2014,-24.507654547691299
ZWE,2015,-22.7149802446366
ZWE,2016,-23.6202764511109
ZWE,2017,-23.6970136165619
ZWE,2018,-21.935637950897199
ZWE,2019,-22.178105950355501
ZWE,2020,-22.5925035476685
