country,year,GDP_per_capita,Education_Tertiary,Rule_of_Law,CO2_per_capita,income_level_code,Income_Group
ALB,1990,1682.8810874018,8.0117301940918,,1.684,UMC,Low and Middle Income
ALB,1991,1218.96427317362,8.63831043243408,,1.307,UMC,Low and Middle Income
ALB,1992,1138.23773998809,9.12522029876709,,0.767,UMC,Low and Middle Income
ALB,1993,1254.67888414888,11.0173997879028,,0.713,UMC,Low and Middle Income
ALB,1994,1367.22058963712,10.4434404373169,,0.588,UMC,Low and Middle Income
ALB,1995,1558.96638565461,10.0794801712036,,0.641,UMC,Low and Middle Income
ALB,1996,1683.76965547424,11.0262098312378,-11.6361905932426,0.622,UMC,Low and Middle Income
ALB,1997,1495.90035328523,12.8083696365356,,0.478,UMC,Low and Middle Income
ALB,1998,1630.43874131845,13.6314601898193,-15.8044189810753,0.547,UMC,Low and Middle Income
ALB,1999,1841.80762760566,14.7700595855713,,0.937,UMC,Low and Middle Income
ALB,2000,1991.91435867116,15.3867101669312,-17.3513504266739,0.955,UMC,Low and Middle Income
ALB,2001,2188.91854451375,15.4820499420166,,1.023,UMC,Low and Middle Income
ALB,2002,2297.10853513924,16.3895606994629,-12.9594640135765,1.196,UMC,Low and Middle Income
ALB,2003,2428.68934653563,16.3662395477295,-12.1774994134903,1.38,UMC,Low and Middle Income
ALB,2004,2567.29763687121,19.1295795440674,-11.9175497889519,1.348,UMC,Low and Middle Income
ALB,2005,2712.86983830331,22.389009475708,-12.985163807869,1.385,UMC,Low and Middle Income
ALB,2006,2894.36032580174,26.2101001739502,-11.9533094167709,1.282,UMC,Low and Middle Income
ALB,2007,3105.8796756386,30.2319297790527,-11.2462818622589,1.324,UMC,Low and Middle Income
ALB,2008,3345.98161761476,31.6839599609375,-10.20134806633,1.486,UMC,Low and Middle Income
ALB,2009,3459.24695646692,32.9239883422852,-8.40429276227951,1.476,UMC,Low and Middle Income
ALB,2010,3579.82413181046,43.3279304504395,-6.55792826414108,1.645,UMC,Low and Middle Income
ALB,2011,3677.89457937717,49.3997040639925,-7.52974992990493,1.778,UMC,Low and Middle Income
ALB,2012,3771.84781862015,58.6214186004979,-8.83727598190307,1.694,UMC,Low and Middle Income
ALB,2013,3895.89975621942,63.8440585382953,-8.81786215305329,1.839,UMC,Low and Middle Income
ALB,2014,4045.11934884933,65.5507096860696,-5.28819212317466,2.091,UMC,Low and Middle Income
ALB,2015,4199.53912925398,61.9608485481051,-5.36737841367722,1.626,UMC,Low and Middle Income
ALB,2016,4431.55635814168,58.4884791901189,-5.4200331568718,1.572,UMC,Low and Middle Income
ALB,2017,4648.23078660658,58.0177836674929,-6.97391548752785,1.844,UMC,Low and Middle Income
ALB,2018,4893.82375538717,56.0802964109938,-6.98943710327149,1.795,UMC,Low and Middle Income
ALB,2019,5072.43648354739,61.4085141527142,-7.17040333151817,1.712,UMC,Low and Middle Income
ALB,2020,4980.61699524696,61.5853024328899,-6.32743754982949,1.694,UMC,Low and Middle Income
AND,1990,31143.1468757172,,,7.66,HIC,High Income
AND,1991,29642.3059817481,,,7.109,HIC,High Income
AND,1992,28161.9424937627,,,6.693,HIC,High Income
AND,1993,26518.2336337044,,,6.426,HIC,High Income
AND,1994,26587.1383046901,,,6.236,HIC,High Income
AND,1995,27619.5060618267,,,6.648,HIC,High Income
AND,1996,28871.2160752297,,19.6921626329422,7.098,HIC,High Income
AND,1997,31140.6896819813,,,7.19,HIC,High Income
AND,1998,31800.3640678661,,20.0133173465729,7.507,HIC,High Income
AND,1999,32938.6437411832,,,7.804,HIC,High Income
AND,2000,34113.8173783949,,21.8648130893708,7.975,HIC,High Income
AND,2001,36790.1037086022,,,7.954,HIC,High Income
AND,2002,38084.4843108589,7.31105995178223,20.8052901029587,7.986,HIC,High Income
AND,2003,39620.3201605161,8.82861995697021,17.9517161846161,7.696,HIC,High Income
AND,2004,40054.3211531421,8.74967002868652,20.3035163879394,7.59,HIC,High Income
AND,2005,40528.17486238,8.41534996032715,16.4253026247025,7.476,HIC,High Income
AND,2006,41322.0529213846,9.89391040802002,14.5466591119766,6.858,HIC,High Income
AND,2007,40789.1589697748,,19.8601663112641,6.576,HIC,High Income
AND,2008,37775.1261404342,10.986120223999,20.1685901880264,6.449,HIC,High Income
AND,2009,35604.3840098196,,20.7023470401765,6.157,HIC,High Income
AND,2010,36277.2644425331,,20.3647184371949,6.4,HIC,High Income
AND,2011,37637.4868342866,,23.7876538038254,6.311,HIC,High Income
AND,2012,36206.9784356446,12.870249017038,23.8201922178269,6.34,HIC,High Income
AND,2013,35684.1694347737,14.5405405405405,23.8262181282043,6.332,HIC,High Income
AND,2014,37300.6244197096,13.5399673735726,27.8534911870957,6.259,HIC,High Income
AND,2015,38654.9347217207,13.8206896551724,25.8933777809143,6.445,HIC,High Income
AND,2016,40085.020598622,15.2011095700416,25.8905380964279,6.547,HIC,High Income
AND,2017,39361.0622648699,15.6664896441848,26.2789330482483,6.406,HIC,High Income
AND,2018,39242.1448975099,15.7132150886835,26.3083727359772,6.628,HIC,High Income
AND,2019,39346.275035865,15.4352596927579,25.8617590665818,6.419,HIC,High Income
AND,2020,34536.6499222556,15.2605749006777,27.6850444078446,4.876,HIC,High Income
ARG,1990,8115.09386370753,,,3.425,UMC,Low and Middle Income
ARG,1991,8729.82318518892,38.3296699523926,,3.543,UMC,Low and Middle Income
ARG,1992,9293.18692251748,,,3.606,UMC,Low and Middle Income
ARG,1993,9920.67358582437,,,3.456,UMC,Low and Middle Income
ARG,1994,10359.8927204871,37.3899002075195,,3.424,UMC,Low and Middle Income
ARG,1995,9934.10776139515,,,3.576,UMC,Low and Middle Income
ARG,1996,10352.1400002191,,1.28439491987228,3.701,UMC,Low and Middle Income
ARG,1997,11056.6881331002,,,3.8,UMC,Low and Middle Income
ARG,1998,11348.2022124673,47.9862289428711,-0.660986818373203,3.835,UMC,Low and Middle Income
ARG,1999,10838.3199346387,49.5107002258301,,4.032,UMC,Low and Middle Income
ARG,2000,10631.6503639029,54.0843505859375,-3.64487639069558,3.852,UMC,Low and Middle Income
ARG,2001,10051.9448463043,58.4697608947754,,3.588,UMC,Low and Middle Income
ARG,2002,8861.56199282278,61.7228813171387,-12.9386674761772,3.285,UMC,Low and Middle Income
ARG,2003,9545.53194119994,64.0304870605469,-13.2109689712524,3.498,UMC,Low and Middle Income
ARG,2004,10302.4465316428,64.5891418457031,-13.0454630255699,4.051,UMC,Low and Middle Income
ARG,2005,11099.7509190602,63.4893112182617,-9.48584848642349,4.124,UMC,Low and Middle Income
ARG,2006,11870.2791559298,66.9444732666016,-9.80926585197448,4.4,UMC,Low and Middle Income
ARG,2007,12811.9021206578,66.6672210693359,-10.2250283956528,4.342,UMC,Low and Middle Income
ARG,2008,13197.3570267029,68.5610733032227,-11.895438015461,4.641,UMC,Low and Middle Income
ARG,2009,12285.3784651865,70.6931915283203,-11.8059573769569,4.366,UMC,Low and Middle Income
ARG,2010,13387.1553748458,73.803669361107,-10.1676018238068,4.508,UMC,Low and Middle Income
ARG,2011,14040.6189124444,77.0101185060955,-9.57309585809707,4.55,UMC,Low and Middle Income
ARG,2012,13754.4254235596,78.1465174294761,-10.5915820598602,4.547,UMC,Low and Middle Income
ARG,2013,13946.0950832252,78.5681646081939,-11.1566322445869,4.451,UMC,Low and Middle Income
ARG,2014,13456.1319159151,81.072589697739,-14.7307364940643,4.382,UMC,Low and Middle Income
ARG,2015,13679.6264980954,83.75569332589,-12.6755385398865,4.412,UMC,Low and Middle Income
ARG,2016,13265.8860639123,86.6743832906399,-5.39758536219597,4.328,UMC,Low and Middle Income
ARG,2017,13520.1129846159,89.3297346952415,-3.98793308436871,4.224,UMC,Low and Middle Income
ARG,2018,13058.3285449954,91.0846512732766,-3.67442433536053,4.087,UMC,Low and Middle Income
ARG,2019,12706.3978108968,95.1928240640628,-7.2068729698658,4.012,UMC,Low and Middle Income
ARG,2020,11393.0505957877,99.3697348717996,-8.23434126377106,3.643,UMC,Low and Middle Income
ARM,1990,1644.02214502158,22.0238304138184,,2.535,UMC,Low and Middle Income
ARM,1991,1426.82791357144,23.5778503417969,,2.043,UMC,Low and Middle Income
ARM,1992,840.205259177402,22.9340400695801,,1.602,UMC,Low and Middle Income
ARM,1993,792.567859246381,22.5643806457519,,0.727,UMC,Low and Middle Income
ARM,1994,857.394474812969,19.1631298065186,,0.798,UMC,Low and Middle Income
ARM,1995,932.357829471807,19.5058898925781,,1.017,UMC,Low and Middle Income
ARM,1996,995.728275319872,16.6888809204102,-7.97467464208603,0.763,UMC,Low and Middle Income
ARM,1997,1039.0798243009,21.8644905090332,,1.002,UMC,Low and Middle Income
ARM,1998,1128.09888845227,31.5830402374268,-6.47456529736519,1.066,UMC,Low and Middle Income
ARM,1999,1180.45341995952,32.2853813171387,,0.96,UMC,Low and Middle Income
ARM,2000,1229.21510436102,32.5305213928223,-8.51727640628814,1.117,UMC,Low and Middle Income
ARM,2001,1351.12072694555,31.3409194946289,,1.145,UMC,Low and Middle Income
ARM,2002,1535.20452885187,33.9618911743164,-7.45503327250481,1.007,UMC,Low and Middle Income
ARM,2003,1759.64684829386,35.0657081604004,-5.14869889616967,1.137,UMC,Low and Middle Income
ARM,2004,1955.22262459229,35.8360900878906,-8.19316038489341,1.221,UMC,Low and Middle Income
ARM,2005,2240.09273209788,37.7094497680664,-6.6092047393322,1.456,UMC,Low and Middle Income
ARM,2006,2551.43546358452,41.5903587341309,-9.25764489173889,1.472,UMC,Low and Middle Income
ARM,2007,2919.3734936373,44.4558410644531,-8.44080677628518,1.714,UMC,Low and Middle Income
ARM,2008,3141.33193500774,46.5244903564453,-5.74177309870719,1.883,UMC,Low and Middle Income
ARM,2009,2716.97436280471,49.0897102355957,-7.9680817425251,1.481,UMC,Low and Middle Income
ARM,2010,2796.08143428043,50.5839875932926,-8.18309143185615,1.452,UMC,Low and Middle Income
ARM,2011,2943.83687119315,51.2949290708131,-7.44100898504257,1.7,UMC,Low and Middle Income
ARM,2012,3159.75860786889,44.4855719494927,-7.11079353094101,1.967,UMC,Low and Middle Income
ARM,2013,3266.29882999873,44.8347790892711,-5.79593494534492,1.894,UMC,Low and Middle Income
ARM,2014,3393.09252326884,47.7150849538629,-7.10204982757568,1.918,UMC,Low and Middle Income
ARM,2015,3512.39350276709,48.7313687040259,-7.81838038563729,1.872,UMC,Low and Middle Income
ARM,2016,3533.88503607007,54.3432877365993,-2.68191726505756,1.784,UMC,Low and Middle Income
ARM,2017,3815.3747426037,55.5065519523494,-3.50955915451051,1.899,UMC,Low and Middle Income
ARM,2018,4027.83393010979,57.4585357681354,-3.29662750661373,2.001,UMC,Low and Middle Income
ARM,2019,4343.45839583019,53.5944174785534,-2.95649605989456,2.164,UMC,Low and Middle Income
ARM,2020,4032.09043454955,52.3331534448642,-2.0743470788002,2.351,UMC,Low and Middle Income
AZE,1990,2866.41060718579,,,7.101,UMC,Low and Middle Income
AZE,1991,2808.72744444906,,,6.846,UMC,Low and Middle Income
AZE,1992,2141.34003837017,,,7.585,UMC,Low and Middle Income
AZE,1993,1621.91809395607,,,6.451,UMC,Low and Middle Income
AZE,1994,1284.95555073458,,,5.513,UMC,Low and Middle Income
AZE,1995,1120.30867792344,,,4.315,UMC,Low and Middle Income
AZE,1996,1123.44793844504,,-20.4197455644608,3.99,UMC,Low and Middle Income
AZE,1997,1177.19685990232,,,3.76,UMC,Low and Middle Income
AZE,1998,1282.68413749503,,-19.0673809051513,3.96,UMC,Low and Middle Income
AZE,1999,1365.56585147028,,,3.558,UMC,Low and Middle Income
AZE,2000,1504.73106706035,,-19.4758154153824,3.641,UMC,Low and Middle Income
AZE,2001,1640.93664540398,,,3.444,UMC,Low and Middle Income
AZE,2002,1782.47319183639,,-16.3913527131081,3.431,UMC,Low and Middle Income
AZE,2003,1949.60608417331,,-15.0389606952667,3.629,UMC,Low and Middle Income
AZE,2004,2111.4533834475,,-15.3088141083717,3.799,UMC,Low and Middle Income
AZE,2005,2674.3688564996,,-13.4744113683701,3.977,UMC,Low and Middle Income
AZE,2006,3556.83212858133,19.7894592285156,-15.0607968568802,3.963,UMC,Low and Middle Income
AZE,2007,4412.20326117932,19.3645992279053,-14.9603464603424,3.402,UMC,Low and Middle Income
AZE,2008,4778.12452736673,19.0478897094727,-14.2147281765938,3.694,UMC,Low and Middle Income
AZE,2009,5118.43395494687,19.057710647583,-14.9459923505783,3.217,UMC,Low and Middle Income
AZE,2010,5300.11048729062,19.2600431394615,-15.1494658589363,3.012,UMC,Low and Middle Income
AZE,2011,5149.20665913206,19.6473062365442,-15.9583502411842,3.264,UMC,Low and Middle Income
AZE,2012,5193.17501119552,20.4384614704139,-14.952055811882,3.495,UMC,Low and Middle Income
AZE,2013,5425.99559780578,21.4404253568261,-12.8548695445061,3.531,UMC,Low and Middle Income
AZE,2014,5508.60265612676,23.1597349800287,-11.8485741019249,3.566,UMC,Low and Middle Income
AZE,2015,5500.50364628486,25.4831961094662,-12.1348757147789,3.556,UMC,Low and Middle Income
AZE,2016,5272.71817141861,27.2368629930846,-9.11831551790238,3.519,UMC,Low and Middle Income
AZE,2017,5229.25259993413,28.4670565431322,-9.89247620105744,3.481,UMC,Low and Middle Income
AZE,2018,5261.92938234432,28.9724903670069,-10.4860822558403,3.444,UMC,Low and Middle Income
AZE,2019,5346.95318604114,32.9221812477847,-10.3176920413971,3.734,UMC,Low and Middle Income
AZE,2020,5087.50022783627,36.3854742250215,-12.3716413378716,3.559,UMC,Low and Middle Income
BDI,1990,373.245241687992,0.681379973888397,,0.037,LIC,Low and Middle Income
BDI,1991,383.870358589191,0.755699992179871,,0.042,LIC,Low and Middle Income
BDI,1992,377.518319697874,0.786339998245239,,0.037,LIC,Low and Middle Income
BDI,1993,365.282012271705,0.828920006752014,,0.04,LIC,Low and Middle Income
BDI,1994,349.016249237768,,,0.041,LIC,Low and Middle Income
BDI,1995,302.701844524604,,,0.039,LIC,Low and Middle Income
BDI,1996,278.293479866983,,-24.0740449428559,0.04,LIC,Low and Middle Income
BDI,1997,273.889548332896,,,0.041,LIC,Low and Middle Income
BDI,1998,281.470892716422,0.864509999752045,-23.4393553733825,0.04,LIC,Low and Middle Income
BDI,1999,272.030864788973,0.916909992694855,,0.04,LIC,Low and Middle Income
BDI,2000,264.154407180223,1.05474996566773,-26.6647905111314,0.042,LIC,Low and Middle Income
BDI,2001,262.913885774384,1.03059995174408,,0.031,LIC,Low and Middle Income
BDI,2002,266.968141648342,1.60111999511719,-23.7660344839096,0.031,LIC,Low and Middle Income
BDI,2003,255.500823385612,,-25.2285121679306,0.024,LIC,Low and Middle Income
BDI,2004,258.050009115333,2.10109996795654,-25.1591593027114,0.027,LIC,Low and Middle Income
BDI,2005,250.878933475935,2.13503003120422,-19.1839343309403,0.021,LIC,Low and Middle Income
BDI,2006,255.105582251925,2.16554999351502,-16.7150507569313,0.024,LIC,Low and Middle Income
BDI,2007,254.311725516331,2.26625990867615,-18.3373377323151,0.023,LIC,Low and Middle Income
BDI,2008,256.012461554496,2.49793004989624,-17.6477000713349,0.024,LIC,Low and Middle Income
BDI,2009,252.582019875886,2.6779100894928,-19.7189010381698,0.024,LIC,Low and Middle Income
BDI,2010,253.308577749924,3.05528938002435,-20.4918180704116,0.036,LIC,Low and Middle Income
BDI,2011,254.242110648215,,-19.6146731376649,0.043,LIC,Low and Middle Income
BDI,2012,256.180393931874,2.92052732762984,-18.4268062114716,0.039,LIC,Low and Middle Income
BDI,2013,259.311117203355,3.70341642841244,-18.3008155822754,0.042,LIC,Low and Middle Income
BDI,2014,261.296721752002,4.46892058042299,-16.4982360601425,0.033,LIC,Low and Middle Income
BDI,2015,254.402585226788,5.25856537918645,-20.1068741083145,0.032,LIC,Low and Middle Income
BDI,2016,258.061970804063,3.97908916361797,-25.2143055200577,0.038,LIC,Low and Middle Income
BDI,2017,261.725839287239,4.30528005798307,-23.9930443763733,0.045,LIC,Low and Middle Income
BDI,2018,267.508692172687,4.55281922933846,-25.7030159235,0.054,LIC,Low and Middle Income
BDI,2019,270.411005710809,,-24.6685010194779,0.056,LIC,Low and Middle Income
BDI,2020,263.463876362597,,-22.7192376852035,0.059,LIC,Low and Middle Income
BEL,1990,29609.6207516724,,,12.081,HIC,High Income
BEL,1991,30040.5508404095,,,12.341,HIC,High Income
BEL,1992,30376.8745342462,,,12.196,HIC,High Income
BEL,1993,29967.3944241601,,,12.043,HIC,High Income
BEL,1994,30839.2414336465,,,12.34,HIC,High Income
BEL,1995,31508.622663522,,,12.426,HIC,High Income
BEL,1996,31862.6693868132,,23.2380938529969,12.75,HIC,High Income
BEL,1997,32991.5010116146,,,12.181,HIC,High Income
BEL,1998,33566.9875919507,,20.7094947099685,12.766,HIC,High Income
BEL,1999,34676.6051555263,,,12.195,HIC,High Income
BEL,2000,35878.3153586195,,22.3368794918061,12.366,HIC,High Income
BEL,2001,36148.2880924306,56.7148895263672,,12.257,HIC,High Income
BEL,2002,36600.862592332,58.1100807189941,22.8639061450958,12.279,HIC,High Income
BEL,2003,36826.2699296094,59.6124610900879,22.6286410093307,12.364,HIC,High Income
BEL,2004,37976.6972967442,62.0411491394043,22.2909070253373,12.36,HIC,High Income
BEL,2005,38645.2605193362,62.8203315734863,21.3798942565919,11.992,HIC,High Income
BEL,2006,39371.0858277448,63.3717384338379,20.8181931972504,11.746,HIC,High Income
BEL,2007,40520.0843207009,62.461841583252,22.3615832328796,11.34,HIC,High Income
BEL,2008,40380.9075004042,62.7642097473145,22.6984984874726,11.224,HIC,High Income
BEL,2009,39293.637546825,64.9798431396484,23.4115185737611,9.97,HIC,High Income
BEL,2010,39991.5646206286,66.8578872680664,24.1034928560257,10.475,HIC,High Income
BEL,2011,40236.9596308558,67.7034072875977,24.3924313783646,9.526,HIC,High Income
BEL,2012,40074.492800399,69.7490615844727,24.6297636032104,9.227,HIC,High Income
BEL,2013,40007.8997891411,71.7841110229492,24.765260219574,9.213,HIC,High Income
BEL,2014,40533.9135027898,74.0397262573242,26.3259180784226,8.66,HIC,High Income
BEL,2015,40893.804537772,76.423942565918,24.8385039567948,8.987,HIC,High Income
BEL,2016,41172.8862831209,77.2435073852539,23.7807557582855,8.808,HIC,High Income
BEL,2017,41619.328629169,80.7738189697266,22.5287488698959,8.727,HIC,High Income
BEL,2018,42208.3625650272,79.1237487792969,22.8455146551132,8.772,HIC,High Income
BEL,2019,43006.4042308863,79.3044815063477,22.8067942857742,8.685,HIC,High Income
BEL,2020,40769.0218072962,79.4996032714844,22.670092701912,7.908,HIC,High Income
BEN,1990,749.459666582926,1.9679399728775,,0.11,LMC,Low and Middle Income
BEN,1991,757.403145107877,2.25591993331909,,0.114,LMC,Low and Middle Income
BEN,1992,756.080888165851,2.13378000259399,,0.119,LMC,Low and Middle Income
BEN,1993,765.479914438342,1.94243001937866,,0.137,LMC,Low and Middle Income
BEN,1994,752.277508740764,1.89841997623444,,0.15,LMC,Low and Middle Income
BEN,1995,781.0647884601,1.97397005558014,,0.154,LMC,Low and Middle Income
BEN,1996,793.7950526962,1.99114000797272,0.889363620430231,0.185,LMC,Low and Middle Income
BEN,1997,814.901395438676,2.43330001831055,,0.186,LMC,Low and Middle Income
BEN,1998,821.459971433599,,0.859360747039318,0.164,LMC,Low and Middle Income
BEN,1999,838.976786975768,3.09658002853394,,0.209,LMC,Low and Middle Income
BEN,2000,861.213292013209,3.49604988098144,-3.08590333163738,0.204,LMC,Low and Middle Income
BEN,2001,879.854463773645,4.20038986206055,,0.227,LMC,Low and Middle Income
BEN,2002,893.137100961634,4.92833995819092,-4.42983573675156,0.275,LMC,Low and Middle Income
BEN,2003,896.146763201736,5.43203020095825,-7.23700249195098,0.303,LMC,Low and Middle Income
BEN,2004,907.624431209378,5.47938013076782,-8.10222670435905,0.318,LMC,Low and Middle Income
BEN,2005,893.91536869992,5.41120004653931,-9.07833606004715,0.295,LMC,Low and Middle Income
BEN,2006,900.62053578735,6.20295000076294,-9.03668624162674,0.385,LMC,Low and Middle Income
BEN,2007,926.740113754071,7.43086004257202,-8.72346752882004,0.439,LMC,Low and Middle Income
BEN,2008,943.203380303862,7.34216022491455,-9.0219521522522,0.425,LMC,Low and Middle Income
BEN,2009,936.565651071554,9.3462495803833,-11.1233417391777,0.444,LMC,Low and Middle Income
BEN,2010,928.246655329144,12.6081895828247,-11.4526604413986,0.478,LMC,Low and Middle Income
BEN,2011,927.716412836707,11.8088598251343,-11.2020664215088,0.444,LMC,Low and Middle Income
BEN,2012,943.918771531001,12.8605403900147,-9.7739166021347,0.423,LMC,Low and Middle Income
BEN,2013,982.399206290516,14.7752199172974,-9.6555854678154,0.426,LMC,Low and Middle Income
BEN,2014,1014.4330062135,14.6916198730469,-8.25081118941307,0.433,LMC,Low and Middle Income
BEN,2015,1002.41886879614,12.4851799011231,-9.38916897773743,0.468,LMC,Low and Middle Income
BEN,2016,1006.03926633023,11.9529895782471,-10.6064210534096,0.454,LMC,Low and Middle Income
BEN,2017,1032.90471194182,11.337929725647,-10.9159846305847,0.461,LMC,Low and Middle Income
BEN,2018,1071.50452156932,11.5739097595215,-11.7160880565643,0.458,LMC,Low and Middle Income
BEN,2019,1114.17304526443,10.3906803131103,-11.4288254380226,0.414,LMC,Low and Middle Income
BEN,2020,1126.65404122154,10.3808002471924,-12.904870390892,0.424,LMC,Low and Middle Income
BFA,1990,332.153276660935,0.744490027427673,,0.065,LIC,Low and Middle Income
BFA,1991,353.206720757378,0.695360004901886,,0.068,LIC,Low and Middle Income
BFA,1992,345.401816823349,0.928770005702972,,0.066,LIC,Low and Middle Income
BFA,1993,348.581211032689,1.0837299823761,,0.064,LIC,Low and Middle Income
BFA,1994,344.371184069503,1.05731999874115,,0.065,LIC,Low and Middle Income
BFA,1995,354.841188502861,1.1000200510025,,0.064,LIC,Low and Middle Income
BFA,1996,383.973583031147,1.05685997009277,-15.8647678494453,0.068,LIC,Low and Middle Income
BFA,1997,397.838955257373,0.968949973583221,,0.07,LIC,Low and Middle Income
BFA,1998,415.273513470241,,-15.5186074376106,0.075,LIC,Low and Middle Income
BFA,1999,433.104727597234,0.983640015125275,,0.09,LIC,Low and Middle Income
BFA,2000,428.309796566198,,-12.4505294561386,0.078,LIC,Low and Middle Income
BFA,2001,442.914122870048,1.11434996128082,,0.087,LIC,Low and Middle Income
BFA,2002,448.128856317091,1.34107005596161,-13.5974254608154,0.084,LIC,Low and Middle Income
BFA,2003,468.263047790124,1.50508999824524,-10.6110187768936,0.091,LIC,Low and Middle Income
BFA,2004,474.086412333459,,-9.1076380610466,0.082,LIC,Low and Middle Income
BFA,2005,499.192797571217,2.14314007759094,-8.50885909795761,0.079,LIC,Low and Middle Income
BFA,2006,514.113131757062,2.25787997245789,-7.37499892711639,0.085,LIC,Low and Middle Income
BFA,2007,519.26101218434,2.40549993515015,-6.72904118895531,0.109,LIC,Low and Middle Income
BFA,2008,533.471299938288,2.92968010902405,-5.85958603024483,0.119,LIC,Low and Middle Income
BFA,2009,533.470084831931,3.26682996749878,-3.47093185782432,0.117,LIC,Low and Middle Income
BFA,2010,561.847221302489,3.34944579587797,-3.31338597834111,0.123,LIC,Low and Middle Income
BFA,2011,581.603658737407,3.91906920981907,-5.95678126811981,0.129,LIC,Low and Middle Income
BFA,2012,600.731343697818,4.33792685706514,-7.23953670263291,0.152,LIC,Low and Middle Income
BFA,2013,616.741331164082,4.57338342077701,-8.95324909687042,0.159,LIC,Low and Middle Income
BFA,2014,624.576885187665,4.89539917725699,-9.27686440944672,0.157,LIC,Low and Middle Income
BFA,2015,630.124750752312,4.90356866333498,-9.1483451128006,0.199,LIC,Low and Middle Income
BFA,2016,648.420480176012,5.40541465878063,-7.68881511688233,0.206,LIC,Low and Middle Income
BFA,2017,669.276310328333,5.8341880408112,-6.99339929223061,0.232,LIC,Low and Middle Income
BFA,2018,694.492813126351,6.31826110291158,-7.75124400854111,0.256,LIC,Low and Middle Income
BFA,2019,717.021595096634,6.90532594926159,-7.83810994029045,0.268,LIC,Low and Middle Income
BFA,2020,713.8421779224,7.64277062242324,-7.88198089599609,0.262,LIC,Low and Middle Income
BGD,1990,473.444821021085,4.3600001335144,,0.126,LMC,Low and Middle Income
BGD,1991,480.673358976087,,,0.13,LMC,Low and Middle Income
BGD,1992,497.371173735323,,,0.133,LMC,Low and Middle Income
BGD,1993,511.193509421294,,,0.136,LMC,Low and Middle Income
BGD,1994,521.323144726555,,,0.146,LMC,Low and Middle Income
BGD,1995,537.931946643983,,,0.172,LMC,Low and Middle Income
BGD,1996,552.077107138767,,-15.878403544426,0.172,LMC,Low and Middle Income
BGD,1997,566.271140847632,,,0.182,LMC,Low and Middle Income
BGD,1998,584.448175174047,,-15.9096966385841,0.179,LMC,Low and Middle Income
BGD,1999,600.232323162952,5.28646993637085,,0.19,LMC,Low and Middle Income
BGD,2000,620.560472822105,5.25165987014771,-16.8492099046707,0.197,LMC,Low and Middle Income
BGD,2001,641.288922876274,6.17244005203247,,0.227,LMC,Low and Middle Income
BGD,2002,655.672139362272,5.91559982299805,-16.8572208881378,0.23,LMC,Low and Middle Income
BGD,2003,676.826252046427,5.99128007888794,-19.5830466747285,0.238,LMC,Low and Middle Income
BGD,2004,702.656357081873,5.55667018890381,-19.0821950435639,0.252,LMC,Low and Middle Income
BGD,2005,739.203718353409,6.13484001159668,-16.6353816986084,0.261,LMC,Low and Middle Income
BGD,2006,779.419570444998,7.07040023803711,-15.4285887479782,0.285,LMC,Low and Middle Income
BGD,2007,825.508229964537,7.66305017471313,-14.0616511106491,0.288,LMC,Low and Middle Income
BGD,2008,866.45815762135,8.62265968322754,-12.7903507947922,0.303,LMC,Low and Middle Income
BGD,2009,901.729626251937,10.4939298629761,-13.3377149701118,0.326,LMC,Low and Middle Income
BGD,2010,943.66422864236,,-13.6172259449959,0.355,LMC,Low and Middle Income
BGD,2011,995.579947155662,13.2663245348367,-12.466704428196,0.362,LMC,Low and Middle Income
BGD,2012,1050.39140404066,13.4211598649529,-15.9148451089859,0.385,LMC,Low and Middle Income
BGD,2013,1103.15695907123,13.4900578063704,-14.8186569213867,0.414,LMC,Low and Middle Income
BGD,2014,1159.40753475981,13.5777392703559,-13.3015884757042,0.428,LMC,Low and Middle Income
BGD,2015,1224.38647668165,15.5739926180902,-13.0598196983337,0.483,LMC,Low and Middle Income
BGD,2016,1299.83091360792,17.3985207411042,-11.3545011281967,0.508,LMC,Low and Middle Income
BGD,2017,1373.75363740186,18.5175604399834,-11.5261667370796,0.534,LMC,Low and Middle Income
BGD,2018,1462.25050255713,19.5710492453779,-10.9922295808792,0.53,LMC,Low and Middle Income
BGD,2019,1564.20802445636,22.7094642473405,-10.9108475446701,0.575,LMC,Low and Middle Income
BGD,2020,1604.6659234742,22.6923019564501,-9.61581671237946,0.576,LMC,Low and Middle Income
BGR,1990,4425.49955286164,,,8.687,HIC,High Income
BGR,1991,4092.07934990466,,,7.075,HIC,High Income
BGR,1992,3835.45427951087,,,6.701,HIC,High Income
BGR,1993,3808.94310683811,,,6.896,HIC,High Income
BGR,1994,3891.38232617785,,,6.699,HIC,High Income
BGR,1995,4022.19748673152,,,6.93,HIC,High Income
BGR,1996,4253.45199440193,,-5.86428612470627,7.051,HIC,High Income
BGR,1997,3675.36877811444,,,6.791,HIC,High Income
BGR,1998,3840.17297697202,,-3.77594630420207,6.526,HIC,High Income
BGR,1999,3537.52626953376,,,5.748,HIC,High Income
BGR,2000,3718.11895993863,,-2.1042103022337,5.687,HIC,High Income
BGR,2001,3937.90285118373,41.0407791137695,,6.183,HIC,High Income
BGR,2002,4260.62251956893,41.4290084838867,-0.952849853783846,5.869,HIC,High Income
BGR,2003,4519.415326977,42.8536109924316,-2.92386001348495,6.47,HIC,High Income
BGR,2004,4850.11917184577,43.6935691833496,-2.00885201245547,6.392,HIC,High Income
BGR,2005,5231.60538607098,46.225269317627,-1.8454795256257,6.576,HIC,High Income
BGR,2006,5630.08907245392,47.7948303222656,-1.85038493573666,6.785,HIC,High Income
BGR,2007,6049.05136726418,51.2403411865234,-0.980635229498148,7.338,HIC,High Income
BGR,2008,6465.05231071194,52.6504096984863,-2.05849634855986,7.169,HIC,High Income
BGR,2009,6289.04666609216,55.0083694458008,-0.685310009866953,6.11,HIC,High Income
BGR,2010,6429.04599233108,58.354850769043,-1.65004309266806,6.429,HIC,High Income
BGR,2011,6605.64616736859,59.8246803283691,-2.40659072995185,7.198,HIC,High Income
BGR,2012,6693.76983060797,62.1616516113281,-1.95587310194969,6.598,HIC,High Income
BGR,2013,6793.08253592745,68.2013397216797,-2.50307002663613,5.862,HIC,High Income
BGR,2014,6941.37319825776,72.981559753418,-1.39339046180248,6.253,HIC,High Income
BGR,2015,7269.02586513711,78.2999572753906,-2.64646953344345,6.705,HIC,High Income
BGR,2016,7586.89174668116,80.6399612426758,-2.33172944188118,6.362,HIC,High Income
BGR,2017,7899.11056589871,81.2245864868164,-2.06736041605472,6.706,HIC,High Income
BGR,2018,8194.79296320014,83.134880065918,-1.73659126460552,6.193,HIC,High Income
BGR,2019,8626.5750265742,84.7503128051758,-0.56251675914973,6.049,HIC,High Income
BGR,2020,8440.51416964556,85.5331115722656,-2.10068485885859,5.274,HIC,High Income
BIH,1990,791.443970389452,,,4.467,UMC,Low and Middle Income
BIH,1991,715.900061170044,,,3.154,UMC,Low and Middle Income
BIH,1992,705.206668516429,,,3.549,UMC,Low and Middle Income
BIH,1993,748.150027169041,,,3.222,UMC,Low and Middle Income
BIH,1994,871.398487189453,,,0.86,UMC,Low and Middle Income
BIH,1995,1013.22444430671,,,0.917,UMC,Low and Middle Income
BIH,1996,1498.0059275225,,-4.10867291688918,1.094,UMC,Low and Middle Income
BIH,1997,1974.057421178,,,2.082,UMC,Low and Middle Income
BIH,1998,2262.03263639383,,-11.422032058239,2.58,UMC,Low and Middle Income
BIH,1999,2452.85188377919,,,2.502,UMC,Low and Middle Income
BIH,2000,2567.34137094619,15.3945398330688,-10.2383965849876,3.294,UMC,Low and Middle Income
BIH,2001,2617.18230350812,16.782470703125,,3.173,UMC,Low and Middle Income
BIH,2002,2743.13878615838,17.0357398986816,-11.1520965695381,3.384,UMC,Low and Middle Income
BIH,2003,2855.68314939849,18.8590297698975,-10.4863743185997,3.436,UMC,Low and Middle Income
BIH,2004,3063.83543448936,21.1273002624512,-8.34146186709404,3.734,UMC,Low and Middle Income
BIH,2005,3217.81341615345,24.1594295501709,-8.83636504411697,3.917,UMC,Low and Middle Income
BIH,2006,3419.75887457192,27.0378398895264,-8.44039133191109,4.279,UMC,Low and Middle Income
BIH,2007,3665.08966529499,30.7171401977539,-7.98840913176537,4.354,UMC,Low and Middle Income
BIH,2008,3929.03297717336,34.473949432373,-6.92631140351296,5.055,UMC,Low and Middle Income
BIH,2009,3877.53540078456,36.9575691223145,-6.12233838438988,5.293,UMC,Low and Middle Income
BIH,2010,3981.20985692032,38.5334587097168,-6.04603087902069,5.548,UMC,Low and Middle Income
BIH,2011,4094.25329541877,41.9769592285156,-5.64023140072823,6.351,UMC,Low and Middle Income
BIH,2012,4139.91732773657,44.7015495300293,-3.35203091800213,6.032,UMC,Low and Middle Income
BIH,2013,4306.73175072214,51.3600883483887,-2.3689495921135,6.038,UMC,Low and Middle Income
BIH,2014,4412.67617817734,54.1655807495117,-2.24785064160824,5.417,UMC,Low and Middle Income
BIH,2015,4662.25869219448,55.5336608886719,-4.43409870564938,5.247,UMC,Low and Middle Income
BIH,2016,4876.53471495633,56.9546089172363,-3.21509297192097,6.258,UMC,Low and Middle Income
BIH,2017,5099.81602856447,54.528678894043,-3.3611858934164,6.461,UMC,Low and Middle Income
BIH,2018,5360.25201017633,49.7987518310547,-3.7707759141922,6.519,UMC,Low and Middle Income
BIH,2019,5583.29721276458,46.6677894592285,-3.7612095028162,6.22,UMC,Low and Middle Income
BIH,2020,5490.75366635139,43.8039207458496,-5.29053354263305,6.314,UMC,Low and Middle Income
BLR,1990,2888.81296582486,48.9211387634277,,10.648,UMC,Low and Middle Income
BLR,1991,2852.83085924888,47.9793395996094,,10.22,UMC,Low and Middle Income
BLR,1992,2573.29955103215,44.3892517089844,,9.16,UMC,Low and Middle Income
BLR,1993,2372.48516910385,43.4634819030762,,7.877,UMC,Low and Middle Income
BLR,1994,2097.38187007503,41.3819999694824,,6.646,UMC,Low and Middle Income
BLR,1995,1885.36062660186,40.5794792175293,,5.983,UMC,Low and Middle Income
BLR,1996,1944.68700512976,44.467098236084,-13.5827278494835,6.085,UMC,Low and Middle Income
BLR,1997,2175.40374180154,44.790599822998,,6.095,UMC,Low and Middle Income
BLR,1998,2368.78330877851,48.6389083862305,-15.1568019986153,5.97,UMC,Low and Middle Income
BLR,1999,2460.36944195798,51.9174118041992,,5.785,UMC,Low and Middle Income
BLR,2000,2615.36376799462,54.5108413696289,-18.7099204063416,5.506,UMC,Low and Middle Income
BLR,2001,2753.0336970697,56.5885696411133,,5.444,UMC,Low and Middle Income
BLR,2002,2910.39937484153,58.9719886779785,-21.2552812099457,5.464,UMC,Low and Middle Income
BLR,2003,3137.26261430575,61.6584510803223,-18.2396110296249,5.635,UMC,Low and Middle Income
BLR,2004,3520.40452642524,62.9585113525391,-20.2051492929459,5.996,UMC,Low and Middle Income
BLR,2005,3877.71738911289,65.4601211547852,-19.6483281850815,6.144,UMC,Low and Middle Income
BLR,2006,4291.68647163264,68.3140869140625,-22.1622307300568,6.433,UMC,Low and Middle Income
BLR,2007,4682.20676719042,71.1050872802734,-19.8198499679566,6.303,UMC,Low and Middle Income
BLR,2008,5177.64534775676,71.3163528442383,-18.1711316108704,6.604,UMC,Low and Middle Income
BLR,2009,5200.77418555423,75.3678512573242,-17.4493182897568,6.377,UMC,Low and Middle Income
BLR,2010,5616.0941173307,80.1169697729485,-18.23149061203,6.587,UMC,Low and Middle Income
BLR,2011,5941.68999156239,87.3373753061346,-18.9192496538163,6.477,UMC,Low and Middle Income
BLR,2012,6052.6373706236,93.4729592664074,-15.6916552186012,6.614,UMC,Low and Middle Income
BLR,2013,6115.43288098707,95.4975003100193,-14.9953805804253,6.778,UMC,Low and Middle Income
BLR,2014,6212.91667418659,94.316359554493,-13.8568273186684,6.725,UMC,Low and Middle Income
BLR,2015,5967.05595058777,93.7888271999214,-14.8918395638466,6.201,UMC,Low and Middle Income
BLR,2016,5811.20159182547,91.5206757734477,-12.9813207983971,6.126,UMC,Low and Middle Income
BLR,2017,5964.89668834561,89.4706479354735,-14.9230698347092,6.26,UMC,Low and Middle Income
BLR,2018,6165.91320019277,84.7097808751504,-15.127178132534,6.558,UMC,Low and Middle Income
BLR,2019,6267.73508743505,81.2921953254514,-14.5307155847549,6.589,UMC,Low and Middle Income
BLR,2020,6251.98898968645,79.900160036935,-18.3331283330918,6.323,UMC,Low and Middle Income
BLZ,1990,4112.59517532713,,,1.701,UMC,Low and Middle Income
BLZ,1991,4499.57971281862,,,2.174,UMC,Low and Middle Income
BLZ,1992,4967.92710478843,,,1.861,UMC,Low and Middle Income
BLZ,1993,5166.82867390165,,,1.936,UMC,Low and Middle Income
BLZ,1994,5056.95201193832,,,1.877,UMC,Low and Middle Income
BLZ,1995,4967.96153818049,,,1.848,UMC,Low and Middle Income
BLZ,1996,4875.65675023061,,1.43958631902933,1.463,UMC,Low and Middle Income
BLZ,1997,4915.3403407039,,,1.786,UMC,Low and Middle Income
BLZ,1998,4931.45499103616,,-1.80472139269114,1.643,UMC,Low and Middle Income
BLZ,1999,5213.5662826521,,,1.493,UMC,Low and Middle Income
BLZ,2000,5663.64632374973,,1.6715560182929,1.643,UMC,Low and Middle Income
BLZ,2001,5764.99055491104,15.1962203979492,,1.8,UMC,Low and Middle Income
BLZ,2002,5895.15235037898,17.0946197509766,-0.773686174303293,1.689,UMC,Low and Middle Income
BLZ,2003,6274.47428279313,16.2938194274902,3.23963826894761,1.639,UMC,Low and Middle Income
BLZ,2004,6383.07432412662,15.6906204223633,-0.899663854390383,1.443,UMC,Low and Middle Income
BLZ,2005,6337.12389222378,16.1422500610352,-0.826008036732674,1.493,UMC,Low and Middle Income
BLZ,2006,6435.58767337678,16.941520690918,0.405733076855541,1.54,UMC,Low and Middle Income
BLZ,2007,6465.82885846045,17.9253196716309,-0.761705923825502,1.596,UMC,Low and Middle Income
BLZ,2008,6187.95885023655,18.78537940979,-2.26255844533444,1.42,UMC,Low and Middle Income
BLZ,2009,5997.68447156383,22.0563106536865,-5.49345642328262,1.641,UMC,Low and Middle Income
BLZ,2010,5937.75398343789,21.5657311669129,-4.77995857596398,1.682,UMC,Low and Middle Income
BLZ,2011,5802.24344531492,21.5464009784327,-7.98798254132271,1.746,UMC,Low and Middle Income
BLZ,2012,5902.74234696881,24.0271611386785,-7.40973615646362,1.413,UMC,Low and Middle Income
BLZ,2013,6013.07879895362,24.0045345047471,-7.67446032166481,1.384,UMC,Low and Middle Income
BLZ,2014,6116.49578852783,24.0154633440872,-13.845831990242,1.439,UMC,Low and Middle Income
BLZ,2015,6154.62264230369,23.4350622690571,-13.4421598315239,1.923,UMC,Low and Middle Income
BLZ,2016,6012.21296983668,24.4760136680388,-16.4594089388847,1.848,UMC,Low and Middle Income
BLZ,2017,5767.61921963762,24.731690676743,-16.5254200100899,1.787,UMC,Low and Middle Income
BLZ,2018,5707.61059954436,24.5883446033139,-14.2719564437866,1.735,UMC,Low and Middle Income
BLZ,2019,5864.14611827109,25.138736158351,-14.4889757037163,1.994,UMC,Low and Middle Income
BLZ,2020,5006.48453276935,25.9421694120047,-13.9708732962608,1.672,UMC,Low and Middle Income
BRN,1990,44179.827869454,,,19.618,HIC,High Income
BRN,1991,44201.1394947727,,,25.994,HIC,High Income
BRN,1992,41672.3708419389,5.49680995941162,,24.712,HIC,High Income
BRN,1993,40342.0504065212,5.81064987182617,,21.126,HIC,High Income
BRN,1994,39721.4345352129,6.15674018859863,,18.63,HIC,High Income
BRN,1995,39274.4980204335,,,20.207,HIC,High Income
BRN,1996,38331.6576177026,,13.8725935220718,19.989,HIC,High Income
BRN,1997,39820.2107524086,,,20.235,HIC,High Income
BRN,1998,36331.1813349886,10.6331796646118,9.04110312461853,17.911,HIC,High Income
BRN,1999,37045.9342568638,13.0251398086548,,18.716,HIC,High Income
BRN,2000,37509.5983847742,13.4959297180176,8.80507296323776,18.032,HIC,High Income
BRN,2001,37269.3099216587,14.6684103012085,,17.273,HIC,High Income
BRN,2002,37976.2627573601,14.1154699325562,8.16763132810593,15.54,HIC,High Income
BRN,2003,38595.1688513702,14.257490158081,9.60026693344116,17.711,HIC,High Income
BRN,2004,37948.6590825194,15.1707801818848,6.30464094877243,16.907,HIC,High Income
BRN,2005,37312.2778797122,15.2498598098755,3.96916441619395,15.124,HIC,High Income
BRN,2006,38229.3565684183,15.2068796157837,1.95678213983774,19.589,HIC,High Income
BRN,2007,36174.516515486,15.4847002029419,6.82814392447472,21.777,HIC,High Income
BRN,2008,34126.6941563969,15.7385101318359,7.78463315963745,24.26,HIC,High Income
BRN,2009,32855.6021602466,16.5658493041992,13.3032361268997,20.119,HIC,High Income
BRN,2010,33121.3178241724,15.3331604003906,13.1416961550713,20.435,HIC,High Income
BRN,2011,33754.3640783713,17.4244594573975,14.3287524580955,23.925,HIC,High Income
BRN,2012,33544.5389457877,22.0733509063721,13.3873230814934,23.424,HIC,High Income
BRN,2013,32381.0739795231,23.4649200439453,10.0193938016892,18.546,HIC,High Income
BRN,2014,31148.7297405401,30.0799102783203,8.02951607108116,21.19,HIC,High Income
BRN,2015,30625.1287744656,28.6641292572021,6.56447380781174,16.421,HIC,High Income
BRN,2016,29492.4145927789,28.6644096374512,9.16304862499237,17.852,HIC,High Income
BRN,2017,29524.65912789,31.2433910195239,10.5910310745239,21.51,HIC,High Income
BRN,2018,29200.1952024222,27.9285989469629,10.2556552290916,21.336,HIC,High Income
BRN,2019,29996.2407223175,27.7715019255456,10.0528082847595,21.605,HIC,High Income
BRN,2020,30015.9588506697,27.4692556634304,15.3424943089485,24.937,HIC,High Income
BWA,1990,4039.46544455099,,,2.068,UMC,Low and Middle Income
BWA,1991,4224.09857544948,4.35687017440796,,1.963,UMC,Low and Middle Income
BWA,1992,4226.73999498293,,,2.012,UMC,Low and Middle Income
BWA,1993,4186.14547358363,5.16587018966675,,2.25,UMC,Low and Middle Income
BWA,1994,4219.4408088678,5.62313985824585,,2.075,UMC,Low and Middle Income
BWA,1995,4399.1388580936,5.28647994995117,,2.031,UMC,Low and Middle Income
BWA,1996,4543.2105349273,5.66145992279053,9.93685793876648,1.794,UMC,Low and Middle Income
BWA,1997,4809.4439184672,,,1.781,UMC,Low and Middle Income
BWA,1998,4724.93670942028,5.96113014221191,10.7364485263824,2.08,UMC,Low and Middle Income
BWA,1999,5070.94772048729,6.25281000137329,,1.923,UMC,Low and Middle Income
BWA,2000,5062.64289173588,6.98083019256592,9.81042402982712,2.252,UMC,Low and Middle Income
BWA,2001,4971.96371794188,7.48678016662598,,2.247,UMC,Low and Middle Income
BWA,2002,5175.47655317231,7.80341005325317,9.50333970785141,2.278,UMC,Low and Middle Income
BWA,2003,5320.440295139,9.07960033416748,11.4000672101974,2.154,UMC,Low and Middle Income
BWA,2004,5369.42516766112,9.56877994537354,9.56251114606858,2.155,UMC,Low and Middle Income
BWA,2005,5514.21742664705,9.23077964782715,9.19884836673736,2.226,UMC,Low and Middle Income
BWA,2006,5865.00026521361,10.0698099136353,8.73229116201401,2.205,UMC,Low and Middle Income
BWA,2007,6085.6354476126,10.2232799530029,9.2625572681427,2.212,UMC,Low and Middle Income
BWA,2008,6158.61629368051,14.2659397125244,10.3778359293938,2.309,UMC,Low and Middle Income
BWA,2009,5179.4138607146,21.9871006011963,9.96259421110153,1.937,UMC,Low and Middle Income
BWA,2010,5584.5034321846,19.5398902893066,10.1478185653687,2.232,UMC,Low and Middle Income
BWA,2011,5850.07858575461,17.5134506225586,10.2238063812256,1.943,UMC,Low and Middle Income
BWA,2012,5742.91924452636,21.6663608551025,10.1068689227104,2.408,UMC,Low and Middle Income
BWA,2013,6284.97678002618,26.3370990753174,8.40582957863808,2.645,UMC,Low and Middle Income
BWA,2014,6547.12254115892,24.8355648460166,9.17041403055191,3.154,UMC,Low and Middle Income
BWA,2015,6141.20394726616,26.8692925538756,8.28742945194244,2.459,UMC,Low and Middle Income
BWA,2016,6490.83463593483,22.6605855291776,6.52435824275017,2.837,UMC,Low and Middle Income
BWA,2017,6662.57644805467,21.4762885165012,6.19365227222443,3.117,UMC,Low and Middle Income
BWA,2018,6843.84612027739,,6.59673959016799,3.324,UMC,Low and Middle Income
BWA,2019,6951.73189051146,21.4965480211896,7.45064646005631,3.21,UMC,Low and Middle Income
BWA,2020,6254.24806241091,22.4017870513653,6.57073849439621,2.617,UMC,Low and Middle Income
CAN,1990,31700.5781154607,,,16.482,HIC,High Income
CAN,1991,30654.3639368973,,,15.974,HIC,High Income
CAN,1992,30563.4095229714,,,16.259,HIC,High Income
CAN,1993,31032.785763879,,,16.096,HIC,High Income
CAN,1994,32074.1884806299,,,16.415,HIC,High Income
CAN,1995,32595.4842690909,,,16.678,HIC,High Income
CAN,1996,32801.3348171586,,28.0033299922944,17.058,HIC,High Income
CAN,1997,33867.0419274091,,,17.366,HIC,High Income
CAN,1998,34894.6484928404,,29.1549215316773,17.462,HIC,High Income
CAN,1999,36391.5718964607,,,17.774,HIC,High Income
CAN,2000,37906.89821012,58.5191192626953,28.3132636547089,18.344,HIC,High Income
CAN,2001,38200.4945025395,,,17.908,HIC,High Income
CAN,2002,38921.7064054514,58.4131507873535,28.2437324523926,17.893,HIC,High Income
CAN,2003,39270.0629084669,,28.8499610424042,18.255,HIC,High Income
CAN,2004,40108.7990262916,,28.6815034151077,17.935,HIC,High Income
CAN,2005,41006.264144024,,28.0525023937226,17.583,HIC,High Income
CAN,2006,41663.5541588166,,30.6184165477753,17.287,HIC,High Income
CAN,2007,42106.9147186165,63.8298110961914,30.5507031679153,17.828,HIC,High Income
CAN,2008,42067.610977795,64.3074111938477,30.5386816263199,17.167,HIC,High Income
CAN,2009,40376.4559330928,63.6236991882324,30.5443539619446,15.997,HIC,High Income
CAN,2010,41164.3812486578,61.8845901489258,30.5760371685029,16.209,HIC,High Income
CAN,2011,42043.6842044008,63.1586990356445,29.361038684845,16.288,HIC,High Income
CAN,2012,42320.6856530018,63.603271484375,29.859160542488,16.086,HIC,High Income
CAN,2013,42851.2135876232,65.7477188110352,29.7075464725494,16.11,HIC,High Income
CAN,2014,43643.2794910996,67.1677017211914,32.0679278373718,15.854,HIC,High Income
CAN,2015,43594.2379080706,67.2690963745117,30.8074680566788,15.655,HIC,High Income
CAN,2016,43551.3863558236,69.2459411621094,30.7097665071488,15.231,HIC,High Income
CAN,2017,44339.4332217878,70.2687072753906,30.0658053159714,15.395,HIC,High Income
CAN,2018,44907.3887994469,69.3507232666016,29.2530158758164,15.42,HIC,High Income
CAN,2019,45100.336805859,73.1128768920898,29.3320631980896,15.325,HIC,High Income
CAN,2020,42366.1710935265,75.2389068603516,27.6017400026321,13.733,HIC,High Income
CHE,1990,69584.5767626374,,,6.576,HIC,High Income
CHE,1991,67932.7854592116,,,6.787,HIC,High Income
CHE,1992,66409.491461386,,,6.693,HIC,High Income
CHE,1993,64448.1064296646,,,6.286,HIC,High Income
CHE,1994,66503.9311877673,,,6.101,HIC,High Income
CHE,1995,68765.8004895745,,,6.166,HIC,High Income
CHE,1996,68846.2811295722,,32.8363828659057,6.237,HIC,High Income
CHE,1997,70121.2926450719,,,6.072,HIC,High Income
CHE,1998,71854.1176863899,,32.7683229446411,6.276,HIC,High Income
CHE,1999,72713.7068420544,,,6.221,HIC,High Income
CHE,2000,74933.2770077552,38.1127586364746,33.0789496898652,6.072,HIC,High Income
CHE,2001,75646.1781144131,39.2238006591797,,6.239,HIC,High Income
CHE,2002,75361.6941607385,39.9602890014648,32.6096272468567,5.972,HIC,High Income
CHE,2003,74592.0284690955,43.0505409240723,32.2897634506225,6.089,HIC,High Income
CHE,2004,75997.4453154761,44.8805198669434,32.0653221607208,6.125,HIC,High Income
CHE,2005,77741.3436104704,45.2465286254883,32.3283795118332,6.159,HIC,High Income
CHE,2006,80448.9696781612,46.2847785949707,30.6641174554825,6.066,HIC,High Income
CHE,2007,82909.1358291459,47.8155517578125,31.0750770568848,5.746,HIC,High Income
CHE,2008,83934.7657221246,49.6888809204102,30.6800340414047,5.85,HIC,High Income
CHE,2009,81288.642957612,50.3034515380859,29.6333959102631,5.625,HIC,High Income
CHE,2010,83069.4276373455,52.8040618896484,29.7465143203735,5.755,HIC,High Income
CHE,2011,83307.3180998465,53.1352806091309,29.276413679123,5.177,HIC,High Income
CHE,2012,83354.0207485188,54.835620880127,30.8006345033646,5.281,HIC,High Income
CHE,2013,83914.0245080812,56.1812400817871,30.5331856012344,5.337,HIC,High Income
CHE,2014,85004.8134534,58.0650596618652,33.835298538208,4.792,HIC,High Income
CHE,2015,85265.06205193,60.8185615539551,32.5463552474975,4.678,HIC,High Income
CHE,2016,85951.2234148345,61.1939888000488,32.5030345916748,4.684,HIC,High Income
CHE,2017,86362.360972862,62.4597206115723,32.2029924392701,4.523,HIC,High Income
CHE,2018,88581.0826935584,64.3533935546875,32.1922562122345,4.338,HIC,High Income
CHE,2019,88932.4119306425,66.3093414306641,31.7749915122986,4.293,HIC,High Income
CHE,2020,86293.9183441155,68.0676422119141,30.3383450508118,3.975,HIC,High Income
CHL,1990,5290.53694835535,,,2.449,HIC,High Income
CHL,1991,5606.86557277047,,,2.261,HIC,High Income
CHL,1992,6151.76546454326,,,2.305,HIC,High Income
CHL,1993,6461.73217350303,,,2.418,HIC,High Income
CHL,1994,6688.29717704707,,,2.653,HIC,High Income
CHL,1995,7201.13100361441,,,2.861,HIC,High Income
CHL,1996,7605.28953010603,,18.9335490465164,3.273,HIC,High Income
CHL,1997,8058.94228801535,,,3.746,HIC,High Income
CHL,1998,8287.45061096547,,18.6592301130296,3.785,HIC,High Income
CHL,1999,8161.45168872186,,,4.009,HIC,High Income
CHL,2000,8465.35303258864,35.4313201904297,21.435697555542,3.773,HIC,High Income
CHL,2001,8632.0148244056,,,3.374,HIC,High Income
CHL,2002,8810.69052712257,40.2664985656738,21.3730809688569,3.458,HIC,High Income
CHL,2003,9130.7842621819,43.5181999206543,20.0125837326049,3.438,HIC,High Income
CHL,2004,9642.37478651228,44.3284606933594,19.8168445825577,3.658,HIC,High Income
CHL,2005,10104.4208391373,50.2735595703125,20.5735876560212,3.738,HIC,High Income
CHL,2006,10611.6144012877,49.3216896057129,20.0819507837296,3.88,HIC,High Income
CHL,2007,11051.3450717678,54.7230491638184,20.3181886672974,4.227,HIC,High Income
CHL,2008,11356.0922105983,56.7743988037109,20.5760742425919,4.19,HIC,High Income
CHL,2009,11116.4093443103,59.9912910461426,20.2995382547378,3.878,HIC,High Income
CHL,2010,11649.2897090856,66.3445205688477,20.8320670127868,4.153,HIC,High Income
CHL,2011,12252.8441074615,70.8241806030273,21.4767556190491,4.499,HIC,High Income
CHL,2012,12882.834417927,75.0770721435547,21.8901653289795,4.545,HIC,High Income
CHL,2013,13182.7329619856,79.8703384399414,21.3384786844253,4.621,HIC,High Income
CHL,2014,13285.9540361192,83.6629791259766,22.9306199550628,4.343,HIC,High Income
CHL,2015,13433.9202987032,86.4181137084961,20.8158105611801,4.531,HIC,High Income
CHL,2016,13505.097711133,88.8458862304688,16.3978700041771,4.612,HIC,High Income
CHL,2017,13473.3458532934,89.921989440918,16.7489545345306,4.533,HIC,High Income
CHL,2018,13763.0068844795,91.1974792480469,16.0593228936195,4.469,HIC,High Income
CHL,2019,13631.9284885172,92.0659713745117,15.7763723731041,4.791,HIC,High Income
CHL,2020,12680.7761524378,89.1124877929688,15.8305978775024,4.139,HIC,High Income
CHN,1990,917.187887177205,3.00202989578247,,2.153,UMC,Low and Middle Income
CHN,1991,989.585278674846,2.88314008712769,,2.237,UMC,Low and Middle Income
CHN,1992,1117.29533882968,2.81714010238648,,2.306,UMC,Low and Middle Income
CHN,1993,1258.34142676619,2.93351006507873,,2.434,UMC,Low and Middle Income
CHN,1994,1406.97393365064,3.77007007598877,,2.559,UMC,Low and Middle Income
CHN,1995,1545.07897848105,4.65805006027222,,2.747,UMC,Low and Middle Income
CHN,1996,1681.45741269443,5.27504014968872,-9.27502971887588,2.843,UMC,Low and Middle Income
CHN,1997,1819.07954081306,5.79580020904541,,2.83,UMC,Low and Middle Income
CHN,1998,1944.46718626424,6.25878000259399,-8.10569110512733,2.682,UMC,Low and Middle Income
CHN,1999,2076.93180259914,6.61046981811523,,2.817,UMC,Low and Middle Income
CHN,2000,2237.30047918692,7.57777976989746,-8.77399164438247,2.87,UMC,Low and Middle Income
CHN,2001,2405.99411858042,9.28069019317627,,2.912,UMC,Low and Middle Income
CHN,2002,2610.66275070444,11.8050804138184,-8.78950595855713,3.185,UMC,Low and Middle Income
CHN,2003,2856.85053293219,14.513970375061,-9.40174531936646,3.735,UMC,Low and Middle Income
CHN,2004,3127.91444892337,16.9004402160644,-9.95296806097031,4.002,UMC,Low and Middle Income
CHN,2005,3465.72767067642,18.6565208435059,-11.0529391169548,4.49,UMC,Low and Middle Income
CHN,2006,3883.27464370816,20.5667705535889,-11.8981880545616,4.921,UMC,Low and Middle Income
CHN,2007,4409.69709445986,21.4715595245361,-10.1557616591454,5.261,UMC,Low and Middle Income
CHN,2008,4811.34486346262,21.8667392730713,-8.14596945047377,5.617,UMC,Low and Middle Income
CHN,2009,5237.78809982377,23.2886295318604,-7.87463411688805,5.871,UMC,Low and Middle Income
CHN,2010,5764.65012366375,25.2883066277701,-8.03423163294792,6.37,UMC,Low and Middle Income
CHN,2011,6275.71634288814,26.7875039907406,-7.7147696018219,6.999,UMC,Low and Middle Income
CHN,2012,6723.09003744607,29.3081906903292,-9.27153593301773,7.132,UMC,Low and Middle Income
CHN,2013,7197.937319496,32.7191603158803,-8.94112706184387,7.21,UMC,Low and Middle Income
CHN,2014,7686.37369520403,43.7110051016854,-6.73403859138488,7.188,UMC,Low and Middle Income
CHN,2015,8175.33285077393,47.1192619330726,-6.89656159281731,7.061,UMC,Low and Middle Income
CHN,2016,8679.22528805041,49.309077375597,-5.46957856416703,6.943,UMC,Low and Middle Income
CHN,2017,9221.35045639842,51.0678812273407,-4.29287156462669,7.08,UMC,Low and Middle Income
CHN,2018,9798.57890566402,53.3987984572814,-3.11354301869869,7.292,UMC,Low and Middle Income
CHN,2019,10356.2924890582,56.6050917923292,-4.40031205117702,7.526,UMC,Low and Middle Income
CHN,2020,10573.3794064211,61.6124675996947,-1.66922184079886,7.641,UMC,Low and Middle Income
CMR,1990,1360.47765296011,2.95227003097534,,0.23,LMC,Low and Middle Income
CMR,1991,1271.04658608388,3.23773002624512,,0.229,LMC,Low and Middle Income
CMR,1992,1196.85081918895,,,0.226,LMC,Low and Middle Income
CMR,1993,1070.98275377636,,,0.232,LMC,Low and Middle Income
CMR,1994,1060.87326552909,,,0.384,LMC,Low and Middle Income
CMR,1995,1062.01607349987,,,0.412,LMC,Low and Middle Income
CMR,1996,1077.38925202961,,-24.5122131109238,0.445,LMC,Low and Middle Income
CMR,1997,1096.69757735007,,,0.39,LMC,Low and Middle Income
CMR,1998,1118.50819963079,,-19.3568301200866,0.38,LMC,Low and Middle Income
CMR,1999,1138.36298546565,4.9432201385498,,0.359,LMC,Low and Middle Income
CMR,2000,1151.27689302947,4.69010019302368,-20.2767030000687,0.375,LMC,Low and Middle Income
CMR,2001,1169.92670464984,4.71602010726929,,0.363,LMC,Low and Middle Income
CMR,2002,1189.96707897027,5.15587997436523,-21.5113854408264,0.34,LMC,Low and Middle Income
CMR,2003,1221.09446141454,5.22031021118164,-19.776092529297,0.353,LMC,Low and Middle Income
CMR,2004,1271.74326874167,5.22725009918213,-19.9447832107544,0.343,LMC,Low and Middle Income
CMR,2005,1264.74345218659,6.03904008865356,-20.2374850511551,0.318,LMC,Low and Middle Income
CMR,2006,1277.32990712342,7.07693004608154,-19.770738363266,0.313,LMC,Low and Middle Income
CMR,2007,1295.73067471287,7.57396984100342,-20.1588809490203,0.41,LMC,Low and Middle Income
CMR,2008,1295.02211276052,8.20874977111816,-18.7992227077483,0.394,LMC,Low and Middle Income
CMR,2009,1290.89961351149,9.40400981903076,-19.2262225151062,0.448,LMC,Low and Middle Income
CMR,2010,1290.9013745759,11.5745716750246,-18.3471503257751,0.426,LMC,Low and Middle Income
CMR,2011,1297.3064962694,12.5102445161105,-18.3752748966217,0.401,LMC,Low and Middle Income
CMR,2012,1319.66961634054,13.5363302230835,-17.7298161983489,0.366,LMC,Low and Middle Income
CMR,2013,1347.2130636706,15.7712802886963,-17.9885830879211,0.367,LMC,Low and Middle Income
CMR,2014,1381.81938454907,16.7535896301269,-15.2608928084373,0.398,LMC,Low and Middle Income
CMR,2015,1415.00009710569,17.2970758627753,-16.9231317043304,0.433,LMC,Low and Middle Income
CMR,2016,1435.61830727839,12.7046554004596,-17.9645566940308,0.425,LMC,Low and Middle Income
CMR,2017,1444.90682916573,12.9818161813936,-17.8440380096436,0.397,LMC,Low and Middle Income
CMR,2018,1461.01969999317,14.5449548868213,-18.7090436220169,0.397,LMC,Low and Middle Income
CMR,2019,1470.31785276187,15.0528614131463,-19.3724267482757,0.377,LMC,Low and Middle Income
CMR,2020,1434.51913723409,15.5519566247682,-19.8094682693481,0.371,LMC,Low and Middle Income
COL,1990,3714.1849928328,,,1.753,UMC,Low and Middle Income
COL,1991,3713.17727535576,,,1.71,UMC,Low and Middle Income
COL,1992,3787.5942918216,,,1.817,UMC,Low and Middle Income
COL,1993,3912.6590835796,,,1.837,UMC,Low and Middle Income
COL,1994,4059.32146113882,,,1.907,UMC,Low and Middle Income
COL,1995,4189.72770913999,,,1.658,UMC,Low and Middle Income
COL,1996,4198.69126252708,,-12.7812424302101,1.635,UMC,Low and Middle Income
COL,1997,4265.6935185646,,,1.754,UMC,Low and Middle Income
COL,1998,4213.82800470051,,-11.2696480751038,1.735,UMC,Low and Middle Income
COL,1999,3967.11339937681,,,1.438,UMC,Low and Middle Income
COL,2000,4016.80951748167,25.5096893310547,-15.7256446480751,1.438,UMC,Low and Middle Income
COL,2001,4020.50789754842,26.3812599182129,,1.422,UMC,Low and Middle Income
COL,2002,4058.28493578738,26.5130996704102,-12.7342424988747,1.374,UMC,Low and Middle Income
COL,2003,4154.17528523618,,-12.5649985671043,1.393,UMC,Low and Middle Income
COL,2004,4311.91591255233,29.5034599304199,-11.8184024691582,1.308,UMC,Low and Middle Income
COL,2005,4457.27537460443,32.253978729248,-10.7623915076256,1.43,UMC,Low and Middle Income
COL,2006,4694.03442939175,34.3662109375,-8.64259469509125,1.463,UMC,Low and Middle Income
COL,2007,4947.25260813108,35.4785308837891,-7.36066660284996,1.403,UMC,Low and Middle Income
COL,2008,5048.57187245249,37.9448013305664,-6.48101177811622,1.531,UMC,Low and Middle Income
COL,2009,5046.97121757727,39.5088005065918,-6.25221896171569,1.621,UMC,Low and Middle Income
COL,2010,5214.24547620131,41.529670715332,-4.61355537176132,1.685,UMC,Low and Middle Income
COL,2011,5517.1011086899,45.2873306274414,-3.69514490664006,1.661,UMC,Low and Middle Income
COL,2012,5675.75617978305,47.4669914245605,-5.54062506556511,1.721,UMC,Low and Middle Income
COL,2013,5910.80592301166,50.7474899291992,-6.59737834334373,1.873,UMC,Low and Middle Income
COL,2014,6121.83982019825,53.1794395446777,-4.28580054640769,1.977,UMC,Low and Middle Income
COL,2015,6248.51490534512,54.7961311340332,-4.13609343767166,1.938,UMC,Low and Middle Income
COL,2016,6316.07067782542,57.1437492370605,-4.46644438803196,1.931,UMC,Low and Middle Income
COL,2017,6309.67745292518,58.3960418701172,-6.17460244894028,1.734,UMC,Low and Middle Income
COL,2018,6353.5464285392,57.3205413818359,-6.46699729561806,1.852,UMC,Low and Middle Income
COL,2019,6439.96359812647,56.6663017272949,-6.59002271294594,1.983,UMC,Low and Middle Income
COL,2020,5891.95523215403,55.7331085205078,-8.32487270236015,1.823,UMC,Low and Middle Income
CPV,1990,835.120723175504,,,0.478,UMC,Low and Middle Income
CPV,1991,826.681399309547,,,0.429,UMC,Low and Middle Income
CPV,1992,896.519359558541,,,0.456,UMC,Low and Middle Income
CPV,1993,953.861011115729,,,0.419,UMC,Low and Middle Income
CPV,1994,1113.93806476467,,,0.429,UMC,Low and Middle Income
CPV,1995,1248.28104350759,,,0.473,UMC,Low and Middle Income
CPV,1996,1365.49820603623,,17.7511984109878,0.517,UMC,Low and Middle Income
CPV,1997,1492.01847422507,,,0.525,UMC,Low and Middle Income
CPV,1998,1652.11117220593,,11.4252725243568,0.55,UMC,Low and Middle Income
CPV,1999,1809.80582624137,1.54689002037048,,0.64,UMC,Low and Middle Income
CPV,2000,2037.31720912714,1.77746999263763,10.8531731963158,0.655,UMC,Low and Middle Income
CPV,2001,2051.21733888102,1.54462003707886,,0.756,UMC,Low and Middle Income
CPV,2002,2127.70872296502,3.76713991165161,4.54637143015861,0.824,UMC,Low and Middle Income
CPV,2003,2186.89500422765,4.45262002944946,4.35839349031448,0.875,UMC,Low and Middle Income
CPV,2004,2379.79636224135,5.89057016372681,5.81143552064896,0.894,UMC,Low and Middle Income
CPV,2005,2514.16779255327,7.33844995498657,6.36048224568367,0.921,UMC,Low and Middle Income
CPV,2006,2683.83943856892,8.3322696685791,10.8843588829041,1.008,UMC,Low and Middle Income
CPV,2007,3056.97102851154,9.42763996124268,10.3830137848854,1.019,UMC,Low and Middle Income
CPV,2008,3238.44159287498,11.6451501846313,9.71286755800248,0.943,UMC,Low and Middle Income
CPV,2009,3159.58698693977,14.5845203399658,9.05980521440506,1.035,UMC,Low and Middle Income
CPV,2010,3194.61667734233,17.2396798150949,7.87572339177131,1.092,UMC,Low and Middle Income
CPV,2011,3309.20121643898,19.8174684695304,8.61509734392166,1.204,UMC,Low and Middle Income
CPV,2012,3341.7421054836,19.8951290654347,8.73919159173965,0.98,UMC,Low and Middle Income
CPV,2013,3361.09387702205,22.2468122776255,9.36998397111893,0.966,UMC,Low and Middle Income
CPV,2014,3383.8422809791,23.2703965538205,11.2550774812698,0.958,UMC,Low and Middle Income
CPV,2015,3415.06266730931,22.524027665499,9.73297035694122,0.965,UMC,Low and Middle Income
CPV,2016,3560.1400729534,23.6934975221505,4.89520412683487,1.037,UMC,Low and Middle Income
CPV,2017,3719.71306047915,24.5594648459854,6.09931606054306,1.114,UMC,Low and Middle Income
CPV,2018,3853.67940035241,24.2905954414767,6.74471968412399,1.113,UMC,Low and Middle Income
CPV,2019,4115.90283469406,,7.7089019715786,1.226,UMC,Low and Middle Income
CPV,2020,3255.93628984058,,7.42423260211945,1.011,UMC,Low and Middle Income
CUB,1990,4961.45738860948,20.6704692840576,,2.788,UMC,Low and Middle Income
CUB,1991,4395.45493473446,20.8748302459717,,2.516,UMC,Low and Middle Income
CUB,1992,3861.87437370304,19.6879501342773,,1.924,UMC,Low and Middle Income
CUB,1993,3270.55047645542,17.9483890533447,,1.825,UMC,Low and Middle Income
CUB,1994,3280.38453264476,16.7040901184082,,1.968,UMC,Low and Middle Income
CUB,1995,3348.88763214863,14.2621002197266,,2.093,UMC,Low and Middle Income
CUB,1996,3599.32498555978,13.4059000015259,-19.3257852792739,2.126,UMC,Low and Middle Income
CUB,1997,3687.42530352589,13.2927103042603,,2.257,UMC,Low and Middle Income
CUB,1998,3680.98418008951,13.477499961853,-17.7796756029129,2.203,UMC,Low and Middle Income
CUB,1999,3895.54643322661,21.1540107727051,,2.212,UMC,Low and Middle Income
CUB,2000,4112.26168350671,22.9956703186035,-17.8474274873733,2.277,UMC,Low and Middle Income
CUB,2001,4229.90309433356,26.0719394683838,,2.215,UMC,Low and Middle Income
CUB,2002,4277.39565642359,27.423469543457,-19.9575626850128,2.253,UMC,Low and Middle Income
CUB,2003,4426.96599591833,32.568790435791,-20.7943831682204,2.28,UMC,Low and Middle Income
CUB,2004,4670.18802138025,52.4411582946777,-18.8210365772248,2.183,UMC,Low and Middle Income
CUB,2005,5182.35283601732,60.115119934082,-18.471090555191,2.282,UMC,Low and Middle Income
CUB,2006,5799.41163668615,84.7447280883789,-12.9849196076393,2.375,UMC,Low and Middle Income
CUB,2007,6215.76603727772,105.017448425293,-11.7373381257057,2.279,UMC,Low and Middle Income
CUB,2008,6469.08507847668,117.163070678711,-14.0701464414597,2.456,UMC,Low and Middle Income
CUB,2009,6561.25305093006,113.827087402344,-12.1112431287766,2.502,UMC,Low and Middle Income
CUB,2010,6716.49048497058,93.544739814446,-12.2826534509659,2.925,UMC,Low and Middle Income
CUB,2011,6902.16397571139,78.4791611574931,-11.7959877252579,2.573,UMC,Low and Middle Income
CUB,2012,7109.24834185635,61.3519866952141,-12.0467540025711,2.608,UMC,Low and Middle Income
CUB,2013,7307.82004410741,47.9938388668246,-11.8846740722656,2.469,UMC,Low and Middle Income
CUB,2014,7392.48324633027,40.8057214253261,-11.1363033652306,2.425,UMC,Low and Middle Income
CUB,2015,7727.91997207998,36.7510276842099,-12.1711876988411,2.58,UMC,Low and Middle Income
CUB,2016,7774.0698462623,35.0523986816406,-7.76299199461937,2.465,UMC,Low and Middle Income
CUB,2017,7927.27769431767,41.1702416547293,-7.60708278417588,2.183,UMC,Low and Middle Income
CUB,2018,8120.43123558256,42.3506387045364,-7.83979457616806,2.05,UMC,Low and Middle Income
CUB,2019,8124.75282059108,44.7791807576091,-5.74964219331741,2.007,UMC,Low and Middle Income
CUB,2020,7252.28811179844,46.7357262964117,-4.84705618023872,1.904,UMC,Low and Middle Income
CYP,1990,17144.4609375,,,5.896,HIC,High Income
CYP,1991,16829.904296875,,,6.429,HIC,High Income
CYP,1992,17928.53125,,,6.798,HIC,High Income
CYP,1993,17623.275390625,,,6.964,HIC,High Income
CYP,1994,18281.01171875,,,7.097,HIC,High Income
CYP,1995,19453.837890625,,,6.799,HIC,High Income
CYP,1996,19385.27734375,,14.5744574069977,7.061,HIC,High Income
CYP,1997,19617.17578125,,,7.022,HIC,High Income
CYP,1998,20562.287109375,,16.074801325798,7.213,HIC,High Income
CYP,1999,21349.740234375,,,7.37,HIC,High Income
CYP,2000,22383.955078125,,17.2729996442796,7.499,HIC,High Income
CYP,2001,23019.240234375,21.6125202178955,,7.239,HIC,High Income
CYP,2002,23604.177734375,25.1022891998291,16.8230895996094,7.308,HIC,High Income
CYP,2003,23930.7734375,31.9552307128906,15.9592905640602,7.564,HIC,High Income
CYP,2004,24799.63671875,36.0204582214355,15.4474610686302,7.65,HIC,High Income
CYP,2005,25631.35546875,34.102180480957,14.9133880734444,7.674,HIC,High Income
CYP,2006,26395.490234375,34.3019485473633,18.5975680351257,7.761,HIC,High Income
CYP,2007,27156.806640625,36.2316017150879,18.7950257062911,7.9,HIC,High Income
CYP,2008,27449.212890625,40.8491706848145,20.5128557682037,7.966,HIC,High Income
CYP,2009,26183.673828125,47.6964492797852,20.5042773485184,7.606,HIC,High Income
CYP,2010,26090.037109375,48.311580657959,20.5633231401443,7.157,HIC,High Income
CYP,2011,25538.76953125,46.5397300720215,18.1103227138519,6.797,HIC,High Income
CYP,2012,24285.484375,45.8635902404785,18.5905095338822,6.231,HIC,High Income
CYP,2013,22711.708984375,47.470890045166,17.5099177360535,5.556,HIC,High Income
CYP,2014,22373.56640625,52.1083793640137,18.2721490859985,5.766,HIC,High Income
CYP,2015,23088.4296875,59.8640594482422,17.2534387111664,5.701,HIC,High Income
CYP,2016,24477.974609375,68.3754730224609,11.8509787917137,5.941,HIC,High Income
CYP,2017,25665.990234375,79.827522277832,14.6010203361511,5.955,HIC,High Income
CYP,2018,26962.392578125,86.5899276733398,12.3367634415627,5.764,HIC,High Income
CYP,2019,28167.146484375,93.9260711669922,12.4392389059067,5.693,HIC,High Income
CYP,2020,26895.671875,102.390762329102,9.38944286108017,5.301,HIC,High Income
CZE,1990,11900.5844581421,,,15.944,HIC,High Income
CZE,1991,10543.6195982395,,,14.449,HIC,High Income
CZE,1992,10479.4918667877,,,14.129,HIC,High Income
CZE,1993,10475.0849147458,,,13.578,HIC,High Income
CZE,1994,10775.9443891717,,,12.853,HIC,High Income
CZE,1995,11453.3800188807,,,12.764,HIC,High Income
CZE,1996,11944.7171474526,,15.5604862570763,13.114,HIC,High Income
CZE,1997,11886.3480904927,,,12.737,HIC,High Income
CZE,1998,11850.8396211995,,14.7266701459885,12.247,HIC,High Income
CZE,1999,12026.4688076608,,,11.381,HIC,High Income
CZE,2000,12543.9364342367,,10.320976793766,12.429,HIC,High Income
CZE,2001,12958.4667607533,32.0267791748047,,12.428,HIC,High Income
CZE,2002,13179.9878092741,36.8876609802246,14.6170272827148,12.109,HIC,High Income
CZE,2003,13618.9349633164,39.2078895568848,14.8530665636063,12.449,HIC,High Income
CZE,2004,14259.63342798,45.4242782592773,12.8916229605675,12.504,HIC,High Income
CZE,2005,15147.7214417611,49.1181411743164,14.5815979838371,12.229,HIC,High Income
CZE,2006,16107.3042502688,49.8811302185059,14.6605466008186,12.279,HIC,High Income
CZE,2007,16892.542854974,54.1809005737305,14.9386470913887,12.417,HIC,High Income
CZE,2008,17190.6470333289,57.9171714782715,15.3040324449539,11.845,HIC,High Income
CZE,2009,16272.8084766719,61.4115715026855,16.2557030320168,11.033,HIC,High Income
CZE,2010,16665.9317825137,64.9327697753906,15.8256258964539,11.226,HIC,High Income
CZE,2011,16926.2846674435,66.7968215942383,17.2974520921708,10.974,HIC,High Income
CZE,2012,16772.3539223328,66.9287719726562,17.3842272758484,10.59,HIC,High Income
CZE,2013,16759.7808635642,66.3243179321289,17.4056020975113,10.152,HIC,High Income
CZE,2014,17118.0425571578,67.3959732055664,19.3613164424897,9.911,HIC,High Income
CZE,2015,17931.5987670768,67.2303619384766,18.8960348367691,9.976,HIC,High Income
CZE,2016,18359.0978103904,67.5056381225586,16.8759799003601,10.125,HIC,High Income
CZE,2017,19257.6930680911,67.7142181396484,18.5801267623901,10.22,HIC,High Income
CZE,2018,19736.6295261285,66.7902221679688,17.4207409620284,10.079,HIC,High Income
CZE,2019,20360.0599221814,66.8802185058594,17.3797702789307,9.569,HIC,High Income
CZE,2020,19233.1469549829,67.1843719482422,17.4207888841629,8.688,HIC,High Income
DNK,1990,39306.7939232431,,,10.402,HIC,High Income
DNK,1991,39776.5961774467,,,12.437,HIC,High Income
DNK,1992,40447.2328284958,,,11.279,HIC,High Income
DNK,1993,40280.8935863909,,,11.674,HIC,High Income
DNK,1994,42270.6520867615,,,12.422,HIC,High Income
DNK,1995,43328.5293418439,,,11.781,HIC,High Income
DNK,1996,44331.6199637443,,30.9537470340729,14.231,HIC,High Income
DNK,1997,45546.5896151864,,,12.382,HIC,High Income
DNK,1998,46437.1921069175,,31.2335336208343,11.545,HIC,High Income
DNK,1999,47657.1731901716,,,11.021,HIC,High Income
DNK,2000,49266.9882757886,,30.7484688758849,10.17,HIC,High Income
DNK,2001,49557.1509962227,61.3673095703125,,10.431,HIC,High Income
DNK,2002,49624.5965359582,64.2234725952148,31.9997934103013,10.334,HIC,High Income
DNK,2003,49708.0909084109,68.1712493896484,32.6486871242523,11.25,HIC,High Income
DNK,2004,50956.3045398814,74.9665069580078,32.8189078569413,10.195,HIC,High Income
DNK,2005,52015.1841169021,80.8124618530273,32.9138541221619,9.509,HIC,High Income
DNK,2006,53823.1590295482,78.5057678222656,33.7194818258285,10.943,HIC,High Income
DNK,2007,54113.9771471341,78.243293762207,33.9178980588913,10.017,HIC,High Income
DNK,2008,53572.5346568185,74.8606262207031,33.2189564704895,9.33,HIC,High Income
DNK,2009,50635.9118061988,73.1106262207031,32.5911612510681,8.845,HIC,High Income
DNK,2010,51209.4492757775,72.4951477050781,32.2735104560851,8.866,HIC,High Income
DNK,2011,51667.5313210425,75.9300231933594,32.636452794075,7.941,HIC,High Income
DNK,2012,51470.689845427,77.7465515136719,31.8761368989945,7.128,HIC,High Income
DNK,2013,51970.3909324806,80.4186782836914,32.3389353752136,7.437,HIC,High Income
DNK,2014,52368.3625969272,81.3143615722656,35.7139337062836,6.657,HIC,High Income
DNK,2015,53094.0133607574,83.300407409668,34.3500227928162,6.177,HIC,High Income
DNK,2016,54300.2039621991,82.1714935302734,32.1073867082596,6.445,HIC,High Income
DNK,2017,55601.0145717787,81.3220062255859,30.7621381282806,6.013,HIC,High Income
DNK,2018,56355.0733084714,81.1405487060547,30.2432228326798,5.973,HIC,High Income
DNK,2019,57114.6227336347,81.6945877075195,31.2733256816864,5.323,HIC,High Income
DNK,2020,55934.5555945523,82.6643295288086,30.8494563102721,4.853,HIC,High Income
DZA,1990,3605.68701212608,10.0710496902466,,2.991,UMC,Low and Middle Income
DZA,1991,3478.50976269176,10.8018398284912,,3.0,UMC,Low and Middle Income
DZA,1992,3455.92936294162,10.945969581604,,2.977,UMC,Low and Middle Income
DZA,1993,3302.91950568634,10.8634300231934,,2.981,UMC,Low and Middle Income
DZA,1994,3201.56914402566,10.4309101104736,,3.15,UMC,Low and Middle Income
DZA,1995,3255.18726869561,10.2354803085327,,3.369,UMC,Low and Middle Income
DZA,1996,3322.95538141474,11.6038904190063,-20.7093123197555,3.429,UMC,Low and Middle Income
DZA,1997,3297.46603361265,,,2.959,UMC,Low and Middle Income
DZA,1998,3410.88254401644,,-20.3721559047699,3.518,UMC,Low and Middle Income
DZA,1999,3471.49196276497,13.6004695892334,,2.973,UMC,Low and Middle Income
DZA,2000,3553.32420521991,,-21.1793541908264,2.736,UMC,Low and Middle Income
DZA,2001,3610.00605631983,15.2947797775269,,2.745,UMC,Low and Middle Income
DZA,2002,3754.66081538446,16.9754199981689,-10.8244639635086,2.824,UMC,Low and Middle Income
DZA,2003,3945.89816094007,18.211820602417,-10.2914731502533,2.924,UMC,Low and Middle Income
DZA,2004,4066.28204806495,18.8709297180176,-10.4768849611282,2.784,UMC,Low and Middle Income
DZA,2005,4223.60252133943,20.7098693847656,-13.1519566178322,3.309,UMC,Low and Middle Income
DZA,2006,4279.61547120827,21.3458003997803,-13.1784771680832,3.087,UMC,Low and Middle Income
DZA,2007,4339.25055772831,23.5956306457519,-13.4620696306229,3.146,UMC,Low and Middle Income
DZA,2008,4367.56538017541,,-13.0521283745766,3.119,UMC,Low and Middle Income
DZA,2009,4336.10054052949,30.5014705657959,-14.034637093544,3.278,UMC,Low and Middle Income
DZA,2010,4456.6102741643,30.7344437013341,-13.8854874968529,3.257,UMC,Low and Middle Income
DZA,2011,4501.3543013352,32.3866003582095,-14.3706920742989,3.38,UMC,Low and Middle Income
DZA,2012,4518.43978956464,33.5570987119466,-13.8145012259483,3.602,UMC,Low and Middle Income
DZA,2013,4543.23444006767,35.4386275633738,-11.7854033708572,3.684,UMC,Low and Middle Income
DZA,2014,4634.10149179952,36.0427983596258,-13.6746127009392,3.888,UMC,Low and Middle Income
DZA,2015,4685.05902729002,38.2444735695552,-15.9698448181152,4.006,UMC,Low and Middle Income
DZA,2016,4768.73140081027,43.9040620880927,-15.5552020668983,3.875,UMC,Low and Middle Income
DZA,2017,4742.90075532529,49.177689984383,-15.6917650103569,3.964,UMC,Low and Middle Income
DZA,2018,4717.0035885361,52.8819387317527,-13.679089486599,4.104,UMC,Low and Middle Income
DZA,2019,4672.66408678635,53.8645018203122,-14.6054177284241,4.214,UMC,Low and Middle Income
DZA,2020,4363.68533767783,53.3752192208988,-13.5676147937775,3.886,UMC,Low and Middle Income
EGY,1990,1972.13789303325,13.5156497955322,,1.248,LMC,Low and Middle Income
EGY,1991,1940.10019358564,11.1729497909546,,1.24,LMC,Low and Middle Income
EGY,1992,1979.02010131332,,,1.259,LMC,Low and Middle Income
EGY,1993,1989.97920020791,,,1.444,LMC,Low and Middle Income
EGY,1994,2024.95373805253,,,1.361,LMC,Low and Middle Income
EGY,1995,2074.83991140246,,,1.492,LMC,Low and Middle Income
EGY,1996,2133.64804177244,,0.0214614977594464,1.448,LMC,Low and Middle Income
EGY,1997,2204.66575942446,,,1.621,LMC,Low and Middle Income
EGY,1998,2277.2850483467,,-2.15846075117588,1.777,LMC,Low and Middle Income
EGY,1999,2361.86425101369,28.6016693115234,,1.776,LMC,Low and Middle Income
EGY,2000,2458.60835003154,,-0.876905862241983,1.954,LMC,Low and Middle Income
EGY,2001,2492.03441188861,27.8922500610352,,1.693,LMC,Low and Middle Income
EGY,2002,2498.4812119434,28.9182395935059,-0.19495723117143,1.684,LMC,Low and Middle Income
EGY,2003,2524.80477195753,26.0245094299316,-0.0400259715970606,1.926,LMC,Low and Middle Income
EGY,2004,2574.42341789647,27.2862091064453,0.226404217071831,1.911,LMC,Low and Middle Income
EGY,2005,2635.70305226634,28.4127006530762,-0.0207949917530641,2.058,LMC,Low and Middle Income
EGY,2006,2761.62410768311,28.3695907592773,-4.74244648218154,2.157,LMC,Low and Middle Income
EGY,2007,2902.06559803259,28.8399200439453,-4.18562917411328,2.245,LMC,Low and Middle Income
EGY,2008,3052.2129784594,28.6861095428467,-2.20632120966911,2.281,LMC,Low and Middle Income
EGY,2009,3135.09661305712,29.2693099975586,-1.4168649315834,2.346,LMC,Low and Middle Income
EGY,2010,3233.84521249306,30.0727383660214,-2.97268562018872,2.273,LMC,Low and Middle Income
EGY,2011,3222.37650111397,25.5901820932158,-8.22618263959885,2.434,LMC,Low and Middle Income
EGY,2012,3220.99194201188,26.2271566255146,-9.1187973022461,2.281,LMC,Low and Middle Income
EGY,2013,3216.37839024454,28.3479816954113,-12.5099241733551,2.298,LMC,Low and Middle Income
EGY,2014,3235.66246235519,29.1134325604942,-11.872443318367,2.33,LMC,Low and Middle Income
EGY,2015,3306.98159414141,32.8848991394043,-10.1917579770088,2.276,LMC,Low and Middle Income
EGY,2016,3381.22246307712,31.8731307983398,-8.09192690253257,2.412,LMC,Low and Middle Income
EGY,2017,3452.90961245976,33.1018892935221,-7.5851479768753,2.443,LMC,Low and Middle Income
EGY,2018,3568.63966286365,36.1230010986328,-5.07775947451591,2.289,LMC,Low and Middle Income
EGY,2019,3701.2446344954,33.622825887244,-5.613848477602,2.176,LMC,Low and Middle Income
EGY,2020,3770.86947868544,38.773998260498,-5.39322453737259,2.253,LMC,Low and Middle Income
ESP,1990,19174.77083233,,,5.869,HIC,High Income
ESP,1991,19612.9766041957,,,6.104,HIC,High Income
ESP,1992,19698.51176766,,,6.283,HIC,High Income
ESP,1993,19394.4931411816,,,6.03,HIC,High Income
ESP,1994,19762.3886289154,,,6.307,HIC,High Income
ESP,1995,20217.9031940372,,,6.618,HIC,High Income
ESP,1996,20658.8402775701,,24.3964540958405,6.277,HIC,High Income
ESP,1997,21310.4311888986,,,6.553,HIC,High Income
ESP,1998,22135.4045018802,,22.2052646875381,6.737,HIC,High Income
ESP,1999,23017.838771323,,,7.278,HIC,High Income
ESP,2000,24106.8818529374,,23.9275248050689,7.539,HIC,High Income
ESP,2001,24878.3784543991,61.0042190551758,,7.541,HIC,High Income
ESP,2002,25205.3154769045,63.7400817871094,20.8918362855911,7.928,HIC,High Income
ESP,2003,25481.1653690112,65.5322113037109,21.2119331359863,7.894,HIC,High Income
ESP,2004,25825.3106463315,67.4735717773438,19.1925249099731,8.145,HIC,High Income
ESP,2005,26294.447384391,68.1358337402344,18.9983421564103,8.359,HIC,High Income
ESP,2006,26899.0921497113,68.9646224975586,19.0379066467286,8.029,HIC,High Income
ESP,2007,27338.79541774,69.2297668457031,19.6147663593293,8.051,HIC,High Income
ESP,2008,27112.526293889,69.4019393920898,20.1237181425095,7.252,HIC,High Income
ESP,2009,25860.8142592652,71.4311676025391,19.6520388126373,6.351,HIC,High Income
ESP,2010,25766.2515825743,76.3829116821289,19.6653978824615,6.033,HIC,High Income
ESP,2011,25510.5579678829,80.7240905761719,19.879432797432,6.027,HIC,High Income
ESP,2012,24763.568274484,82.89208984375,17.6425708532333,5.901,HIC,High Income
ESP,2013,24498.5559507945,85.1826324462891,17.4305208921432,5.38,HIC,High Income
ESP,2014,24947.8512505913,87.9358520507812,16.4304155111313,5.429,HIC,High Income
ESP,2015,25982.4416197775,88.5305328369141,15.1354845762253,5.789,HIC,High Income
ESP,2016,26719.2442268615,89.810791015625,16.4859030842781,5.554,HIC,High Income
ESP,2017,27426.281015093,92.070182800293,17.4867261648179,5.835,HIC,High Income
ESP,2018,27956.7225466484,92.5194931030273,16.7112020254135,5.702,HIC,High Income
ESP,2019,28301.4393949563,91.5387725830078,16.9225965738296,5.285,HIC,High Income
ESP,2020,25077.019882928,91.59912109375,14.7436061501503,4.441,HIC,High Income
EST,1990,9341.22558106091,,,23.503,HIC,High Income
EST,1991,8637.20577725726,,,21.806,HIC,High Income
EST,1992,6934.17057662389,,,15.85,HIC,High Income
EST,1993,6706.56021122484,,,12.918,HIC,High Income
EST,1994,6738.99904122236,,,13.579,HIC,High Income
EST,1995,7170.94607721168,,,12.427,HIC,High Income
EST,1996,7637.25708286963,,9.76525408029556,13.267,HIC,High Income
EST,1997,8732.99085657194,,,13.136,HIC,High Income
EST,1998,9199.93534127632,,10.0649212002754,11.999,HIC,High Income
EST,1999,9133.89593384355,,,11.349,HIC,High Income
EST,2000,10006.7696280939,,10.1101894378662,11.074,HIC,High Income
EST,2001,10662.9455020331,58.7174797058105,,11.432,HIC,High Income
EST,2002,11474.6622721923,61.7471008300781,13.4612427949905,11.134,HIC,High Income
EST,2003,12424.0441535693,64.2222671508789,13.1039038896561,12.584,HIC,High Income
EST,2004,13348.5284463324,65.7773971557617,15.0113022327423,12.712,HIC,High Income
EST,2005,14703.6179707772,67.9843521118164,15.3630468249321,12.614,HIC,High Income
EST,2006,16234.5152041417,68.7950820922852,19.2054442167282,12.205,HIC,High Income
EST,2007,17543.4661785723,68.8220596313477,19.0786830186844,14.866,HIC,High Income
EST,2008,16688.997772178,67.8356094360352,19.6424754858016,13.324,HIC,High Income
EST,2009,14274.8511086787,67.8494186401367,19.1191959381104,10.794,HIC,High Income
EST,2010,14657.939813612,68.7101593017578,19.603208899498,14.244,HIC,High Income
EST,2011,15820.922342204,71.0235290527344,19.988854765892,14.275,HIC,High Income
EST,2012,16460.6843479001,72.9364700317383,19.5660053491592,13.429,HIC,High Income
EST,2013,16809.5326683781,75.4523162841797,20.2544708251953,14.898,HIC,High Income
EST,2014,17413.6867560212,76.2024536132812,23.2889050245285,14.29,HIC,High Income
EST,2015,17722.1557669523,74.5832824707031,22.1861265897751,12.004,HIC,High Income
EST,2016,18264.9873304279,73.0334320068359,20.3528958559036,13.248,HIC,High Income
EST,2017,19270.8141210511,72.1369781494141,21.3012653589249,14.131,HIC,High Income
EST,2018,19914.3454922878,72.0659637451172,20.5475835800171,13.465,HIC,High Income
EST,2019,20579.8756732376,72.7060317993164,21.2241719961166,9.261,HIC,High Income
EST,2020,19946.945696898,72.0443572998047,22.8192797899246,6.918,HIC,High Income
FIN,1990,31291.5222587198,,,11.415,HIC,High Income
FIN,1991,29290.9773950558,,,11.008,HIC,High Income
FIN,1992,28162.3512348846,,,10.764,HIC,High Income
FIN,1993,27807.8614663327,,,11.116,HIC,High Income
FIN,1994,28785.9195720485,,,12.133,HIC,High Income
FIN,1995,29890.5243289925,,,11.379,HIC,High Income
FIN,1996,30883.8347237846,,32.4346663951874,12.496,HIC,High Income
FIN,1997,32762.1179107575,,,12.199,HIC,High Income
FIN,1998,34457.4555939742,,33.1852750778199,11.518,HIC,High Income
FIN,1999,35886.4949080548,,,11.398,HIC,High Income
FIN,2000,37872.6020343504,,33.2079299688338,11.015,HIC,High Income
FIN,2001,38784.1308115726,85.9510498046875,,12.051,HIC,High Income
FIN,2002,39343.0698997627,86.788932800293,32.3661119937897,12.508,HIC,High Income
FIN,2003,40038.9839702277,88.286979675293,33.296782374382,13.938,HIC,High Income
FIN,2004,41521.962874476,90.1379318237305,32.9781061410904,13.187,HIC,High Income
FIN,2005,42529.3506920884,91.9409408569336,33.166006565094,10.877,HIC,High Income
FIN,2006,44069.3958834717,93.4309921264648,33.3117282390595,12.983,HIC,High Income
FIN,2007,46213.6898975737,95.0834808349609,32.2464498281478,12.624,HIC,High Income
FIN,2008,46359.8732844055,95.8668518066406,32.4764803647995,11.033,HIC,High Income
FIN,2009,42412.5133513534,92.0154724121094,33.3636709451675,10.474,HIC,High Income
FIN,2010,43556.5385834368,93.1867599487305,33.3412957191467,11.95,HIC,High Income
FIN,2011,44391.4535667984,93.2884292602539,32.9721460342407,10.513,HIC,High Income
FIN,2012,43507.9345371578,91.5533828735352,33.048569560051,9.449,HIC,High Income
FIN,2013,42883.6384986417,91.2365264892578,33.2463747262955,9.509,HIC,High Income
FIN,2014,42502.4880199858,89.9938812255859,36.1211519241333,8.719,HIC,High Income
FIN,2015,42560.3456767103,89.6573791503906,34.9906928539276,8.065,HIC,High Income
FIN,2016,43529.6761616969,89.3280029296875,34.2289044857025,8.598,HIC,High Income
FIN,2017,44862.220404205,90.6983871459961,34.5038568973541,8.107,HIC,High Income
FIN,2018,45337.2409550575,92.3850021362305,34.6906359195709,8.292,HIC,High Income
FIN,2019,45898.5708448954,94.5891189575195,34.3256187438965,7.687,HIC,High Income
FIN,2020,44690.9801103074,96.4726333618164,34.4758925437928,6.821,HIC,High Income
FRA,1990,27992.9751471374,,,6.929,HIC,High Income
FRA,1991,28197.2359540607,,,7.318,HIC,High Income
FRA,1992,28482.5194675509,,,7.096,HIC,High Income
FRA,1993,28257.0962487817,,,6.728,HIC,High Income
FRA,1994,28822.5006495069,,,6.585,HIC,High Income
FRA,1995,29379.6158424052,,,6.65,HIC,High Income
FRA,1996,29683.7786067651,,25.2226169109345,6.909,HIC,High Income
FRA,1997,30325.522871824,,,6.762,HIC,High Income
FRA,1998,31256.5073830655,,23.196768283844,7.049,HIC,High Income
FRA,1999,32152.7207478734,,,6.991,HIC,High Income
FRA,2000,33255.1379642335,,24.3492271900178,6.85,HIC,High Income
FRA,2001,33640.6738002565,50.4472885131836,,6.871,HIC,High Income
FRA,2002,33753.5782979758,50.2516899108887,20.6188346147538,6.747,HIC,High Income
FRA,2003,33840.6175720101,52.3169784545898,22.6659114360809,6.799,HIC,High Income
FRA,2004,34557.1471111581,53.4576301574707,24.2282781600953,6.769,HIC,High Income
FRA,2005,34946.0372494703,53.8823318481445,23.9331181049346,6.756,HIC,High Income
FRA,2006,35645.4162427116,53.8754196166992,24.8569387197494,6.554,HIC,High Income
FRA,2007,36322.1685141004,52.9475402832031,24.7583649158479,6.35,HIC,High Income
FRA,2008,36257.3658930938,52.4755210876465,25.4366538524627,6.209,HIC,High Income
FRA,2009,35052.8510772683,52.7731018066406,24.5778695344924,5.885,HIC,High Income
FRA,2010,35578.1968010183,54.881721496582,25.4954361915588,5.946,HIC,High Income
FRA,2011,36269.9561530888,55.6257286071777,24.3054920434952,5.572,HIC,High Income
FRA,2012,36161.2918253465,57.9090118408203,24.4278515577316,5.59,HIC,High Income
FRA,2013,36256.086680981,59.8487586975098,23.8399176597595,5.591,HIC,High Income
FRA,2014,36444.3949089146,61.5104789733887,24.7104607820511,5.067,HIC,High Income
FRA,2015,36702.4323733379,62.7859306335449,23.3143163919449,5.116,HIC,High Income
FRA,2016,36920.5342846914,64.7276763916016,23.0578945875167,5.155,HIC,High Income
FRA,2017,37580.5979329356,65.8022308349609,23.8439536094666,5.183,HIC,High Income
FRA,2018,38062.4435961412,67.5435180664062,23.8239839076996,4.931,HIC,High Income
FRA,2019,38705.2072940618,67.7331314086914,23.3995584249497,4.812,HIC,High Income
FRA,2020,35709.2045925926,68.8709411621094,22.1333460807801,4.272,HIC,High Income
GBR,1990,30071.2085616955,,,10.493,HIC,High Income
GBR,1991,29590.9054053428,,,10.588,HIC,High Income
GBR,1992,29893.0776793743,,,10.289,HIC,High Income
GBR,1993,30862.4118121654,,,10.017,HIC,High Income
GBR,1994,32308.7952722115,,,9.896,HIC,High Income
GBR,1995,33362.0161272507,,,9.735,HIC,High Income
GBR,1996,34147.3459054033,,27.688483953476,10.065,HIC,High Income
GBR,1997,35721.6105928791,,,9.628,HIC,High Income
GBR,1998,36773.9287790406,,29.462684750557,9.698,HIC,High Income
GBR,1999,37730.7155591161,,,9.546,HIC,High Income
GBR,2000,39297.1366317267,57.365119934082,28.3414409160614,9.635,HIC,High Income
GBR,2001,40082.1359356822,57.4873008728027,,9.749,HIC,High Income
GBR,2002,40594.932929345,61.1282196044922,28.082169175148,9.41,HIC,High Income
GBR,2003,41706.8303930126,61.4559707641602,28.3457919359208,9.556,HIC,High Income
GBR,2004,42434.8209023638,59.4526710510254,27.3292036056519,9.53,HIC,High Income
GBR,2005,43320.5628684438,59.2745018005371,26.4887373447418,9.412,HIC,High Income
GBR,2006,43944.9985799069,59.1907196044922,30.1307071447372,9.301,HIC,High Income
GBR,2007,44882.141312304,58.8450889587402,29.2432672977448,9.093,HIC,High Income
GBR,2008,44508.2874631479,57.4309883117676,28.8430403470993,8.785,HIC,High Income
GBR,2009,42146.5095879962,59.101131439209,29.4371622800828,7.905,HIC,High Income
GBR,2010,42762.720840223,59.8467292785645,30.1697731018066,8.125,HIC,High Income
GBR,2011,42791.0934313474,59.3426704406738,28.1986435651779,7.396,HIC,High Income
GBR,2012,43136.7006795996,59.1535682678223,29.4000357389451,7.622,HIC,High Income
GBR,2013,43585.8731772281,56.7794799804688,28.7200186252594,7.418,HIC,High Income
GBR,2014,44628.5724578217,56.5240287780762,31.8708078861237,6.765,HIC,High Income
GBR,2015,45256.040227057,56.4461288452148,30.1897407770157,6.461,HIC,High Income
GBR,2016,45888.7099614563,58.083869934082,27.9700646400452,6.062,HIC,High Income
GBR,2017,47019.4510419999,59.6282081604004,28.051581978798,5.838,HIC,High Income
GBR,2018,47516.2099770322,61.1377716064453,27.3426623344421,5.689,HIC,High Income
GBR,2019,47866.9140354078,65.5119934082031,26.7716814279556,5.435,HIC,High Income
GBR,2020,42985.0392148248,69.4076614379883,24.9557225704193,4.844,HIC,High Income
GEO,1990,3534.03227732782,,,2.725,UMC,Low and Middle Income
GEO,1991,2768.81016089293,37.0881996154785,,2.714,UMC,Low and Middle Income
GEO,1992,1513.85017404463,,,2.668,UMC,Low and Middle Income
GEO,1993,1062.09528080207,,,1.909,UMC,Low and Middle Income
GEO,1994,966.419596225484,,,1.169,UMC,Low and Middle Income
GEO,1995,1029.48054628347,46.4012413024902,,0.46,UMC,Low and Middle Income
GEO,1996,1187.123206219,43.8229789733887,-21.3575413227081,0.841,UMC,Low and Middle Income
GEO,1997,1354.78352202066,47.1814498901367,,0.94,UMC,Low and Middle Income
GEO,1998,1431.79336069224,,-20.7085280418397,1.063,UMC,Low and Middle Income
GEO,1999,1503.46298776734,38.4826202392578,,0.953,UMC,Low and Middle Income
GEO,2000,1561.19867638847,40.6597099304199,-15.9544582366943,1.039,UMC,Low and Middle Income
GEO,2001,1661.83019106421,41.7714691162109,,0.884,UMC,Low and Middle Income
GEO,2002,1768.5970116888,44.0944595336914,-18.4289563894272,0.811,UMC,Low and Middle Income
GEO,2003,1977.46143338741,45.2726097106934,-15.5083196163178,0.913,UMC,Low and Middle Income
GEO,2004,2105.00472843799,44.4988403320312,-12.7460897564888,1.055,UMC,Low and Middle Income
GEO,2005,2321.60084285163,49.7896995544434,-11.8313643336296,1.253,UMC,Low and Middle Income
GEO,2006,2554.81253503914,42.33203125,-7.84834459424019,1.57,UMC,Low and Middle Income
GEO,2007,2891.13702331846,41.5539588928223,-5.85580548644066,1.666,UMC,Low and Middle Income
GEO,2008,2970.15858282428,38.640739440918,-4.47005581855774,1.458,UMC,Low and Middle Income
GEO,2009,2887.25607935922,28.6668605804443,-3.38836051523685,1.575,UMC,Low and Middle Income
GEO,2010,3090.06513662318,32.7360912804725,-3.5017446577549,1.614,UMC,Low and Middle Income
GEO,2011,3362.1030031968,35.9205541584628,-2.03348963707685,2.02,UMC,Low and Middle Income
GEO,2012,3609.780798626,33.6164699594408,-0.105694922618568,2.16,UMC,Low and Middle Income
GEO,2013,3806.50600649051,40.5870663959566,0.0838933964259923,2.108,UMC,Low and Middle Income
GEO,2014,3960.35080091901,46.3290537874173,3.81976300477982,2.388,UMC,Low and Middle Income
GEO,2015,4086.6223465965,51.9050659422441,3.84107710421085,2.582,UMC,Low and Middle Income
GEO,2016,4225.09154904806,58.1988080034057,5.77562847733497,2.648,UMC,Low and Middle Income
GEO,2017,4442.50744127374,63.535040959252,4.52809733152389,2.652,UMC,Low and Middle Income
GEO,2018,4713.65354845303,66.747813990461,4.66634833812714,2.606,UMC,Low and Middle Income
GEO,2019,4975.81148194814,69.6463934713126,4.29906488955021,2.77,UMC,Low and Middle Income
GEO,2020,4659.60925318234,71.8064531290391,3.84716916084289,2.734,UMC,Low and Middle Income
GHA,1990,855.85250708181,,,0.228,LMC,Low and Middle Income
GHA,1991,878.63570406594,0.910929977893829,,0.247,LMC,Low and Middle Income
GHA,1992,890.313174799419,1.05234003067017,,0.2,LMC,Low and Middle Income
GHA,1993,910.722897752222,1.25375998020172,,0.23,LMC,Low and Middle Income
GHA,1994,918.428722656692,1.28396999835968,,0.267,LMC,Low and Middle Income
GHA,1995,933.895311664356,,,0.266,LMC,Low and Middle Income
GHA,1996,954.325387944775,,-3.97083024680614,0.273,LMC,Low and Middle Income
GHA,1997,970.995739362631,,,0.302,LMC,Low and Middle Income
GHA,1998,992.20631798932,,-7.47669464349747,0.299,LMC,Low and Middle Income
GHA,1999,1010.88194916348,,,0.293,LMC,Low and Middle Income
GHA,2000,1022.27520714566,,1.3384560123086,0.271,LMC,Low and Middle Income
GHA,2001,1035.22666053257,,,0.296,LMC,Low and Middle Income
GHA,2002,1052.46591644399,,0.394634854048491,0.313,LMC,Low and Middle Income
GHA,2003,1077.69990866645,,0.133631656877697,0.314,LMC,Low and Middle Income
GHA,2004,1108.30475353633,,-2.14688606560231,0.295,LMC,Low and Middle Income
GHA,2005,1143.31178934301,5.35099983215332,-2.28693287074566,0.272,LMC,Low and Middle Income
GHA,2006,1185.26570738595,4.7728099822998,0.960442796349526,0.37,LMC,Low and Middle Income
GHA,2007,1205.31705804209,5.92381000518799,0.666968330740928,0.38,LMC,Low and Middle Income
GHA,2008,1282.63416886747,7.91365003585815,-1.06049421429634,0.343,LMC,Low and Middle Income
GHA,2009,1311.63053760125,8.29780006408691,-0.720067631453276,0.276,LMC,Low and Middle Income
GHA,2010,1381.2279503506,,-0.565986976027488,0.351,LMC,Low and Middle Income
GHA,2011,1537.81834019283,11.2824466895305,-0.0534492975566536,0.396,LMC,Low and Middle Income
GHA,2012,1640.54072088003,11.4938894891938,0.283380877226592,0.473,LMC,Low and Middle Income
GHA,2013,1718.59704769958,13.4205396326832,2.62162064015865,0.46,LMC,Low and Middle Income
GHA,2014,1726.36930134647,15.0809451652103,1.08053939044476,0.473,LMC,Low and Middle Income
GHA,2015,1722.77282833606,15.5618871637579,2.14342804998159,0.508,LMC,Low and Middle Income
GHA,2016,1740.81101902928,15.606270735823,0.626717425882816,0.474,LMC,Low and Middle Income
GHA,2017,1841.44636153249,16.2065694246062,1.88090293109417,0.414,LMC,Low and Middle Income
GHA,2018,1915.4532323781,15.9045597520982,0.928642898797989,0.496,LMC,Low and Middle Income
GHA,2019,1999.55372220211,17.3607250095097,0.311013021506369,0.525,LMC,Low and Middle Income
GHA,2020,1970.19411460398,18.6139938594155,-1.28841415420175,0.601,LMC,Low and Middle Income
GRC,1990,15438.7937023583,,,8.133,HIC,High Income
GRC,1991,15727.4735434744,,,8.092,HIC,High Income
GRC,1992,15717.04638162,,,8.202,HIC,High Income
GRC,1993,15374.8626265369,,,8.094,HIC,High Income
GRC,1994,15604.0339944242,,,8.258,HIC,High Income
GRC,1995,15857.4161930856,,,8.267,HIC,High Income
GRC,1996,16005.9511569711,,17.909902215004,8.431,HIC,High Income
GRC,1997,16501.0316491318,,,8.831,HIC,High Income
GRC,1998,16973.8293714071,,13.1863959431648,9.238,HIC,High Income
GRC,1999,17358.4346978294,,,9.129,HIC,High Income
GRC,2000,18002.9064613985,52.6726303100586,14.6377569437027,9.55,HIC,High Income
GRC,2001,18742.4235780691,59.9249114990234,,9.717,HIC,High Income
GRC,2002,19548.3677447396,66.8908386230469,12.3053691387176,9.642,HIC,High Income
GRC,2003,20632.2557041942,72.9116668701172,13.4250697493553,9.989,HIC,High Income
GRC,2004,21688.1050959558,80.4148406982422,15.2852817177773,10.001,HIC,High Income
GRC,2005,21880.5265835801,90.3474731445312,13.3442141413689,10.371,HIC,High Income
GRC,2006,23220.5324419197,95.0775375366211,14.6778250336647,10.205,HIC,High Income
GRC,2007,23973.6936091313,90.5404281616211,14.6078915596008,10.37,HIC,High Income
GRC,2008,23923.8800731311,,14.5112510919571,10.028,HIC,High Income
GRC,2009,22878.1346644397,,10.9963535666466,9.391,HIC,High Income
GRC,2010,21547.724178239,101.694053649902,9.92622661590576,8.751,HIC,High Income
GRC,2011,19448.255802525,105.812690734863,9.06656175851822,8.507,HIC,High Income
GRC,2012,17924.6620496886,110.122978210449,6.59993678331375,8.272,HIC,High Income
GRC,2013,17644.8766635021,112.705833435059,7.94269552826881,7.45,HIC,High Income
GRC,2014,17903.5252440012,119.104209899902,6.35638290643692,7.219,HIC,High Income
GRC,2015,17980.7298238137,,4.35387179255486,6.924,HIC,High Income
GRC,2016,18049.928997892,131.403213500977,1.96587804704904,6.622,HIC,High Income
GRC,2017,18352.0884461258,135.333923339844,0.903995733708143,6.96,HIC,High Income
GRC,2018,18769.0389621976,140.950317382812,1.98341443389654,6.689,HIC,High Income
GRC,2019,19216.6759579785,143.96272277832,2.74952083826065,6.133,HIC,High Income
GRC,2020,17486.951333323,143.693344116211,4.99438953399658,5.194,HIC,High Income
HKG,1990,21357.2396746971,,,4.882,HIC,High Income
HKG,1991,22388.5913459199,,,5.057,HIC,High Income
HKG,1992,23585.6546636119,,,5.716,HIC,High Income
HKG,1993,24621.6478184223,,,5.892,HIC,High Income
HKG,1994,25526.4330083318,,,5.144,HIC,High Income
HKG,1995,25620.0203685972,,,5.062,HIC,High Income
HKG,1996,25551.3713114257,,12.7596180438995,4.587,HIC,High Income
HKG,1997,26631.7761597523,,,4.753,HIC,High Income
HKG,1998,24856.7504063002,,16.7303918004036,5.969,HIC,High Income
HKG,1999,25237.6325695984,,,6.431,HIC,High Income
HKG,2000,26933.2130754703,,13.5405865907669,5.931,HIC,High Income
HKG,2001,26885.4053275596,,,5.504,HIC,High Income
HKG,2002,27210.0502364654,,21.5142226219177,5.718,HIC,High Income
HKG,2003,28097.0971397308,32.2168502807617,26.1268873214722,6.23,HIC,High Income
HKG,2004,30304.2901619598,32.296459197998,26.6531661748886,5.975,HIC,High Income
HKG,2005,32401.3558626573,32.9854888916016,27.2273305654526,6.273,HIC,High Income
HKG,2006,34458.0032348089,33.7220993041992,26.1736704111099,6.047,HIC,High Income
HKG,2007,36371.6434233987,42.6142997741699,25.6700849533081,6.25,HIC,High Income
HKG,2008,36924.0529643897,55.8018608093262,25.1296870708466,6.095,HIC,High Income
HKG,2009,35938.578391742,56.5805511474609,25.310778260231,5.886,HIC,High Income
HKG,2010,38090.0154420129,59.0325529542921,26.1125210523605,5.641,HIC,High Income
HKG,2011,39656.3184510131,60.2208370436331,26.2769052982331,6.041,HIC,High Income
HKG,2012,39887.8192650568,60.9527896995708,26.7506395578385,5.935,HIC,High Income
HKG,2013,40959.9776349249,68.0858986854034,26.6172769069672,6.1,HIC,High Income
HKG,2014,41796.8593150091,69.6881506285714,31.5592912435532,6.215,HIC,High Income
HKG,2015,42432.1619740441,68.7008718656545,30.5244843959808,5.756,HIC,High Income
HKG,2016,43087.5537128127,70.3316379391101,28.7180479764939,5.854,HIC,High Income
HKG,2017,44380.8176753147,72.9228515909643,28.6623344421387,5.699,HIC,High Income
HKG,2018,45280.4971892076,78.2463196011546,29.5009421110153,5.702,HIC,High Income
HKG,2019,44195.2741142906,83.8542119335773,26.7075117826461,5.597,HIC,High Income
HKG,2020,41451.2989586282,89.9479038224414,26.4491661787033,4.474,HIC,High Income
HND,1990,457.981040092588,9.24248027801514,,0.503,LMC,Low and Middle Income
HND,1991,561.125592319344,9.16545009613037,,0.493,LMC,Low and Middle Income
HND,1992,594.68900114157,9.41639041900635,,0.532,LMC,Low and Middle Income
HND,1993,656.869827849093,9.12376022338867,,0.542,LMC,Low and Middle Income
HND,1994,823.791675562094,9.96479988098145,,0.579,LMC,Low and Middle Income
HND,1995,998.356564183177,9.81441974639893,,0.668,LMC,Low and Middle Income
HND,1996,1193.38830906175,10.3873300552368,-15.7989371418953,0.656,LMC,Low and Middle Income
HND,1997,1420.73109700244,11.0547504425049,,0.661,LMC,Low and Middle Income
HND,1998,1543.75794800689,12.7151498794556,-15.0548326969147,0.772,LMC,Low and Middle Income
HND,1999,1677.77949157084,12.4082698822022,,0.735,LMC,Low and Middle Income
HND,2000,1789.47798512637,12.8694696426392,-16.9667006134987,0.765,LMC,Low and Middle Income
HND,2001,1789.18816032117,,,0.838,LMC,Low and Middle Income
HND,2002,1807.97305547292,,-14.9530630111694,0.857,LMC,Low and Middle Income
HND,2003,1842.29750018813,15.888970375061,-15.9196794629097,0.939,LMC,Low and Middle Income
HND,2004,1908.90950050464,15.9416399002075,-14.4549421668053,0.986,LMC,Low and Middle Income
HND,2005,1975.85647913236,,-13.1087129116058,0.914,LMC,Low and Middle Income
HND,2006,2056.53491469231,,-16.8076137900352,1.005,LMC,Low and Middle Income
HND,2007,2134.19540639485,,-15.7920296192169,1.049,LMC,Low and Middle Income
HND,2008,2175.14709403064,17.5304298400879,-16.5131721496582,1.065,LMC,Low and Middle Income
HND,2009,2076.30859895638,,-15.2235335111618,0.981,LMC,Low and Middle Income
HND,2010,2108.47314459603,19.2757550175649,-14.8803389668465,0.969,LMC,Low and Middle Income
HND,2011,2144.56265540491,,-15.3911349177361,1.037,LMC,Low and Middle Income
HND,2012,2188.39378817891,18.9442917508647,-19.4892251491546,1.045,LMC,Low and Middle Income
HND,2013,2205.40126728067,19.4476759264062,-19.9394590854645,1.049,LMC,Low and Middle Income
HND,2014,2229.24772232218,19.7241865242748,-16.0325328707695,1.049,LMC,Low and Middle Income
HND,2015,2271.20265980349,20.3152639116671,-15.971284866333,1.18,LMC,Low and Middle Income
HND,2016,2315.72983058198,21.0025442228384,-19.2930322885514,1.056,LMC,Low and Middle Income
HND,2017,2383.37398439714,24.5585599156436,-18.0096606016159,1.064,LMC,Low and Middle Income
HND,2018,2430.13503657762,26.3838242053705,-17.9323521852493,1.011,LMC,Low and Middle Income
HND,2019,2447.61649282181,25.3231382609304,-17.6584409475326,1.102,LMC,Low and Middle Income
HND,2020,2189.43168668222,,-17.1210347414017,0.986,LMC,Low and Middle Income
HRV,1990,9754.76325850554,,,4.733,HIC,High Income
HRV,1991,7842.64431877356,,,3.523,HIC,High Income
HRV,1992,7095.31004903355,,,3.425,HIC,High Income
HRV,1993,6490.91059131693,,,3.554,HIC,High Income
HRV,1994,6795.79207585721,,,3.434,HIC,High Income
HRV,1995,7304.72692228877,,,3.64,HIC,High Income
HRV,1996,7858.19280544609,,-10.7819467782974,3.8,HIC,High Income
HRV,1997,8383.47376326709,,,4.122,HIC,High Income
HRV,1998,8577.65913376916,,-6.90834698081017,4.283,HIC,High Income
HRV,1999,8541.53312242717,,,4.579,HIC,High Income
HRV,2000,8880.47789126428,,-0.507765106856823,4.543,HIC,High Income
HRV,2001,9515.92714476421,36.3740501403809,,4.83,HIC,High Income
HRV,2002,10062.0602516769,39.1618309020996,-2.46147979795933,5.09,HIC,High Income
HRV,2003,10619.3351874985,42.3809814453125,-0.781897090375424,5.393,HIC,High Income
HRV,2004,11059.1274155158,44.0762214660645,0.700680311769248,5.302,HIC,High Income
HRV,2005,11522.944604729,47.2947196960449,1.41690862923861,5.4,HIC,High Income
HRV,2006,12104.2947219361,48.5975112915039,-0.82018269598484,5.444,HIC,High Income
HRV,2007,12718.2002498979,50.530590057373,0.654121853411197,5.747,HIC,High Income
HRV,2008,12970.5143712302,52.3514518737793,0.425114380195738,5.45,HIC,High Income
HRV,2009,12099.7045228367,51.9583015441895,0.745891109108924,5.046,HIC,High Income
HRV,2010,11965.1414956676,57.0685997009277,1.36797358840704,4.877,HIC,High Income
HRV,2011,11993.1337166457,59.3388595581055,1.85973167419434,4.816,HIC,High Income
HRV,2012,11780.5853491253,62.0256614685059,2.46634303033353,4.473,HIC,High Income
HRV,2013,11838.4554388595,66.7111129760742,3.02593763172627,4.337,HIC,High Income
HRV,2014,11862.7815706266,68.6392517089844,3.71003958582878,4.183,HIC,High Income
HRV,2015,12283.8750299177,68.4413986206055,2.22946317493916,4.253,HIC,High Income
HRV,2016,12848.473748279,69.5889511108398,5.84656116366386,4.371,HIC,High Income
HRV,2017,13485.3711360576,71.3775863647461,5.31112006306649,4.587,HIC,High Income
HRV,2018,14061.0597402919,72.8625411987305,5.19347018003464,4.396,HIC,High Income
HRV,2019,14641.8735578488,74.0501174926758,5.9931488931179,4.47,HIC,High Income
HRV,2020,13545.7402289427,74.738037109375,4.08188173174858,4.267,HIC,High Income
HUN,1990,8646.44754423109,,,7.073,HIC,High Income
HUN,1991,7618.64029551674,,,6.728,HIC,High Income
HUN,1992,7388.08229422743,,,6.005,HIC,High Income
HUN,1993,7353.90020686221,,,6.082,HIC,High Income
HUN,1994,7581.00102233039,,,5.985,HIC,High Income
HUN,1995,7704.6409020455,,,5.954,HIC,High Income
HUN,1996,7725.69980358198,,15.4785109758377,6.123,HIC,High Income
HUN,1997,7971.80554914825,,,6.0,HIC,High Income
HUN,1998,8297.85419511945,,13.831659078598,5.975,HIC,High Income
HUN,1999,8578.19506388065,,,6.025,HIC,High Income
HUN,2000,8979.73578602949,,14.1526010036468,5.716,HIC,High Income
HUN,2001,9365.95393193015,42.3478889465332,,5.885,HIC,High Income
HUN,2002,9836.94065083321,47.357421875,14.7665710449219,5.804,HIC,High Income
HUN,2003,10253.723920764,54.6346397399902,13.6909531354904,6.095,HIC,High Income
HUN,2004,10786.4881991495,61.5071411132812,14.3842923045158,5.947,HIC,High Income
HUN,2005,11272.7345428122,64.9774017333984,14.2597562670708,5.975,HIC,High Income
HUN,2006,11734.4544729813,66.3986663818359,16.6024906635284,5.923,HIC,High Income
HUN,2007,11791.7074416876,66.2652969360352,16.00463783741,5.825,HIC,High Income
HUN,2008,11929.7209867703,63.9738388061523,15.5275709033012,5.709,HIC,High Income
HUN,2009,11142.885928524,61.9771690368652,13.1096512079239,5.145,HIC,High Income
HUN,2010,11287.3686666108,60.7487602233887,13.1353793740273,5.21,HIC,High Income
HUN,2011,11536.3578996772,59.9984893798828,12.862243950367,5.042,HIC,High Income
HUN,2012,11440.7622718825,60.6758003234863,10.3887489438057,4.711,HIC,High Income
HUN,2013,11729.5720798501,57.5212211608887,9.91101390123367,4.397,HIC,High Income
HUN,2014,12287.3779441033,53.4245910644531,8.65729063749313,4.425,HIC,High Income
HUN,2015,12782.9412577973,50.9797401428223,6.55752494931221,4.733,HIC,High Income
HUN,2016,13145.6559885563,50.7361488342285,7.08614644408226,4.795,HIC,High Income
HUN,2017,13734.2442804335,51.3840599060059,9.1872329711914,5.051,HIC,High Income
HUN,2018,14533.7783144312,52.5629386901855,9.50209403038025,5.051,HIC,High Income
HUN,2019,15290.8085466331,54.2122917175293,8.54336780309677,5.031,HIC,High Income
HUN,2020,14664.2971195385,56.6071815490723,8.40874680876732,4.832,HIC,High Income
IDN,1990,1470.91822258528,8.29506015777588,,0.845,UMC,Low and Middle Income
IDN,1991,1544.99580894527,8.55126953125,,0.936,UMC,Low and Middle Income
IDN,1992,1617.10954872218,9.37843990325928,,1.049,UMC,Low and Middle Income
IDN,1993,1693.1074260189,9.33967018127441,,1.112,UMC,Low and Middle Income
IDN,1994,1790.32729962455,10.4964103698731,,1.115,UMC,Low and Middle Income
IDN,1995,1905.54236111238,11.301739692688,,1.112,UMC,Low and Middle Income
IDN,1996,2020.99148132509,11.5222902297974,-8.3277952671051,1.244,UMC,Low and Middle Income
IDN,1997,2081.8416693962,13.3638401031494,,1.354,UMC,Low and Middle Income
IDN,1998,1780.20049544892,13.3347997665405,-12.7591032981873,1.164,UMC,Low and Middle Income
IDN,1999,1767.51466729756,14.6863803863525,,1.37,UMC,Low and Middle Income
IDN,2000,1828.10265968361,14.810640335083,-11.8423847556114,1.301,UMC,Low and Middle Income
IDN,2001,1868.59172307292,14.1229801177978,,1.446,UMC,Low and Middle Income
IDN,2002,1926.37435868149,14.6824598312378,-15.4745004177093,1.388,UMC,Low and Middle Income
IDN,2003,1991.91820506473,15.7722797393799,-14.6047118902206,1.506,UMC,Low and Middle Income
IDN,2004,2065.70617470842,16.1766300201416,-12.4589629769325,1.504,UMC,Low and Middle Income
IDN,2005,2155.4478015921,16.6967105865479,-13.5638271570206,1.505,UMC,Low and Middle Income
IDN,2006,2244.0802226202,16.767240524292,-11.8056645393372,1.481,UMC,Low and Middle Income
IDN,2007,2355.1528565328,17.5765991210938,-11.882828772068,1.635,UMC,Low and Middle Income
IDN,2008,2464.60193418272,20.5209503173828,-11.4543039798737,1.521,UMC,Low and Middle Income
IDN,2009,2546.21969707767,22.6933307647705,-10.4029003977776,1.639,UMC,Low and Middle Income
IDN,2010,2670.8129098953,23.4159086398462,-11.1527633070946,1.808,UMC,Low and Middle Income
IDN,2011,2799.62468790318,25.027444191823,-10.1939470767975,2.006,UMC,Low and Middle Income
IDN,2012,2930.518445323,29.0425391195214,-9.92067384719848,2.041,UMC,Low and Middle Income
IDN,2013,3055.24246006469,29.894529174265,-9.06653112173081,1.929,UMC,Low and Middle Income
IDN,2014,3170.72103011429,29.9904910473273,-5.28260749578476,1.924,UMC,Low and Middle Income
IDN,2015,3288.22269725538,32.4590200433758,-7.1572807431221,2.105,UMC,Low and Middle Income
IDN,2016,3416.81005170972,34.8307173410877,-5.70351603627205,2.071,UMC,Low and Middle Income
IDN,2017,3553.51999262321,35.967012362631,-5.90608510375023,2.136,UMC,Low and Middle Income
IDN,2018,3701.32155461912,36.1494878042588,-5.28138646483421,2.25,UMC,Low and Middle Income
IDN,2019,3850.90321738979,37.3230862728703,-5.8294934630394,2.441,UMC,Low and Middle Income
IDN,2020,3739.44906563161,38.1650601406923,-6.07850927114487,2.268,UMC,Low and Middle Income
IND,1990,537.870269536103,5.93025016784668,,0.668,LMC,Low and Middle Income
IND,1991,531.898397833351,6.00928020477295,,0.696,LMC,Low and Middle Income
IND,1992,549.235069964895,,,0.726,LMC,Low and Middle Income
IND,1993,563.372872336747,,,0.734,LMC,Low and Middle Income
IND,1994,588.727892180632,,,0.759,LMC,Low and Middle Income
IND,1995,620.699954336366,5.47798013687134,,0.792,LMC,Low and Middle Income
IND,1996,654.355928434052,6.19850015640259,5.32875552773475,0.841,LMC,Low and Middle Income
IND,1997,667.598423093399,6.47068023681641,,0.859,LMC,Low and Middle Income
IND,1998,695.293709337082,,5.69524332880973,0.86,LMC,Low and Middle Income
IND,1999,742.53920839812,,,0.926,LMC,Low and Middle Income
IND,2000,756.704109533187,9.93826007843018,5.91735306382179,0.933,LMC,Low and Middle Income
IND,2001,778.507377522499,10.0273504257202,,0.929,LMC,Low and Middle Income
IND,2002,793.615912901002,10.5586500167847,-0.295729802921414,0.941,LMC,Low and Middle Income
IND,2003,841.278894562408,11.0576400756836,2.04274796694517,0.957,LMC,Low and Middle Income
IND,2004,892.596614580718,11.3926801681519,0.907053001224995,0.999,LMC,Low and Middle Income
IND,2005,947.732565644272,11.1277303695679,2.26321277022361,1.035,LMC,Low and Middle Income
IND,2006,1008.23275344818,11.9628095626831,3.042823523283,1.103,LMC,Low and Middle Income
IND,2007,1069.24696812234,13.6564798355103,1.64726873487234,1.17,LMC,Low and Middle Income
IND,2008,1086.50605251005,15.6485204696655,1.62945782393217,1.234,LMC,Low and Middle Income
IND,2009,1155.10163273817,16.6775093078613,0.305674027651548,1.316,LMC,Low and Middle Income
IND,2010,1235.15939132939,18.6971831309683,-0.608783952891826,1.35,LMC,Low and Middle Income
IND,2011,1281.61054354937,23.8253684220097,-1.46705137193203,1.4,LMC,Low and Middle Income
IND,2012,1333.09626557649,24.9402082606779,-1.06897269934416,1.507,LMC,Low and Middle Income
IND,2013,1399.4537980281,24.390638443123,-0.778161313384771,1.54,LMC,Low and Middle Income
IND,2014,1484.31640682961,25.991324706788,-1.17077405750751,1.637,LMC,Low and Middle Income
IND,2015,1583.99815907985,27.2845677075978,-1.13464528694749,1.681,LMC,Low and Middle Income
IND,2016,1694.46534973787,27.3043573857643,-0.895181592553854,1.75,LMC,Low and Middle Income
IND,2017,1788.69770318481,27.9090519049334,-0.443271822296083,1.784,LMC,Low and Middle Income
IND,2018,1883.35772705055,28.5316865291946,0.0438409870257601,1.888,LMC,Low and Middle Income
IND,2019,1936.03067741063,29.0233593907143,-1.06466573104262,1.88,LMC,Low and Middle Income
IND,2020,1806.50110583865,29.8196397708424,-0.90892045199871,1.727,LMC,Low and Middle Income
IRL,1990,23456.999356198,,,9.375,HIC,High Income
IRL,1991,23772.5663058612,,,9.528,HIC,High Income
IRL,1992,24400.3064402451,,,9.413,HIC,High Income
IRL,1993,24932.3770542724,,,9.428,HIC,High Income
IRL,1994,26263.7091752353,,,9.704,HIC,High Income
IRL,1995,28646.8176219898,,,9.93,HIC,High Income
IRL,1996,30518.4039336362,,25.5176817178726,10.298,HIC,High Income
IRL,1997,33543.9942975657,,,10.567,HIC,High Income
IRL,1998,36105.9184837456,,27.055326461792,10.969,HIC,High Income
IRL,1999,39460.4758655009,,,11.309,HIC,High Income
IRL,2000,42599.4803921319,,26.1746046543121,11.9,HIC,High Income
IRL,2001,44151.1536032557,50.6748008728027,,12.324,HIC,High Income
IRL,2002,45974.4881988842,53.5348014831543,27.1205329895019,11.73,HIC,High Income
IRL,2003,46594.8620267616,55.8461685180664,25.2019358873367,11.441,HIC,High Income
IRL,2004,48856.3238587396,58.9219093322754,25.6815572977065,11.354,HIC,High Income
IRL,2005,50547.2123729763,58.8693199157715,26.9328311681747,11.588,HIC,High Income
IRL,2006,51656.8194855887,58.4411811828613,29.05127120018,11.15,HIC,High Income
IRL,2007,52849.6948429458,58.3019905090332,29.3797640800476,10.847,HIC,High Income
IRL,2008,49461.1594281353,54.0174713134766,28.9701825380325,10.558,HIC,High Income
IRL,2009,46466.3794269222,56.503978729248,29.6326886415481,9.303,HIC,High Income
IRL,2010,46991.6464673949,63.1264381408691,29.9338250160217,9.167,HIC,High Income
IRL,2011,47539.9181739968,67.7985916137695,29.689965248108,8.31,HIC,High Income
IRL,2012,47147.1604669421,68.1972503662109,29.3624613285064,8.309,HIC,High Income
IRL,2013,47928.0346487005,71.6995468139648,29.0556358098984,8.061,HIC,High Income
IRL,2014,52044.6201181887,73.813232421875,29.9310520887375,7.911,HIC,High Income
IRL,2015,64250.1385181257,77.2321472167969,29.4677343368531,8.233,HIC,High Income
IRL,2016,64205.979777351,77.5571365356445,25.0075154304504,8.492,HIC,High Income
IRL,2017,69748.6221034014,77.5191116333008,23.5538763999939,8.116,HIC,High Income
IRL,2018,74029.0550611436,76.7604675292969,24.0998257398605,7.988,HIC,High Income
IRL,2019,76485.635854651,74.444580078125,23.0007907152176,7.54,HIC,High Income
IRL,2020,80927.936475395,74.1961975097656,24.8628966808319,7.035,HIC,High Income
IRN,1990,3222.20102704479,,,3.616,UMC,Low and Middle Income
IRN,1991,3534.65396417255,,,3.718,UMC,Low and Middle Income
IRN,1992,3579.73221786246,,,3.73,UMC,Low and Middle Income
IRN,1993,3514.51966574661,,,3.86,UMC,Low and Middle Income
IRN,1994,3448.25956881527,,,4.305,UMC,Low and Middle Income
IRN,1995,3492.17204969482,17.3369598388672,,4.355,UMC,Low and Middle Income
IRN,1996,3674.0326860276,18.9632396697998,-15.9857614636421,4.399,UMC,Low and Middle Income
IRN,1997,3679.27534912962,,,4.231,UMC,Low and Middle Income
IRN,1998,3704.56563043092,,-11.6209762096405,4.737,UMC,Low and Middle Income
IRN,1999,3725.31745828772,18.7925605773926,,5.722,UMC,Low and Middle Income
IRN,2000,3885.30183360649,18.780179977417,-8.83137261867523,5.529,UMC,Low and Middle Income
IRN,2001,3917.29935489016,19.4918804168701,,5.781,UMC,Low and Middle Income
IRN,2002,4198.95356080727,18.2758693695068,-13.9702209234238,5.838,UMC,Low and Middle Income
IRN,2003,4511.43134034458,19.4057903289795,-11.5687680244446,5.976,UMC,Low and Middle Income
IRN,2004,4607.45169088209,21.3706798553467,-11.4508851766586,6.293,UMC,Low and Middle Income
IRN,2005,4650.35841490708,22.6841907501221,-14.7186733484268,6.499,UMC,Low and Middle Income
IRN,2006,4778.7934584732,25.3070392608643,-16.9040546417236,6.826,UMC,Low and Middle Income
IRN,2007,5084.71796043623,29.8213806152344,-17.4666818380355,6.806,UMC,Low and Middle Income
IRN,2008,5035.94008533618,36.1939392089844,-16.6338871121407,6.999,UMC,Low and Middle Income
IRN,2009,5023.89314362941,36.4833183288574,-17.9125326871871,7.107,UMC,Low and Middle Income
IRN,2010,5249.06133369759,42.5482215881348,-17.4532923698425,7.253,UMC,Low and Middle Income
IRN,2011,5321.75870744453,48.0596084594727,-16.4523804783821,7.353,UMC,Low and Middle Income
IRN,2012,5058.64637811835,53.9002494812012,-15.6171143651009,7.55,UMC,Low and Middle Income
IRN,2013,4916.97291948475,56.4632682800293,-16.949092566967,7.586,UMC,Low and Middle Income
IRN,2014,5093.20319702187,64.4999084472656,-17.897087931633,7.904,UMC,Low and Middle Income
IRN,2015,4952.73355532178,70.6858520507812,-15.9393721222878,7.77,UMC,Low and Middle Income
IRN,2016,5312.61724954192,67.9112319946289,-11.7789286971092,7.692,UMC,Low and Middle Income
IRN,2017,5395.2398398598,66.351448059082,-11.8813804388046,8.19,UMC,Low and Middle Income
IRN,2018,5127.22495367018,60.8611488342285,-12.0649820566177,7.716,UMC,Low and Middle Income
IRN,2019,4952.45669081078,58.1169509887695,-13.0497289299965,8.354,UMC,Low and Middle Income
IRN,2020,5132.82430762118,55.6366691589355,-15.017024576664,8.499,UMC,Low and Middle Income
ISL,1990,37302.8060599712,25.3219699859619,,8.719,HIC,High Income
ISL,1991,36790.4868486955,25.3714694976807,,8.157,HIC,High Income
ISL,1992,35105.2870333046,30.0962295532227,,8.615,HIC,High Income
ISL,1993,35206.5664833565,27.5019397735596,,9.1,HIC,High Income
ISL,1994,36162.2911509183,33.6896896362305,,8.83,HIC,High Income
ISL,1995,36008.5846495164,35.5167617797852,,9.229,HIC,High Income
ISL,1996,37425.5142753793,35.7354316711426,27.2255370616913,9.38,HIC,High Income
ISL,1997,38657.2763911898,37.4768981933594,,9.655,HIC,High Income
ISL,1998,40926.715820447,39.2137908935547,28.2142298221589,9.625,HIC,High Income
ISL,1999,42010.9376256893,41.3102912902832,,10.239,HIC,High Income
ISL,2000,43472.3369951306,45.9174499511719,30.5455070734023,10.426,HIC,High Income
ISL,2001,44545.9822738464,46.9373588562012,,10.051,HIC,High Income
ISL,2002,44389.5560604909,52.6091117858887,31.6057150363922,10.403,HIC,High Income
ISL,2003,45088.9226082383,60.0269813537598,32.6188278198242,10.308,HIC,High Income
ISL,2004,48101.7116415743,66.5821762084961,32.4041119813918,10.635,HIC,High Income
ISL,2005,50674.4411406649,69.8324279785156,32.9685083627701,10.026,HIC,High Income
ISL,2006,52306.128485789,72.9682083129883,31.9955862760544,10.38,HIC,High Income
ISL,2007,55457.3601614503,73.1370162963867,31.0725337266922,11.212,HIC,High Income
ISL,2008,55360.8136012406,73.5754699707031,31.5042392015458,12.004,HIC,High Income
ISL,2009,50581.0846167336,72.4675521850586,29.0175614356995,11.708,HIC,High Income
ISL,2010,49528.4864733411,78.5030899047852,29.0124686956406,11.399,HIC,High Income
ISL,2011,50058.8302665144,79.9194183349609,28.7056376934052,10.978,HIC,High Income
ISL,2012,50375.4117054195,79.5824813842773,28.5255476236343,10.906,HIC,High Income
ISL,2013,51696.0876507326,78.3723907470703,28.1162465810776,10.772,HIC,High Income
ISL,2014,52102.575810195,80.3950881958008,28.9786225557327,10.519,HIC,High Income
ISL,2015,53505.6964079339,75.6419982910156,27.8564721345901,10.699,HIC,High Income
ISL,2016,56049.2928672039,74.7006301879883,25.2997405529023,10.411,HIC,High Income
ISL,2017,56657.9800322797,71.3372497558594,26.7884426116943,10.511,HIC,High Income
ISL,2018,57731.6523639512,69.3402328491211,28.6403974294662,10.388,HIC,High Income
ISL,2019,57118.8452777198,70.6093521118164,29.4450966119766,9.849,HIC,High Income
ISL,2020,52464.3073240589,74.5906066894531,29.8768411874771,9.107,HIC,High Income
ISR,1990,22396.3023419926,,,7.882,HIC,High Income
ISR,1991,22717.7744150266,,,7.563,HIC,High Income
ISR,1992,23649.0394737135,,,8.489,HIC,High Income
ISR,1993,23976.7431106567,,,8.697,HIC,High Income
ISR,1994,25099.3242920961,,,9.101,HIC,High Income
ISR,1995,26052.1113890118,,,9.312,HIC,High Income
ISR,1996,26861.1743305822,,21.7417422533036,9.444,HIC,High Income
ISR,1997,27144.221603813,,,9.717,HIC,High Income
ISR,1998,27618.7744807547,,16.8954458236694,9.673,HIC,High Income
ISR,1999,27809.7288829095,,,9.209,HIC,High Income
ISR,2000,29411.4999428787,,17.0170311927795,9.739,HIC,High Income
ISR,2001,28804.0396341969,51.1147117614746,,10.068,HIC,High Income
ISR,2002,28186.5548167752,55.8358116149902,18.1869934797286,9.284,HIC,High Income
ISR,2003,28079.3253966943,55.2073287963867,15.4867367744446,9.598,HIC,High Income
ISR,2004,28870.0080868057,54.5026702880859,14.4205991029739,8.871,HIC,High Income
ISR,2005,29600.1467243332,55.645191192627,13.7311711907387,8.402,HIC,High Income
ISR,2006,30707.435814097,54.7331390380859,15.1498620510101,9.081,HIC,High Income
ISR,2007,32071.3107404162,57.3098487854004,13.8788464665413,9.02,HIC,High Income
ISR,2008,32519.7624461575,56.7789001464844,14.2385777235031,9.598,HIC,High Income
ISR,2009,32139.1146490917,59.5300903320312,14.1972774863243,8.862,HIC,High Income
ISR,2010,33307.1044316197,62.1285705566406,15.4651042819023,9.308,HIC,High Income
ISR,2011,34499.9509262825,62.7604484558105,17.0904858112335,9.181,HIC,High Income
ISR,2012,34685.0915981013,64.2354736328125,15.7888469099998,9.83,HIC,High Income
ISR,2013,35436.2912873273,62.6519393920898,16.5161025524139,8.142,HIC,High Income
ISR,2014,36055.08530225,62.6224403381348,18.7911064624787,7.633,HIC,High Income
ISR,2015,36138.13561386,61.6271781921387,19.3095380067825,7.815,HIC,High Income
ISR,2016,37044.0118623764,61.4426498413086,17.749785542488,7.45,HIC,High Income
ISR,2017,37911.0217281157,60.3434600830078,16.9029842019081,7.038,HIC,High Income
ISR,2018,38695.0100079706,58.6109886169434,16.4031794667244,7.049,HIC,High Income
ISR,2019,39322.038041422,57.4564514160156,17.2903826236725,6.809,HIC,High Income
ISR,2020,37938.3809354755,57.633861541748,16.0003134012222,6.737,HIC,High Income
ITA,1990,27625.1792306413,,,7.684,HIC,High Income
ITA,1991,28030.7653841073,,,7.67,HIC,High Income
ITA,1992,28245.4271054692,,,7.666,HIC,High Income
ITA,1993,27987.4328969281,,,7.526,HIC,High Income
ITA,1994,28583.6255328648,,,7.393,HIC,High Income
ITA,1995,29408.3209572297,,,7.815,HIC,High Income
ITA,1996,29795.6597750915,,17.9592083692551,7.747,HIC,High Income
ITA,1997,30353.3778243995,,,7.844,HIC,High Income
ITA,1998,30892.1758654455,,13.6316590905189,8.054,HIC,High Income
ITA,1999,31405.2609007683,,,8.132,HIC,High Income
ITA,2000,32609.66746283,,14.247794508934,8.199,HIC,High Income
ITA,2001,33243.599343976,53.4531898498535,,8.196,HIC,High Income
ITA,2002,33267.4474482048,56.3153915405273,12.5824137926102,8.309,HIC,High Income
ITA,2003,33110.1698494812,60.0055885314941,11.7033081650734,8.575,HIC,High Income
ITA,2004,33348.9744820456,63.3327293395996,10.0300664305687,8.606,HIC,High Income
ITA,2005,33407.6754716472,65.3270263671875,8.65713119506836,8.567,HIC,High Income
ITA,2006,33873.0493680093,67.2835083007812,6.44310855865479,8.443,HIC,High Income
ITA,2007,34159.9109244074,68.8725967407227,7.9483192563057,8.286,HIC,High Income
ITA,2008,33550.6340800063,67.5799865722656,7.61466473340989,8.028,HIC,High Income
ITA,2009,31587.0638416305,66.9516296386719,6.78547322750091,7.079,HIC,High Income
ITA,2010,31928.5543621096,65.3790435791016,7.73114418983459,7.241,HIC,High Income
ITA,2011,32039.5032494316,64.2492523193359,8.21852833032608,7.022,HIC,High Income
ITA,2012,30953.4147447427,62.3447418212891,7.24098265171051,6.665,HIC,High Income
ITA,2013,30330.0221599668,60.8925285339355,7.41748777031898,6.091,HIC,High Income
ITA,2014,30325.0287793923,60.8831481933594,7.17880836129188,5.759,HIC,High Income
ITA,2015,30639.8829751432,60.941291809082,4.97209239006042,5.964,HIC,High Income
ITA,2016,31077.6792675211,61.3571014404297,6.30415523052215,5.922,HIC,High Income
ITA,2017,31635.52277108,62.69580078125,5.4999695122242,5.84,HIC,High Income
ITA,2018,31963.6417148824,64.4753265380859,4.16121111810207,5.791,HIC,High Income
ITA,2019,32180.4341017428,65.6895065307617,4.71429499983787,5.648,HIC,High Income
ITA,2020,29469.7989238626,68.7231063842773,3.60772325098514,5.051,HIC,High Income
JOR,1990,3496.48977109386,19.6618995666504,,2.924,UMC,Low and Middle Income
JOR,1991,3286.63559783063,19.5192108154297,,2.552,UMC,Low and Middle Income
JOR,1992,3564.73934155579,19.4466094970703,,2.953,UMC,Low and Middle Income
JOR,1993,3535.94786061685,19.5052795410156,,2.762,UMC,Low and Middle Income
JOR,1994,3538.09885361169,18.2145004272461,,2.964,UMC,Low and Middle Income
JOR,1995,3606.71295243238,18.0741004943848,,2.831,UMC,Low and Middle Income
JOR,1996,3561.74921330419,20.2109298706055,4.70785921812057,2.865,UMC,Low and Middle Income
JOR,1997,3582.04875443504,23.0235805511475,,2.835,UMC,Low and Middle Income
JOR,1998,3605.63447052895,,5.10225322842598,2.798,UMC,Low and Middle Income
JOR,1999,3648.60665235433,,,2.742,UMC,Low and Middle Income
JOR,2000,3725.49544709257,28.7968101501465,6.0922176539898,2.859,UMC,Low and Middle Income
JOR,2001,3841.98511846743,,,2.884,UMC,Low and Middle Income
JOR,2002,3979.40388653953,32.2784004211426,1.04735116288066,2.975,UMC,Low and Middle Income
JOR,2003,4054.22612609768,36.0558204650879,5.5184509754181,3.008,UMC,Low and Middle Income
JOR,2004,4296.62367370886,40.467830657959,5.05697131156921,3.231,UMC,Low and Middle Income
JOR,2005,4532.96248258538,39.7074890136719,5.08611473441123,3.448,UMC,Low and Middle Income
JOR,2006,4596.56909353547,37.8664016723633,5.16299879550933,3.241,UMC,Low and Middle Income
JOR,2007,4681.17006766931,38.7338409423828,6.17371872067452,3.178,UMC,Low and Middle Income
JOR,2008,4902.38348073849,41.3684692382812,6.76395928859711,3.003,UMC,Low and Middle Income
JOR,2009,5043.62638729303,42.0630187988281,3.68165512382984,3.017,UMC,Low and Middle Income
JOR,2010,5066.49720027725,37.7581337455828,2.48461827635764,2.856,UMC,Low and Middle Income
JOR,2011,5085.98005025386,37.4216386327285,3.40992790460586,2.862,UMC,Low and Middle Income
JOR,2012,5135.0327939589,43.9161464129347,5.96529585123062,3.172,UMC,Low and Middle Income
JOR,2013,5007.76162067161,,6.38277667760849,3.011,UMC,Low and Middle Income
JOR,2014,4703.39944986815,,7.94330236315727,2.976,UMC,Low and Middle Income
JOR,2015,4441.61896013754,36.6284278762539,7.11956346035004,2.703,UMC,Low and Middle Income
JOR,2016,4326.17261571505,34.0612635636995,4.24063557386398,2.493,UMC,Low and Middle Income
JOR,2017,4335.92512689541,28.6210570991622,4.07590046525002,2.548,UMC,Low and Middle Income
JOR,2018,4320.029787425,31.5562985544301,4.0026647746563,2.43,UMC,Low and Middle Income
JOR,2019,4313.80791426608,30.1108403894558,2.32488632202149,2.302,UMC,Low and Middle Income
JOR,2020,4188.21240095719,30.2879665605319,3.29449184238911,1.898,UMC,Low and Middle Income
KGZ,1990,1203.47208279448,26.2876701354981,,4.306,LMC,Low and Middle Income
KGZ,1991,1089.90005451003,24.8964099884033,,3.508,LMC,Low and Middle Income
KGZ,1992,928.31552055094,23.9627304077148,,2.4,LMC,Low and Middle Income
KGZ,1993,784.564919201316,22.0965995788574,,1.83,LMC,Low and Middle Income
KGZ,1994,627.220989930123,21.5608692169189,,1.322,LMC,Low and Middle Income
KGZ,1995,587.298180667228,20.6899299621582,,0.956,LMC,Low and Middle Income
KGZ,1996,619.667768615001,21.9203300476074,-12.3330458402634,1.182,LMC,Low and Middle Income
KGZ,1997,671.25000816306,23.8372802734375,,1.147,LMC,Low and Middle Income
KGZ,1998,675.058248147575,27.4004993438721,-13.5283998847008,1.202,LMC,Low and Middle Income
KGZ,1999,689.414278205464,28.0213508605957,,0.934,LMC,Low and Middle Income
KGZ,2000,718.342832397662,33.69287109375,-15.4142518639564,0.91,LMC,Low and Middle Income
KGZ,2001,749.423779561565,39.2672080993652,,0.76,LMC,Low and Middle Income
KGZ,2002,742.44300111832,42.2281188964844,-14.5165424346924,0.961,LMC,Low and Middle Income
KGZ,2003,786.350474964134,39.491138458252,-12.9227204918861,1.042,LMC,Low and Middle Income
KGZ,2004,831.482103944381,39.1110000610352,-13.4838389158249,1.116,LMC,Low and Middle Income
KGZ,2005,820.709519437592,40.615779876709,-19.0950940847397,1.052,LMC,Low and Middle Income
KGZ,2006,837.138026647346,41.6426811218262,-22.3939777612686,1.033,LMC,Low and Middle Income
KGZ,2007,900.02796489729,41.4537391662598,-22.4731006622314,1.228,LMC,Low and Middle Income
KGZ,2008,966.409971184817,45.5842208862305,-23.509537100792,1.4,LMC,Low and Middle Income
KGZ,2009,981.220904665529,43.4328689575195,-22.6058138608932,1.243,LMC,Low and Middle Income
KGZ,2010,962.764789828724,42.2182042645436,-21.5807768106461,1.157,LMC,Low and Middle Income
KGZ,2011,1005.4831781815,42.4374714139813,-20.3339147567748,1.362,LMC,Low and Middle Income
KGZ,2012,985.8472865972,45.2330629115781,-19.2924119234085,1.771,LMC,Low and Middle Income
KGZ,2013,1069.78404438716,48.5727890390198,-18.9562896490097,1.679,LMC,Low and Middle Income
KGZ,2014,1088.58214229508,46.360320327803,-15.9119537472725,1.735,LMC,Low and Middle Income
KGZ,2015,1105.65193844261,46.5495890237956,-17.2134841680527,1.71,LMC,Low and Middle Income
KGZ,2016,1128.3161612818,44.5886036787376,-17.7198483943939,1.575,LMC,Low and Middle Income
KGZ,2017,1157.18275758067,41.5760302696793,-16.0633504986763,1.505,LMC,Low and Middle Income
KGZ,2018,1175.0712778747,39.5679556504749,-15.7463569641113,1.762,LMC,Low and Middle Income
KGZ,2019,1201.87701429721,40.8257000638543,-15.4831340312958,1.393,LMC,Low and Middle Income
KGZ,2020,1093.32856461422,45.3327840830343,-16.2590192556381,1.253,LMC,Low and Middle Income
KHM,1990,824.051655825487,0.685980021953583,,0.171,LMC,Low and Middle Income
KHM,1991,850.610221173097,0.82029002904892,,0.17,LMC,Low and Middle Income
KHM,1992,862.478030887335,1.07730996608734,,0.166,LMC,Low and Middle Income
KHM,1993,845.382004291868,1.30534994602203,,0.161,LMC,Low and Middle Income
KHM,1994,513.967147967874,1.51787996292114,,0.154,LMC,Low and Middle Income
KHM,1995,520.926883186145,1.53399002552032,,0.15,LMC,Low and Middle Income
KHM,1996,511.670349597704,1.79530000686646,-20.3042702674866,0.14,LMC,Low and Middle Income
KHM,1997,496.770551310941,1.22730004787445,,0.127,LMC,Low and Middle Income
KHM,1998,499.016649050833,,-20.0367970466614,0.156,LMC,Low and Middle Income
KHM,1999,552.901492232643,,,0.154,LMC,Low and Middle Income
KHM,2000,598.561915252147,1.86557996273041,-18.4272338151932,0.16,LMC,Low and Middle Income
KHM,2001,632.833573980849,1.97913002967834,,0.177,LMC,Low and Middle Income
KHM,2002,662.188341283454,2.33661007881165,-19.768648982048,0.168,LMC,Low and Middle Income
KHM,2003,719.333494240509,3.01460003852844,-19.6368416547775,0.173,LMC,Low and Middle Income
KHM,2004,775.847139030978,3.07344007492065,-20.6460229158401,0.169,LMC,Low and Middle Income
KHM,2005,866.340290123209,3.77035999298096,-21.110297203064,0.164,LMC,Low and Middle Income
KHM,2006,947.065220050691,6.20005989074707,-21.0498186349868,0.209,LMC,Low and Middle Income
KHM,2007,1030.23117620792,7.67417001724243,-19.4681752920151,0.252,LMC,Low and Middle Income
KHM,2008,1090.57475806147,8.92994976043701,-19.6465529203415,0.28,LMC,Low and Middle Income
KHM,2009,1117.25834194514,10.6747398376465,-19.1073486804962,0.321,LMC,Low and Middle Income
KHM,2010,1155.85236856699,12.1998596191406,-19.0925629138946,0.349,LMC,Low and Middle Income
KHM,2011,1221.38839852454,11.4902860215331,-17.8582979440688,0.358,LMC,Low and Middle Income
KHM,2012,1295.25271477893,,-16.6828852295876,0.373,LMC,Low and Middle Income
KHM,2013,1376.29557595926,,-17.1284683942795,0.371,LMC,Low and Middle Income
KHM,2014,1464.53115866927,,-16.2207258939743,0.435,LMC,Low and Middle Income
KHM,2015,1547.32010444393,13.615484963166,-16.8984382152557,0.524,LMC,Low and Middle Income
KHM,2016,1645.46671578126,,-18.348757147789,0.671,LMC,Low and Middle Income
KHM,2017,1753.93530504662,12.5181529981862,-18.2251601219178,0.752,LMC,Low and Middle Income
KHM,2018,1884.28374817086,13.2671737077763,-19.2482470273972,0.856,LMC,Low and Middle Income
KHM,2019,2008.32094006706,12.9409846754696,-16.1837451457977,1.13,LMC,Low and Middle Income
KHM,2020,1908.63427518336,13.8767573747135,-16.3286190629005,1.255,LMC,Low and Middle Income
KOR,1990,9672.57845182894,,,5.683,HIC,High Income
KOR,1991,10618.8431439122,,,6.204,HIC,High Income
KOR,1992,11176.560685871,,,6.716,HIC,High Income
KOR,1993,11837.4692053797,,,7.356,HIC,High Income
KOR,1994,12817.2447824958,,,7.881,HIC,High Income
KOR,1995,13924.3044000347,,,8.457,HIC,High Income
KOR,1996,14894.3278834104,,13.5787051320076,9.225,HIC,High Income
KOR,1997,15682.2717905189,,,9.686,HIC,High Income
KOR,1998,14800.5091573641,,13.2379090189934,8.177,HIC,High Income
KOR,1999,16402.9168341094,,,8.828,HIC,High Income
KOR,2000,17763.1353417297,74.6898574829102,14.1157754063606,9.408,HIC,High Income
KOR,2001,18460.4288193829,77.3433532714844,,9.685,HIC,High Income
KOR,2002,19775.3800655139,80.7160491943359,15.6401695013046,10.065,HIC,High Income
KOR,2003,20278.0406421178,84.4563903808594,13.6050797700882,10.212,HIC,High Income
KOR,2004,21244.8136800528,89.8009033203125,15.4632692337036,10.302,HIC,High Income
KOR,2005,22123.7613066851,95.3700103759766,16.5617892742157,10.422,HIC,High Income
KOR,2006,23162.1860111297,99.9493103027344,14.2451792359352,10.488,HIC,High Income
KOR,2007,24391.7651013448,102.949272155762,17.1793463230134,10.829,HIC,High Income
KOR,2008,24934.5396367691,103.136177062988,14.6285776495934,11.015,HIC,High Income
KOR,2009,25009.9148311999,102.658447265625,16.902060508728,11.078,HIC,High Income
KOR,2010,26623.0487122927,101.673286437988,17.1395285129547,12.187,HIC,High Income
KOR,2011,27393.455357272,100.819679260254,17.43503510952,12.69,HIC,High Income
KOR,2012,27944.0564190045,98.286979675293,16.742204606533,12.66,HIC,High Income
KOR,2013,28732.711152033,96.3375015258789,16.0675022006035,12.674,HIC,High Income
KOR,2014,29470.6732991655,94.4421691894531,17.1027343273163,12.453,HIC,High Income
KOR,2015,30171.7906545222,93.9676513671875,15.4220556616783,12.439,HIC,High Income
KOR,2016,31005.4072876388,93.6577224731445,19.2409346103668,12.435,HIC,High Income
KOR,2017,31979.9027302467,93.7230224609375,19.3017774820328,12.713,HIC,High Income
KOR,2018,32852.8887488942,93.3281784057617,20.4801428318023,12.977,HIC,High Income
KOR,2019,33496.3113815643,93.9989166259766,19.7525324821473,12.481,HIC,High Income
KOR,2020,33215.9298928108,96.8767700195312,19.5901885032654,11.524,HIC,High Income
LAO,1990,634.525297009385,1.11591994762421,,0.119,LMC,Low and Middle Income
LAO,1991,643.410259077746,,,0.123,LMC,Low and Middle Income
LAO,1992,660.633861954064,,,0.13,LMC,Low and Middle Income
LAO,1993,680.964153708638,1.31793999671936,,0.13,LMC,Low and Middle Income
LAO,1994,717.509245108717,1.30735003948212,,0.131,LMC,Low and Middle Income
LAO,1995,749.234741728538,1.63365995883942,,0.136,LMC,Low and Middle Income
LAO,1996,782.683156535545,2.36982989311218,-17.8151444196701,0.149,LMC,Low and Middle Income
LAO,1997,819.205851313643,2.52199006080627,,0.154,LMC,Low and Middle Income
LAO,1998,836.088098507116,2.00583004951477,-16.8783031702042,0.156,LMC,Low and Middle Income
LAO,1999,881.634129609675,2.30977010726929,,0.158,LMC,Low and Middle Income
LAO,2000,917.228038617529,2.64691996574402,-17.9724134206772,0.177,LMC,Low and Middle Income
LAO,2001,954.123505414634,3.04713988304138,,0.192,LMC,Low and Middle Income
LAO,2002,994.492241963795,4.05916023254395,-21.296774983406,0.208,LMC,Low and Middle Income
LAO,2003,1038.71192767783,4.79725980758667,-23.4635828733444,0.214,LMC,Low and Middle Income
LAO,2004,1088.76034728831,5.579430103302,-21.4141856431962,0.222,LMC,Low and Middle Income
LAO,2005,1148.68153852071,7.60128021240234,-19.9491626024246,0.228,LMC,Low and Middle Income
LAO,2006,1228.08927619923,8.78625965118408,-17.2520815134048,0.295,LMC,Low and Middle Income
LAO,2007,1301.08597549864,11.2626600265503,-16.2605566382408,0.303,LMC,Low and Middle Income
LAO,2008,1381.73754223953,13.0783004760742,-14.8610653877258,0.347,LMC,Low and Middle Income
LAO,2009,1463.3379666846,16.2123508453369,-17.8465662002564,0.427,LMC,Low and Middle Income
LAO,2010,1564.91068311647,16.6638298034668,-16.5640195012093,0.474,LMC,Low and Middle Income
LAO,2011,1666.40086189871,17.4954696423161,-17.0400995016098,0.482,LMC,Low and Middle Income
LAO,2012,1774.63585203672,17.330766926856,-14.5661991834641,0.511,LMC,Low and Middle Income
LAO,2013,1890.27861294875,18.9224448772621,-13.6604077219963,0.635,LMC,Low and Middle Income
LAO,2014,2006.31195444447,18.4954952643985,-12.8515594601631,0.654,LMC,Low and Middle Income
LAO,2015,2121.01339097363,18.1574846273063,-13.8961436748505,1.35,LMC,Low and Middle Income
LAO,2016,2234.76098741846,17.0880719461771,-13.7634047865868,2.375,LMC,Low and Middle Income
LAO,2017,2351.57441747595,15.4112577339384,-15.3175042867661,2.796,LMC,Low and Middle Income
LAO,2018,2459.97874636195,14.4969749098337,-14.6362701058388,2.873,LMC,Low and Middle Income
LAO,2019,2554.95638019245,13.7404020217342,-16.4225872755051,2.534,LMC,Low and Middle Income
LAO,2020,2529.74622698761,12.561911777868,-14.9205417633057,2.49,LMC,Low and Middle Income
LBN,1990,2752.72442253257,,,2.189,LMC,Low and Middle Income
LBN,1991,4031.19474543924,,,2.212,LMC,Low and Middle Income
LBN,1992,4595.5808332577,23.675479888916,,2.596,LMC,Low and Middle Income
LBN,1993,4992.69878232449,,,2.71,LMC,Low and Middle Income
LBN,1994,5301.41584672248,,,2.856,LMC,Low and Middle Income
LBN,1995,5542.2265103529,,,3.094,LMC,Low and Middle Income
LBN,1996,6054.52911921482,21.6194705963135,-4.81021761894226,3.161,LMC,Low and Middle Income
LBN,1997,6008.75855385657,,,3.675,LMC,Low and Middle Income
LBN,1998,6120.45672717024,,-7.03621721267701,3.895,LMC,Low and Middle Income
LBN,1999,5982.41788354308,28.0918598175049,,3.861,LMC,Low and Middle Income
LBN,2000,5958.97836750301,28.1094799041748,-2.82149781286716,3.572,LMC,Low and Middle Income
LBN,2001,6085.76041420146,31.8084697723389,,3.727,LMC,Low and Middle Income
LBN,2002,6207.24133893746,33.2399406433105,-4.73821350932121,3.639,LMC,Low and Middle Income
LBN,2003,6319.76518298647,33.0007705688477,-5.89613956212997,4.094,LMC,Low and Middle Income
LBN,2004,6633.75258002393,34.8977317810059,-3.43331640958786,3.742,LMC,Low and Middle Income
LBN,2005,6707.18024635316,36.9155197143555,-3.94798232614993,3.565,LMC,Low and Middle Income
LBN,2006,6696.37428200596,38.105541229248,-10.2197877168655,3.113,LMC,Low and Middle Income
LBN,2007,7179.34520092306,40.4916915893555,-11.1677892208099,2.838,LMC,Low and Middle Income
LBN,2008,7701.29823027979,41.7746200561523,-10.3048757910728,3.536,LMC,Low and Middle Income
LBN,2009,8375.48851252821,41.8963890075684,-10.4549444317818,4.198,LMC,Low and Middle Income
LBN,2010,8955.54336184707,42.1777031083244,-10.960736811161,3.967,LMC,Low and Middle Income
LBN,2011,8936.20027462737,45.5351218323996,-10.7818647027016,3.976,LMC,Low and Middle Income
LBN,2012,8920.8056984673,44.9326117621184,-11.9039951562881,4.265,LMC,Low and Middle Income
LBN,2013,8443.53856528784,48.3089213263461,-12.4392351508141,3.859,LMC,Low and Middle Income
LBN,2014,7830.4151113336,42.9353408813477,-12.2577873468399,3.78,LMC,Low and Middle Income
LBN,2015,7714.1099998804,39.2905242294107,-13.6682903766632,3.975,LMC,Low and Middle Income
LBN,2016,8019.1416913426,42.5074771456909,-13.7336955666542,4.181,LMC,Low and Middle Income
LBN,2017,8305.57405425721,44.1878772500135,-13.7134217023849,4.516,LMC,Low and Middle Income
LBN,2018,8388.7235123835,47.2296269060678,-13.2539700269699,4.313,LMC,Low and Middle Income
LBN,2019,8064.04873416236,50.1483937104215,-14.4397813081741,4.339,LMC,Low and Middle Income
LBN,2020,6440.82843092922,51.5677337643942,-15.3470040559769,4.155,LMC,Low and Middle Income
LCA,1990,8418.43121970586,,,1.302,UMC,Low and Middle Income
LCA,1991,8349.33748060159,,,1.339,UMC,Low and Middle Income
LCA,1992,8879.90075764079,,,1.5,UMC,Low and Middle Income
LCA,1993,8800.62691819002,5.70678997039795,,1.631,UMC,Low and Middle Income
LCA,1994,8808.68294405759,,,1.783,UMC,Low and Middle Income
LCA,1995,8822.50069854295,,,1.854,UMC,Low and Middle Income
LCA,1996,8945.86353079673,17.3051605224609,13.7553895711899,1.948,UMC,Low and Middle Income
LCA,1997,8759.56755308065,,,1.921,UMC,Low and Middle Income
LCA,1998,9183.3516374622,,14.9006389975548,2.084,UMC,Low and Middle Income
LCA,1999,9306.76032489833,,,2.151,UMC,Low and Middle Income
LCA,2000,9198.93894352203,,14.2751084566116,2.148,UMC,Low and Middle Income
LCA,2001,8795.54582090658,,,2.241,UMC,Low and Middle Income
LCA,2002,8755.45939353129,,14.1770787835121,2.199,UMC,Low and Middle Income
LCA,2003,9054.06778374517,,14.165830373764,2.316,UMC,Low and Middle Income
LCA,2004,9637.37801390276,13.3422899246216,13.6639897823334,2.432,UMC,Low and Middle Income
LCA,2005,9527.58469430542,12.7918500900269,14.0527079105377,2.369,UMC,Low and Middle Income
LCA,2006,10045.6504032593,9.52157974243164,14.8570984005928,2.484,UMC,Low and Middle Income
LCA,2007,10147.4432459936,8.46230983734131,14.4299932122231,2.512,UMC,Low and Middle Income
LCA,2008,10583.4310172598,15.7249202728272,15.5082456469536,2.518,UMC,Low and Middle Income
LCA,2009,10219.8024011561,17.469539642334,15.1318692564964,2.502,UMC,Low and Middle Income
LCA,2010,10191.3146827694,12.4684000015259,14.4999601244926,2.83,UMC,Low and Middle Income
LCA,2011,10576.8979743596,16.2693996429443,14.0541376471519,2.815,UMC,Low and Middle Income
LCA,2012,10517.2777635533,10.2734699249268,12.2552371621132,2.823,UMC,Low and Middle Income
LCA,2013,10279.4155096001,14.0192003250122,13.1106260418892,2.811,UMC,Low and Middle Income
LCA,2014,10369.9382566513,17.0831794738769,10.6447651386261,2.798,UMC,Low and Middle Income
LCA,2015,10334.9860823918,17.0301094055176,11.9764723181725,2.744,UMC,Low and Middle Income
LCA,2016,10644.1612913407,19.7992000579834,9.40595746040344,2.691,UMC,Low and Middle Income
LCA,2017,10960.4843512477,20.7471294403076,10.3460686802864,2.805,UMC,Low and Middle Income
LCA,2018,11233.8883578457,14.6563596725464,10.8283394575119,2.877,UMC,Low and Middle Income
LCA,2019,11077.9479823807,15.9467096328735,10.0803288221359,2.825,UMC,Low and Middle Income
LCA,2020,8512.8183987353,16.8199691772461,11.2984014749527,2.734,UMC,Low and Middle Income
LTU,1990,8333.35060476781,,,9.672,HIC,High Income
LTU,1991,7847.01714085874,,,10.218,HIC,High Income
LTU,1992,6185.53516623455,,,5.725,HIC,High Income
LTU,1993,5206.44260647022,,,4.434,HIC,High Income
LTU,1994,4730.69620782245,,,4.314,HIC,High Income
LTU,1995,4924.09667530707,,,4.151,HIC,High Income
LTU,1996,5211.10025197912,,7.64795500040054,4.373,HIC,High Income
LTU,1997,5685.44901491024,,,4.243,HIC,High Income
LTU,1998,6154.17245640636,,9.3889091014862,4.509,HIC,High Income
LTU,1999,6129.99843995634,,,3.818,HIC,High Income
LTU,2000,6384.30865426374,,3.71284309029579,3.383,HIC,High Income
LTU,2001,6854.52512826671,57.3476104736328,,3.626,HIC,High Income
LTU,2002,7374.0979710116,63.0700798034668,6.76421615481377,3.678,HIC,High Income
LTU,2003,8218.69336289848,69.6304168701172,8.24919927120209,3.707,HIC,High Income
LTU,2004,8851.92598922347,74.9013824462891,9.53290820121765,3.925,HIC,High Income
LTU,2005,9692.86853763267,79.7298126220703,9.81137144565583,4.173,HIC,High Income
LTU,2006,10577.2145522871,82.4531784057617,12.0117756128311,4.341,HIC,High Income
LTU,2007,11889.3545234657,82.5158309936523,11.6603025794029,4.789,HIC,High Income
LTU,2008,12324.5197331387,85.7450866699219,11.628299176693,4.664,HIC,High Income
LTU,2009,10612.9204044582,89.2521667480469,12.2751663327217,4.056,HIC,High Income
LTU,2010,10884.1161852582,86.5725708007812,13.1975430250168,4.455,HIC,High Income
LTU,2011,11836.7200384033,84.0555877685547,13.0565300583839,4.609,HIC,High Income
LTU,2012,12516.6184065667,79.7516326904297,14.3608176708221,4.703,HIC,High Income
LTU,2013,13145.8069309969,74.3968200683594,14.1097651124001,4.444,HIC,High Income
LTU,2014,13753.1895982305,72.034538269043,15.936694085598,4.379,HIC,High Income
LTU,2015,14269.8039878287,72.1163330078125,16.7048566937447,4.489,HIC,High Income
LTU,2016,14823.107153522,74.0858306884766,17.0248938202858,4.566,HIC,High Income
LTU,2017,15695.9993288456,76.5389785766602,16.4208760261536,4.693,HIC,High Income
LTU,2018,16604.9021440809,77.3577728271484,15.7757902741432,4.787,HIC,High Income
LTU,2019,17431.7239081591,75.0942306518555,16.8580515384674,4.883,HIC,High Income
LTU,2020,17443.65526328,73.5892868041992,16.2475024461746,4.829,HIC,High Income
LVA,1990,7622.69859894915,,,7.391,HIC,High Income
LVA,1991,6694.19920788241,,,6.765,HIC,High Income
LVA,1992,4607.11398959129,,,5.428,HIC,High Income
LVA,1993,4464.72137528124,,,4.65,HIC,High Income
LVA,1994,4639.50575611837,,,4.113,HIC,High Income
LVA,1995,4661.66840092451,,,3.674,HIC,High Income
LVA,1996,4822.90414861125,,2.27235229313373,3.748,HIC,High Income
LVA,1997,5317.97997604979,,,3.567,HIC,High Income
LVA,1998,5719.98918281481,,4.02064101397991,3.446,HIC,High Income
LVA,1999,5929.26767237825,,,3.228,HIC,High Income
LVA,2000,6336.38296707987,,2.53131853044033,2.99,HIC,High Income
LVA,2001,6833.4354323157,63.4917602539062,,3.206,HIC,High Income
LVA,2002,7443.22944659059,67.8093032836914,5.27373802661896,3.254,HIC,High Income
LVA,2003,8149.00183600084,71.0342407226562,9.89160996675492,3.375,HIC,High Income
LVA,2004,8957.23393555082,74.6085586547852,9.16038227081299,3.415,HIC,High Income
LVA,2005,10106.2626157732,75.4191970825195,9.61992454528809,3.487,HIC,High Income
LVA,2006,11507.4648265658,74.5965118408203,10.4871900081635,3.745,HIC,High Income
LVA,2007,12810.0409502542,73.0432968139648,12.1686818599701,3.925,HIC,High Income
LVA,2008,12506.6945041012,72.3635406494141,13.2145458459854,3.765,HIC,High Income
LVA,2009,10675.425174228,73.0548934936523,13.4285827875137,3.481,HIC,High Income
LVA,2010,10500.8666223014,69.0510406494141,12.8962688446045,4.078,HIC,High Income
LVA,2011,11018.5152421583,67.9534683227539,12.5828697681427,3.791,HIC,High Income
LVA,2012,11971.0107466522,66.6435470581055,13.2586751580238,3.696,HIC,High Income
LVA,2013,12353.5386135301,69.0765991210938,12.9551140666008,3.661,HIC,High Income
LVA,2014,12731.6771959342,70.8979415893555,14.804694712162,3.597,HIC,High Income
LVA,2015,13321.9753140616,74.2998809814453,13.1022413372993,3.672,HIC,High Income
LVA,2016,13787.3367440023,80.6048126220703,15.8477588295937,3.679,HIC,High Income
LVA,2017,14382.8612727134,88.0574264526367,15.3872985839844,3.714,HIC,High Income
LVA,2018,15120.0698171804,93.0244827270508,15.7746019363403,4.069,HIC,High Income
LVA,2019,15328.3859933295,94.8645324707031,16.7321561574936,3.988,HIC,High Income
LVA,2020,14900.7295718866,94.5108337402344,15.7612212300301,3.682,HIC,High Income
MAC,1990,31378.8304183133,,,2.567,HIC,High Income
MAC,1991,30982.3788289054,,,2.67,HIC,High Income
MAC,1992,33280.8531405232,,,2.628,HIC,High Income
MAC,1993,33812.6326064638,,,2.892,HIC,High Income
MAC,1994,34113.7531646476,,,3.024,HIC,High Income
MAC,1995,34162.0125862687,,,2.821,HIC,High Income
MAC,1996,33543.2536281767,,3.60287167131902,3.196,HIC,High Income
MAC,1997,33273.3263570517,,,3.293,HIC,High Income
MAC,1998,31376.4225649646,,3.42157047986985,3.414,HIC,High Income
MAC,1999,30270.8085696141,,,3.313,HIC,High Income
MAC,2000,31772.6302531656,,3.21977977454662,3.494,HIC,High Income
MAC,2001,32441.6760183581,50.4305801391602,,3.507,HIC,High Income
MAC,2002,34967.8914561813,66.0375518798828,11.7056822776794,3.045,HIC,High Income
MAC,2003,38581.6976189322,80.2272033691406,20.88356590271,3.031,HIC,High Income
MAC,2004,47665.9330386643,69.0725402832031,23.3088572025299,3.282,HIC,High Income
MAC,2005,49470.940295748,57.060718536377,12.2433736920357,3.395,HIC,High Income
MAC,2006,53240.2045750276,49.7756004333496,7.38826730847359,2.859,HIC,High Income
MAC,2007,58376.1176047275,46.4321784973145,5.25979429483414,2.61,HIC,High Income
MAC,2008,58146.3285846714,48.17041015625,7.7806616127491,2.106,HIC,High Income
MAC,2009,59528.8350159491,56.2147483825684,12.0030826926231,3.447,HIC,High Income
MAC,2010,74195.0577762344,63.4042461657596,12.1914299726486,2.194,HIC,High Income
MAC,2011,88168.9713699088,70.3462105845473,11.6648623347282,2.247,HIC,High Income
MAC,2012,93192.885853941,53.9347408829175,11.0050556063652,1.927,HIC,High Income
MAC,2013,99054.4980289716,61.8619153674833,10.8490744829178,1.652,HIC,High Income
MAC,2014,92383.8434915276,69.2981220657277,16.1539811491966,2.119,HIC,High Income
MAC,2015,69902.9605741233,76.1658415841584,15.2353004217148,2.85,HIC,High Income
MAC,2016,68391.3415491921,79.925,14.0443139672279,2.807,HIC,High Income
MAC,2017,75650.1261840452,81.2655086848635,13.9325676560402,2.981,HIC,High Income
MAC,2018,79178.6506290559,76.7935034802784,16.6104356646538,1.885,HIC,High Income
MAC,2019,75724.6078280261,80.0911214953271,15.0844863057137,1.807,HIC,High Income
MAC,2020,33853.7761550109,86.7956730769231,13.8920266032219,1.513,HIC,High Income
MAR,1990,1695.63647460938,10.6727600097656,,0.915,LMC,Low and Middle Income
MAR,1991,1786.76281738281,10.5482597351074,,0.955,LMC,Low and Middle Income
MAR,1992,1720.42248535156,10.2783403396606,,0.981,LMC,Low and Middle Income
MAR,1993,1680.71044921875,10.6426095962524,,1.046,LMC,Low and Middle Income
MAR,1994,1830.88061523438,10.7795495986938,,1.082,LMC,Low and Middle Income
MAR,1995,1705.4482421875,11.2644500732422,,1.089,LMC,Low and Middle Income
MAR,1996,1886.67224121094,,3.76093229651451,1.101,LMC,Low and Middle Income
MAR,1997,1828.96862792969,11.5530099868774,,1.102,LMC,Low and Middle Income
MAR,1998,1931.74047851563,9.10352039337158,2.19878444075584,1.118,LMC,Low and Middle Income
MAR,1999,1935.47875976563,9.54483032226562,,1.141,LMC,Low and Middle Income
MAR,2000,1957.14135742188,10.1461200714111,1.66943775862455,1.168,LMC,Low and Middle Income
MAR,2001,2078.96606445313,10.5071296691894,,1.277,LMC,Low and Middle Income
MAR,2002,2127.50708007813,10.6168403625488,-0.833183571696282,1.278,LMC,Low and Middle Income
MAR,2003,2229.576171875,11.0415000915527,-1.91948701441287,1.237,LMC,Low and Middle Income
MAR,2004,2301.08178710938,11.1358003616333,-0.833544868975878,1.41,LMC,Low and Middle Income
MAR,2005,2342.15478515625,11.69873046875,-4.58382728695869,1.471,LMC,Low and Middle Income
MAR,2006,2489.99291992188,12.1653699874878,-5.40911766886712,1.503,LMC,Low and Middle Income
MAR,2007,2540.615234375,11.6039199829102,-5.60406139492988,1.568,LMC,Low and Middle Income
MAR,2008,2648.58569335938,12.6373701095581,-6.55643671751023,1.625,LMC,Low and Middle Income
MAR,2009,2710.66650390625,13.0986795425415,-4.46785598993302,1.588,LMC,Low and Middle Income
MAR,2010,2767.04223632813,13.9896441158412,-3.63008099794388,1.674,LMC,Low and Middle Income
MAR,2011,2879.53930664063,15.8539977340994,-4.68323603272438,1.667,LMC,Low and Middle Income
MAR,2012,2927.45043945313,19.0472282489073,-4.96958866715431,1.707,LMC,Low and Middle Income
MAR,2013,3008.185546875,22.4068908691406,-5.85844445228577,1.675,LMC,Low and Middle Income
MAR,2014,3051.458984375,25.3112415031422,-2.22436927258968,1.672,LMC,Low and Middle Income
MAR,2015,3146.24780273438,28.5519130573154,-3.02106660604477,1.69,LMC,Low and Middle Income
MAR,2016,3124.42504882813,32.0952579243239,-4.59094816446304,1.669,LMC,Low and Middle Income
MAR,2017,3242.64428710938,33.4735433090703,-4.68132293224335,1.724,LMC,Low and Middle Income
MAR,2018,3304.7119140625,35.319186358341,-4.17069645226002,1.739,LMC,Low and Middle Income
MAR,2019,3364.73950195313,37.7212021382481,-4.0329772233963,1.898,LMC,Low and Middle Income
MAR,2020,3090.89428710938,39.6858047574445,-3.20016784965992,1.764,LMC,Low and Middle Income
MDG,1990,538.536275056569,3.23319005966186,,0.078,LIC,Low and Middle Income
MDG,1991,489.716098120013,3.00562000274658,,0.083,LIC,Low and Middle Income
MDG,1992,480.810932444988,,,0.078,LIC,Low and Middle Income
MDG,1993,476.159733326381,3.32564997673035,,0.078,LIC,Low and Middle Income
MDG,1994,461.397665709464,2.7063000202179,,0.085,LIC,Low and Middle Income
MDG,1995,454.537946632781,2.18760991096497,,0.085,LIC,Low and Middle Income
MDG,1996,449.6280870806,2.03707003593445,-6.85986968874931,0.086,LIC,Low and Middle Income
MDG,1997,451.303199370831,1.83174002170563,,0.102,LIC,Low and Middle Income
MDG,1998,453.886174768872,2.0486900806427,-6.30774918198586,0.105,LIC,Low and Middle Income
MDG,1999,460.034389996571,1.99398005008698,,0.11,LIC,Low and Middle Income
MDG,2000,465.529509827021,2.02373003959656,-3.28972363471986,0.118,LIC,Low and Middle Income
MDG,2001,478.40561494987,1.89465999603272,,0.103,LIC,Low and Middle Income
MDG,2002,406.70122213637,1.92859995365143,-3.56458745896816,0.07,LIC,Low and Middle Income
MDG,2003,433.601040301214,2.0998899936676,-4.19174988567829,0.094,LIC,Low and Middle Income
MDG,2004,443.278654985967,2.44068002700806,-4.66431811451911,0.097,LIC,Low and Middle Income
MDG,2005,450.955230911228,2.54628992080689,-5.99746796488761,0.091,LIC,Low and Middle Income
MDG,2006,461.540337897729,2.74632000923157,-7.62295436859131,0.085,LIC,Low and Middle Income
MDG,2007,473.785462328449,3.13453006744385,-6.61982846260071,0.085,LIC,Low and Middle Income
MDG,2008,490.963935389518,3.23572993278503,-7.74614781141281,0.085,LIC,Low and Middle Income
MDG,2009,457.789754866068,3.44889998435974,-12.4546666741371,0.079,LIC,Low and Middle Income
MDG,2010,447.417143030687,3.61032855425362,-14.933237195015,0.084,LIC,Low and Middle Income
MDG,2011,441.755158414121,3.99246757065153,-15.2144464254379,0.102,LIC,Low and Middle Income
MDG,2012,442.641500123543,4.04987583552392,-15.7731745243072,0.113,LIC,Low and Middle Income
MDG,2013,440.674658903628,4.186720053214,-15.6506391763687,0.127,LIC,Low and Middle Income
MDG,2014,443.343869908205,4.68533144082284,-12.5240223407745,0.12,LIC,Low and Middle Income
MDG,2015,445.320069480568,4.65904652237845,-11.9203754067421,0.123,LIC,Low and Middle Income
MDG,2016,451.15659433146,4.6583858057243,-14.1120803356171,0.125,LIC,Low and Middle Income
MDG,2017,456.851859574031,5.07525058069797,-14.8709598779678,0.142,LIC,Low and Middle Income
MDG,2018,459.330367799543,5.11877849200791,-14.1729930639267,0.131,LIC,Low and Middle Income
MDG,2019,467.27741349648,5.28586006164551,-17.178080022335,0.147,LIC,Low and Middle Income
MDG,2020,422.924255422319,5.17336117275841,-14.8951790332794,0.131,LIC,Low and Middle Income
MEX,1990,8036.86114405886,,,3.825,UMC,Low and Middle Income
MEX,1991,8197.01179488111,,,3.907,UMC,Low and Middle Income
MEX,1992,8330.26426795593,,,3.864,UMC,Low and Middle Income
MEX,1993,8411.79621331335,,,3.853,UMC,Low and Middle Income
MEX,1994,8623.48043000831,,,3.938,UMC,Low and Middle Income
MEX,1995,7970.64038489585,,,3.642,UMC,Low and Middle Income
MEX,1996,8320.65295687947,,-12.3529881834984,3.694,UMC,Low and Middle Income
MEX,1997,8770.8448154628,,,3.855,UMC,Low and Middle Income
MEX,1998,9161.89527775798,,-9.04624855518341,3.987,UMC,Low and Middle Income
MEX,1999,9264.977292523,,,3.975,UMC,Low and Middle Income
MEX,2000,9581.96970202823,20.5259704589844,-7.25066250562668,3.969,UMC,Low and Middle Income
MEX,2001,9398.35074347946,21.3776397705078,,4.071,UMC,Low and Middle Income
MEX,2002,9242.27886122367,22.3153591156006,-5.93654304742813,4.04,UMC,Low and Middle Income
MEX,2003,9221.99666685464,23.0477905273438,-6.42434617877006,4.234,UMC,Low and Middle Income
MEX,2004,9421.28976132695,23.7031497955322,-6.96847799420357,4.201,UMC,Low and Middle Income
MEX,2005,9491.51730268004,24.130989074707,-6.51082193851471,4.38,UMC,Low and Middle Income
MEX,2006,9813.82804186659,24.5689697265625,-8.03328675031662,4.424,UMC,Low and Middle Income
MEX,2007,9877.69532636562,25.1474304199219,-9.2298476099968,4.354,UMC,Low and Middle Income
MEX,2008,9826.34218448486,25.7789402008057,-11.7178203463554,4.285,UMC,Low and Middle Income
MEX,2009,9074.11881448129,26.2105903625488,-9.56877017021179,4.11,UMC,Low and Middle Income
MEX,2010,9389.06722076504,27.1670207977295,-9.38453274965286,4.017,UMC,Low and Middle Income
MEX,2011,9575.93437734618,28.0361595153809,-9.34809118509292,4.194,UMC,Low and Middle Income
MEX,2012,9782.51776251839,29.3496494293213,-9.09806156158447,4.293,UMC,Low and Middle Income
MEX,2013,9738.71059661101,30.3301601409912,-9.33741366863251,4.186,UMC,Low and Middle Income
MEX,2014,9862.4812534745,31.2052898406982,-6.91049084067344,4.041,UMC,Low and Middle Income
MEX,2015,10021.2386113616,31.9718608856201,-7.66951471567154,3.96,UMC,Low and Middle Income
MEX,2016,10100.5021195819,38.589771270752,-9.8129820227623,3.917,UMC,Low and Middle Income
MEX,2017,10193.7727188313,40.3390693664551,-9.90130722522736,3.763,UMC,Low and Middle Income
MEX,2018,10296.8690940459,41.6382789611816,-10.8604136705399,3.76,UMC,Low and Middle Income
MEX,2019,10159.4448367696,43.0441398620605,-11.1563523411751,3.723,UMC,Low and Middle Income
MEX,2020,9234.64362226594,45.1654510498047,-10.9644913673401,3.383,UMC,Low and Middle Income
MKD,1990,3534.32265095546,17.0110492706299,,5.378,UMC,Low and Middle Income
MKD,1991,3328.63950847977,15.4305000305176,,3.788,UMC,Low and Middle Income
MKD,1992,3146.02235459166,15.9333200454712,,4.13,UMC,Low and Middle Income
MKD,1993,2948.27151752275,15.9066295623779,,3.787,UMC,Low and Middle Income
MKD,1994,2917.05894611342,16.9034595489502,,3.966,UMC,Low and Middle Income
MKD,1995,2876.0722287817,18.1758499145508,,3.966,UMC,Low and Middle Income
MKD,1996,2889.88516353778,18.3413791656494,-5.2295783162117,4.679,UMC,Low and Middle Income
MKD,1997,2954.5238308875,18.9666194915771,,4.169,UMC,Low and Middle Income
MKD,1998,3038.13983382569,19.633279800415,-5.63836950063706,4.735,UMC,Low and Middle Income
MKD,1999,3154.84918240006,21.3615303039551,,4.288,UMC,Low and Middle Income
MKD,2000,3283.37934095351,22.4084796905518,-10.1417338252068,4.116,UMC,Low and Middle Income
MKD,2001,3169.32514368931,24.3628692626953,,4.013,UMC,Low and Middle Income
MKD,2002,3240.11064526089,26.8072891235352,-9.79716831445694,3.778,UMC,Low and Middle Income
MKD,2003,3307.92040834712,27.8220596313477,-8.6151277422905,4.1,UMC,Low and Middle Income
MKD,2004,3473.76544811451,28.2504692077637,-3.27679444849492,3.944,UMC,Low and Middle Income
MKD,2005,3657.56307699216,29.7906494140625,-5.05191302299499,4.113,UMC,Low and Middle Income
MKD,2006,3866.74650622977,29.2525997161865,-9.13971644639969,4.141,UMC,Low and Middle Income
MKD,2007,4140.63354809364,35.2432899475098,-7.16215461492539,4.329,UMC,Low and Middle Income
MKD,2008,4392.5507164151,39.6388511657715,-5.44641798734665,4.315,UMC,Low and Middle Income
MKD,2009,4405.20045750867,39.837718963623,-4.962183624506,4.002,UMC,Low and Middle Income
MKD,2010,4582.36517512347,38.147590637207,-5.13754168152809,3.988,UMC,Low and Middle Income
MKD,2011,4711.13027870081,,-4.58165127038956,4.324,UMC,Low and Middle Income
MKD,2012,4708.05168535923,39.7961082458496,-4.2766933143139,4.171,UMC,Low and Middle Income
MKD,2013,4863.68088666968,38.9499015808105,-3.92364338040352,3.702,UMC,Low and Middle Income
MKD,2014,5053.75001236367,39.3214912414551,-0.946689423173666,3.587,UMC,Low and Middle Income
MKD,2015,5262.68671928674,42.0811805725098,-3.97280976176262,3.393,UMC,Low and Middle Income
MKD,2016,5429.94678358359,,-5.78464576601982,3.368,UMC,Low and Middle Income
MKD,2017,5510.81862920922,43.5097694396973,-5.20408606529236,3.653,UMC,Low and Middle Income
MKD,2018,5698.39334484489,43.8547897338867,-5.17585650086403,3.466,UMC,Low and Middle Income
MKD,2019,5961.58475399191,43.1991004943848,-5.13337305188179,4.018,UMC,Low and Middle Income
MKD,2020,5743.72649424581,43.782169342041,-1.73065247386694,3.729,UMC,Low and Middle Income
MLT,1990,10067.7473125276,,,6.598,HIC,High Income
MLT,1991,10413.1745543774,,,6.118,HIC,High Income
MLT,1992,10789.7618108966,,,6.119,HIC,High Income
MLT,1993,11161.1923768418,,,7.629,HIC,High Income
MLT,1994,11682.1516222446,,,6.969,HIC,High Income
MLT,1995,12336.7855166478,,,6.377,HIC,High Income
MLT,1996,12719.0092297471,,17.9174815416337,6.537,HIC,High Income
MLT,1997,13286.7107759756,,,6.543,HIC,High Income
MLT,1998,13877.2477535633,,21.4406079053879,6.412,HIC,High Income
MLT,1999,14446.3492424862,,,6.482,HIC,High Income
MLT,2000,17178.3693621174,,23.1905994415284,6.172,HIC,High Income
MLT,2001,16920.7229743513,24.9949493408203,,6.794,HIC,High Income
MLT,2002,17255.4217709726,24.2556896209717,25.0740256309509,6.774,HIC,High Income
MLT,2003,17775.4180936551,30.0867691040039,26.1793143749237,7.253,HIC,High Income
MLT,2004,17728.3576050982,26.6235694885254,22.3263961076736,6.935,HIC,High Income
MLT,2005,18123.2601873346,32.2053604125977,24.0697790384292,6.411,HIC,High Income
MLT,2006,18479.2043785147,31.2252807617188,26.4456527233124,6.391,HIC,High Income
MLT,2007,19342.3162783941,34.6690711975098,27.4197380542755,6.538,HIC,High Income
MLT,2008,20064.4517895547,33.3216094970703,27.4322196245193,6.495,HIC,High Income
MLT,2009,19635.9067186725,35.7878684997559,25.0521509647369,6.086,HIC,High Income
MLT,2010,20750.6382477568,36.8344192504883,23.9719084501267,6.197,HIC,High Income
MLT,2011,20867.9213022084,39.4486618041992,21.7358611822128,6.142,HIC,High Income
MLT,2012,21529.3882643778,42.5473289489746,22.7546402215957,6.444,HIC,High Income
MLT,2013,22626.4876843887,44.4813919067383,22.5380290746689,5.671,HIC,High Income
MLT,2014,23866.0555833557,45.4103507995605,20.2499525547028,5.564,HIC,High Income
MLT,2015,25529.6693210673,48.0389709472656,18.8838759660721,3.815,HIC,High Income
MLT,2016,25969.4999809345,49.2171897888184,16.5297961235046,3.022,HIC,High Income
MLT,2017,28546.6464943104,54.0890197753906,18.9811584949494,3.285,HIC,High Income
MLT,2018,29536.7913868949,57.8407592773438,17.4162510633469,3.194,HIC,High Income
MLT,2019,29522.6480165028,58.4985084533691,15.7368899583817,3.272,HIC,High Income
MLT,2020,27861.80732148,61.4767112731934,15.1002234220505,3.089,HIC,High Income
MNE,1997,4448.0424963957,,,2.969,UMC,Low and Middle Income
MNE,1998,4680.26362026027,,-13.4848248362541,3.123,UMC,Low and Middle Income
MNE,1999,4251.94145360234,,,2.153,UMC,Low and Middle Income
MNE,2000,4391.36753581801,18.111270904541,5.38451424241065,2.39,UMC,Low and Middle Income
MNE,2001,4421.83790075206,18.9315395355225,,2.566,UMC,Low and Middle Income
MNE,2002,4488.00506787032,17.7185001373291,4.65919345617294,2.746,UMC,Low and Middle Income
MNE,2003,4581.10485010973,18.6800899505615,-2.98182412981987,2.941,UMC,Low and Middle Income
MNE,2004,4775.39661599401,22.1096992492676,-3.66625607013702,3.21,UMC,Low and Middle Income
MNE,2005,4967.68285096118,24.9292507171631,-2.35989680886269,3.05,UMC,Low and Middle Income
MNE,2006,5386.53580727982,29.1942901611328,-3.61573296785354,3.254,UMC,Low and Middle Income
MNE,2007,5763.03765244158,36.3274917602539,-3.30265282094478,3.245,UMC,Low and Middle Income
MNE,2008,6149.68269228913,43.55712890625,-1.51137878000736,4.116,UMC,Low and Middle Income
MNE,2009,5768.65438505628,51.6601409912109,-0.281405869871377,2.659,UMC,Low and Middle Income
MNE,2010,5917.91510729977,55.2963485717773,-1.08143172413111,3.832,UMC,Low and Middle Income
MNE,2011,6110.65726880215,59.0115089416504,-1.00065046548843,3.805,UMC,Low and Middle Income
MNE,2012,5948.37632539014,60.3092498779297,-0.994169913232326,3.493,UMC,Low and Middle Income
MNE,2013,6138.24865275199,60.4347686767578,-0.582773171365261,3.397,UMC,Low and Middle Income
MNE,2014,6272.08821761355,63.2196388244629,0.240633117035031,3.337,UMC,Low and Middle Income
MNE,2015,6421.00005731419,63.9372711181641,-0.704567529261113,3.564,UMC,Low and Middle Income
MNE,2016,6634.38197201003,59.1839218139648,-2.22763235867023,3.228,UMC,Low and Middle Income
MNE,2017,6840.90834101224,60.9102210998535,-1.8195068910718,3.392,UMC,Low and Middle Income
MNE,2018,7159.46778433252,58.1831512451172,0.114870994817466,3.903,UMC,Low and Middle Income
MNE,2019,7470.29237568568,56.2633209228516,-0.047766818664968,4.049,UMC,Low and Middle Income
MNE,2020,6351.95187949313,58.0944709777832,-0.598207877017558,3.954,UMC,Low and Middle Income
MNG,1990,1823.45623781461,18.5528602600098,,4.523,UMC,Low and Middle Income
MNG,1991,1613.69985423318,16.260929107666,,5.429,UMC,Low and Middle Income
MNG,1992,1462.6746723198,14.4373903274536,,4.887,UMC,Low and Middle Income
MNG,1993,1418.0656069858,12.4017696380615,,4.044,UMC,Low and Middle Income
MNG,1994,1432.28072706305,12.822790145874,,3.411,UMC,Low and Middle Income
MNG,1995,1499.26495210763,14.1376399993897,,3.355,UMC,Low and Middle Income
MNG,1996,1509.32921132514,15.7019596099853,3.42397625744344,3.358,UMC,Low and Middle Income
MNG,1997,1546.08098489924,17.720329284668,,3.187,UMC,Low and Middle Income
MNG,1998,1575.67716165836,20.3455009460449,4.1309921592474,3.159,UMC,Low and Middle Income
MNG,1999,1601.31353865438,25.9451408386231,,3.076,UMC,Low and Middle Income
MNG,2000,1598.31282040605,29.2760200500488,0.0086442650062963,3.027,UMC,Low and Middle Income
MNG,2001,1625.46152259484,33.2865905761719,,3.15,UMC,Low and Middle Income
MNG,2002,1680.65335337555,34.7981109619141,4.095691293478,3.279,UMC,Low and Middle Income
MNG,2003,1775.64906676137,36.878849029541,5.07587605714797,3.146,UMC,Low and Middle Income
MNG,2004,1942.36263694017,39.5999908447266,3.04011629521847,3.343,UMC,Low and Middle Income
MNG,2005,2060.26168223171,43.4830207824707,-3.70606932044029,3.322,UMC,Low and Middle Income
MNG,2006,2209.74321787628,46.8148307800293,-5.38422140479087,3.591,UMC,Low and Middle Income
MNG,2007,2403.72416258662,46.9772300720215,-5.79157778620719,4.585,UMC,Low and Middle Income
MNG,2008,2576.71295838607,49.1745986938477,-5.69243350625038,4.524,UMC,Low and Middle Income
MNG,2009,2498.72967493254,53.1806716918945,-4.47738334536552,4.889,UMC,Low and Middle Income
MNG,2010,2611.67326563924,56.0776786804199,-6.20230028033256,5.098,UMC,Low and Middle Income
MNG,2011,3010.81642672623,56.7482133834947,-4.45857739448548,7.784,UMC,Low and Middle Income
MNG,2012,3318.16496597089,61.3067016601562,-6.24261510372162,12.519,UMC,Low and Middle Income
MNG,2013,3628.90708069575,64.8171691894531,-6.15718382596969,15.245,UMC,Low and Middle Income
MNG,2014,3830.35892049593,66.6792297363281,-5.62652310729027,10.171,UMC,Low and Middle Income
MNG,2015,3838.92126989984,70.3587265014648,-6.57427990436554,7.821,UMC,Low and Middle Income
MNG,2016,3817.91962716702,65.2477111816406,-3.79488755762577,8.428,UMC,Low and Middle Income
MNG,2017,3956.2049437134,64.4055709838867,-5.32254314422607,10.997,UMC,Low and Middle Income
MNG,2018,4183.85566447661,65.1030502319336,-4.67660450935364,14.307,UMC,Low and Middle Income
MNG,2019,4337.8167085432,67.970817565918,-4.32181940972805,14.578,UMC,Low and Middle Income
MNG,2020,4066.03410882791,66.2557467107749,-4.49056044220924,12.908,UMC,Low and Middle Income
MOZ,1990,221.048981086396,,,0.078,LIC,Low and Middle Income
MOZ,1991,227.4627362365,,,0.071,LIC,Low and Middle Income
MOZ,1992,206.194607588583,0.368429988622665,,0.075,LIC,Low and Middle Income
MOZ,1993,221.624579964898,0.408349990844727,,0.081,LIC,Low and Middle Income
MOZ,1994,220.478583291331,0.453289985656738,,0.073,LIC,Low and Middle Income
MOZ,1995,212.086249862904,0.450109988451004,,0.071,LIC,Low and Middle Income
MOZ,1996,227.198486695187,0.470349997282028,-13.6967288255692,0.066,LIC,Low and Middle Income
MOZ,1997,247.184945629196,,,0.069,LIC,Low and Middle Income
MOZ,1998,266.672705397492,,-14.1479804515839,0.064,LIC,Low and Middle Income
MOZ,1999,291.560018665606,0.602349996566772,,0.066,LIC,Low and Middle Income
MOZ,2000,287.390630344484,0.613489985466003,-13.6352572441101,0.073,LIC,Low and Middle Income
MOZ,2001,317.185703581034,0.602580010890961,,0.084,LIC,Low and Middle Income
MOZ,2002,340.13537022259,0.682079970836639,-12.4471643567085,0.081,LIC,Low and Middle Income
MOZ,2003,356.521157404125,0.928529977798462,-11.9268668889999,0.096,LIC,Low and Middle Income
MOZ,2004,377.064958084878,1.15550994873047,-11.5609181523323,0.094,LIC,Low and Middle Income
MOZ,2005,391.699758163976,1.43202996253967,-10.7736551165581,0.087,LIC,Low and Middle Income
MOZ,2006,420.526462764726,2.12770009040833,-10.5396342873573,0.092,LIC,Low and Middle Income
MOZ,2007,442.049574057751,3.03946995735169,-10.3559491038322,0.103,LIC,Low and Middle Income
MOZ,2008,460.94729485679,3.51939988136292,-10.4831875562668,0.1,LIC,Low and Middle Income
MOZ,2009,475.788178051193,3.82146000862122,-10.2069413661957,0.109,LIC,Low and Middle Income
MOZ,2010,494.162859074785,4.6029332896014,-8.28999236226082,0.115,LIC,Low and Middle Income
MOZ,2011,514.869957191994,4.903703492415,-9.85737735033035,0.131,LIC,Low and Middle Income
MOZ,2012,540.2945177803,5.19951373358179,-10.1788026094437,0.125,LIC,Low and Middle Income
MOZ,2013,559.393953685688,5.59344755668074,-13.9405519962311,0.143,LIC,Low and Middle Income
MOZ,2014,585.266716133984,6.25049132527997,-13.754486322403,0.315,LIC,Low and Middle Income
MOZ,2015,610.563774706589,6.73181717702859,-14.7212181687355,0.254,LIC,Low and Middle Income
MOZ,2016,620.779714954555,7.34197304077013,-18.2408053874969,0.313,LIC,Low and Middle Income
MOZ,2017,618.397694360334,7.24573099191356,-17.0917373895646,0.245,LIC,Low and Middle Income
MOZ,2018,621.153734194787,7.4630510423433,-18.1055096387863,0.242,LIC,Low and Middle Income
MOZ,2019,617.13932000195,,-18.0700591802597,0.237,LIC,Low and Middle Income
MOZ,2020,591.804059985932,,-18.1328388452529,0.206,LIC,Low and Middle Income
MRT,1990,1441.35013214637,3.07737994194031,,0.437,LMC,Low and Middle Income
MRT,1991,1424.8845274987,2.74047994613648,,0.432,LMC,Low and Middle Income
MRT,1992,1397.09016927143,2.9126501083374,,0.433,LMC,Low and Middle Income
MRT,1993,1420.51487247759,3.51754999160767,,0.426,LMC,Low and Middle Income
MRT,1994,1331.04721876353,3.48554992675781,,0.427,LMC,Low and Middle Income
MRT,1995,1422.1984656624,3.42460989952087,,0.439,LMC,Low and Middle Income
MRT,1996,1475.48821595821,3.70655989646912,-8.56159621477127,0.451,LMC,Low and Middle Income
MRT,1997,1384.62072172965,3.99486994743347,,0.447,LMC,Low and Middle Income
MRT,1998,1386.65535143801,3.90360999107361,-7.77123761177063,0.434,LMC,Low and Middle Income
MRT,1999,1399.6677525752,4.19634008407593,,0.431,LMC,Low and Middle Income
MRT,2000,1307.91078676112,,-6.89560499787331,0.426,LMC,Low and Middle Income
MRT,2001,1265.81694335882,3.47914004325867,,0.438,LMC,Low and Middle Income
MRT,2002,1255.23785465583,3.0836501121521,-8.27083277702332,0.456,LMC,Low and Middle Income
MRT,2003,1311.83928290699,3.29281997680664,-10.4843538403511,0.459,LMC,Low and Middle Income
MRT,2004,1342.01926086998,3.34153008460998,-12.8849231600761,0.483,LMC,Low and Middle Income
MRT,2005,1422.08355395812,3.07908010482788,-12.3280635476112,0.488,LMC,Low and Middle Income
MRT,2006,1641.14052210995,3.48698997497559,-13.440947830677,0.514,LMC,Low and Middle Income
MRT,2007,1567.52103874761,3.95002007484436,-11.9355334639549,0.568,LMC,Low and Middle Income
MRT,2008,1518.05671993749,4.07179021835327,-19.7225832939149,0.575,LMC,Low and Middle Income
MRT,2009,1472.73229282851,4.12409019470215,-13.8544152975082,0.613,LMC,Low and Middle Income
MRT,2010,1463.84763242531,4.66769636853479,-15.2598605751991,0.617,LMC,Low and Middle Income
MRT,2011,1476.23923867862,5.06647175812938,-15.8052184581757,0.636,LMC,Low and Middle Income
MRT,2012,1492.69966692583,5.49335070425997,-15.9711844325066,0.676,LMC,Low and Middle Income
MRT,2013,1506.66419033006,5.79601450584933,-17.1500070095062,0.581,LMC,Low and Middle Income
MRT,2014,1524.45340969502,,-14.8426722288132,0.666,LMC,Low and Middle Income
MRT,2015,1558.84205473416,5.88425001273035,-15.1351233124733,0.757,LMC,Low and Middle Income
MRT,2016,1531.87725661699,5.56245834327609,-12.6467117071152,0.642,LMC,Low and Middle Income
MRT,2017,1580.01453100123,5.15614020144375,-10.4721391201019,0.851,LMC,Low and Middle Income
MRT,2018,1606.91539159026,5.13275480775448,-11.9834812879562,1.025,LMC,Low and Middle Income
MRT,2019,1609.15396170643,5.88823986461851,-10.2892659902573,1.033,LMC,Low and Middle Income
MRT,2020,1557.19511875153,5.97194330025359,-10.2391896247864,1.039,LMC,Low and Middle Income
MUS,1990,3846.40593009531,3.39674997329712,,1.342,UMC,Low and Middle Income
MUS,1991,3973.88222302181,4.01713991165161,,1.379,UMC,Low and Middle Income
MUS,1992,4177.36265335488,,,1.528,UMC,Low and Middle Income
MUS,1993,4337.92493399566,5.99556016921997,,1.566,UMC,Low and Middle Income
MUS,1994,4454.5426070274,5.4636402130127,,1.416,UMC,Low and Middle Income
MUS,1995,4605.76436655081,5.95722007751465,,1.576,UMC,Low and Middle Income
MUS,1996,4813.64243758838,6.69427013397217,15.2293831706047,1.663,UMC,Low and Middle Income
MUS,1997,5024.11496458349,6.51308012008667,,1.686,UMC,Low and Middle Income
MUS,1998,5273.4376456861,,17.2915892601012,1.815,UMC,Low and Middle Income
MUS,1999,5342.7700968418,9.55496025085449,,2.011,UMC,Low and Middle Income
MUS,2000,5724.49584395791,10.6760301589966,16.056633234024,2.211,UMC,Low and Middle Income
MUS,2001,5869.56961565396,16.4485702514648,,2.334,UMC,Low and Middle Income
MUS,2002,5923.09482066607,15.1241102218628,17.0013719797135,2.337,UMC,Low and Middle Income
MUS,2003,6228.82545560651,15.7577295303345,15.7174887657166,2.463,UMC,Low and Middle Income
MUS,2004,6457.90977761094,17.2851009368896,15.2950031161308,2.471,UMC,Low and Middle Income
MUS,2005,6533.89994300683,21.0529594421387,16.0011308789253,2.62,UMC,Low and Middle Income
MUS,2006,6819.92708580325,23.6054592132568,14.1161209344864,2.87,UMC,Low and Middle Income
MUS,2007,7180.23173197486,24.5238494873047,14.4708952307701,2.903,UMC,Low and Middle Income
MUS,2008,7545.15683789094,27.0272006988525,15.9531146287918,2.955,UMC,Low and Middle Income
MUS,2009,7778.25811331163,31.3993797302246,15.2562603950501,2.899,UMC,Low and Middle Income
MUS,2010,8100.95282599507,33.0799908955061,15.0836614966393,3.051,UMC,Low and Middle Income
MUS,2011,8423.28220250903,34.2265053809565,15.9001849889755,3.045,UMC,Low and Middle Income
MUS,2012,8694.84560747968,40.3749497386409,17.4072550535203,3.075,UMC,Low and Middle Income
MUS,2013,8968.51243536773,41.4023953525386,16.4291158914566,3.15,UMC,Low and Middle Income
MUS,2014,9297.64820128968,40.0382004235695,16.1308746933937,3.256,UMC,Low and Middle Income
MUS,2015,9630.5437837507,37.760738643162,14.4135392308235,3.258,UMC,Low and Middle Income
MUS,2016,9997.89198315532,38.4107692617261,11.7598706483841,3.361,UMC,Low and Middle Income
MUS,2017,10383.8832682578,39.6618786560902,11.4506059885025,3.517,UMC,Low and Middle Income
MUS,2018,10805.4615213739,40.4078098261963,12.1493850946426,3.457,UMC,Low and Middle Income
MUS,2019,11111.3423669526,42.9878710798151,11.886959195137,3.518,UMC,Low and Middle Income
MUS,2020,9533.5982796049,42.5378418595105,15.2213286757469,2.961,UMC,Low and Middle Income
MWI,1990,353.771303717595,0.516950011253357,,0.077,LIC,Low and Middle Income
MWI,1991,372.997561772469,0.53711998462677,,0.08,LIC,Low and Middle Income
MWI,1992,335.726543539643,0.540430009365082,,0.078,LIC,Low and Middle Income
MWI,1993,362.930995399017,0.539810001850128,,0.085,LIC,Low and Middle Income
MWI,1994,329.584099900642,0.574460029602051,,0.089,LIC,Low and Middle Income
MWI,1995,385.279714072363,0.589349985122681,,0.089,LIC,Low and Middle Income
MWI,1996,405.397063690478,0.597699999809265,-6.4032983481884,0.089,LIC,Low and Middle Income
MWI,1997,412.4131068375,,,0.087,LIC,Low and Middle Income
MWI,1998,419.313245170577,,-7.22036546468734,0.084,LIC,Low and Middle Income
MWI,1999,422.099909963762,0.309139996767044,,0.081,LIC,Low and Middle Income
MWI,2000,418.592985038462,0.331539988517761,-8.97198534011841,0.075,LIC,Low and Middle Income
MWI,2001,388.260039763569,0.364780008792877,,0.067,LIC,Low and Middle Income
MWI,2002,385.308980237095,0.385289996862411,-6.64558500051499,0.072,LIC,Low and Middle Income
MWI,2003,397.224846758815,0.391519993543625,-3.06529526412486,0.075,LIC,Low and Middle Income
MWI,2004,408.064916052765,0.462709993124008,-2.21719521284103,0.072,LIC,Low and Middle Income
MWI,2005,410.267979592536,0.45329999923706,-2.10463701933622,0.066,LIC,Low and Middle Income
MWI,2006,417.877689776503,0.479409992694855,-3.77801010012627,0.065,LIC,Low and Middle Income
MWI,2007,445.254305419586,0.477120012044907,-2.82725298404693,0.068,LIC,Low and Middle Income
MWI,2008,465.55147298007,,-2.00529337674379,0.071,LIC,Low and Middle Income
MWI,2009,489.631418790158,,-1.99671103060246,0.071,LIC,Low and Middle Income
MWI,2010,508.088650552846,1.26225889832108,-2.33952356874943,0.066,LIC,Low and Middle Income
MWI,2011,517.833736624232,1.55183037174754,-2.81704647839069,0.068,LIC,Low and Middle Income
MWI,2012,512.74031797451,0.838820281170415,-4.09372451901435,0.066,LIC,Low and Middle Income
MWI,2013,525.357645516557,,-2.76370882987976,0.069,LIC,Low and Middle Income
MWI,2014,539.562601918057,0.827777867221161,-4.90990263223649,0.061,LIC,Low and Middle Income
MWI,2015,539.605363240686,0.809801002249246,-5.5573590695858,0.061,LIC,Low and Middle Income
MWI,2016,538.221990810959,,-6.67297568917274,0.067,LIC,Low and Middle Income
MWI,2017,544.795729220349,,-6.64807626605034,0.066,LIC,Low and Middle Income
MWI,2018,553.528790902088,1.6942403485732,-6.84505414962768,0.091,LIC,Low and Middle Income
MWI,2019,569.866249371948,,-5.81866183876991,0.089,LIC,Low and Middle Income
MWI,2020,559.447086086067,2.40217380732134,-4.70036551356316,0.096,LIC,Low and Middle Income
MYS,1990,4184.76072928976,7.25777006149292,,3.043,UMC,Low and Middle Income
MYS,1991,4456.93133148159,8.06015014648438,,3.586,UMC,Low and Middle Income
MYS,1992,4726.13789172987,9.16376972198486,,3.874,UMC,Low and Middle Income
MYS,1993,5062.5911043705,9.45715999603271,,4.482,UMC,Low and Middle Income
MYS,1994,5390.10167606966,10.3980398178101,,4.415,UMC,Low and Middle Income
MYS,1995,5771.35211956083,11.2613296508789,,5.391,UMC,Low and Middle Income
MYS,1996,6190.46429134886,,8.8585467338562,5.281,UMC,Low and Middle Income
MYS,1997,6480.55649455855,,,5.542,UMC,Low and Middle Income
MYS,1998,5857.96702940857,22.9279899597168,4.80003568530082,5.011,UMC,Low and Middle Income
MYS,1999,6070.95621987091,24.1853408813477,,4.635,UMC,Low and Middle Income
MYS,2000,6455.61419792583,27.5522994995117,3.32091742753983,5.35,UMC,Low and Middle Income
MYS,2001,6334.92795651698,26.960880279541,,5.564,UMC,Low and Middle Income
MYS,2002,6516.90671560155,28.92991065979,6.68288379907608,5.478,UMC,Low and Middle Income
MYS,2003,6732.92049458099,31.2641696929932,7.92327758669853,6.215,UMC,Low and Middle Income
MYS,2004,7025.34558004381,29.779899597168,7.80198454856872,6.718,UMC,Low and Middle Income
MYS,2005,7234.02442689141,27.1163005828857,7.36857169866562,6.579,UMC,Low and Middle Income
MYS,2006,7469.8106921211,27.6703605651856,7.63486698269844,6.441,UMC,Low and Middle Income
MYS,2007,7769.59693350488,29.375789642334,6.23690021038055,6.499,UMC,Low and Middle Income
MYS,2008,7976.11785374773,32.9037017822266,4.20382563769817,6.995,UMC,Low and Middle Income
MYS,2009,7700.46111294033,35.0602111816406,6.35605269670487,6.831,UMC,Low and Middle Income
MYS,2010,8118.92270511981,36.6774305573553,6.69613748788834,6.957,UMC,Low and Middle Income
MYS,2011,8400.32248683558,35.5661790570975,6.84473586082459,6.977,UMC,Low and Middle Income
MYS,2012,8710.52671359902,36.825516807355,6.45608055591583,7.18,UMC,Low and Middle Income
MYS,2013,8964.80724896203,38.0700970900265,5.80339241027832,8.009,UMC,Low and Middle Income
MYS,2014,9341.73055971278,38.3919142029325,8.91053551435471,7.983,UMC,Low and Middle Income
MYS,2015,9648.6797937523,44.289909239243,6.90746229887008,7.554,UMC,Low and Middle Income
MYS,2016,9901.47960179812,45.4034659569972,6.65658363699913,7.464,UMC,Low and Middle Income
MYS,2017,10293.7629205362,42.293211695146,6.65656998753548,7.555,UMC,Low and Middle Income
MYS,2018,10610.1950240479,43.3100279300797,9.06843054294586,7.981,UMC,Low and Middle Income
MYS,2019,10902.9834855856,40.8082966813944,8.42713466286659,8.303,UMC,Low and Middle Income
MYS,2020,10171.4657842762,39.7445667367633,9.79968476295471,7.736,UMC,Low and Middle Income
NAM,1990,2857.33777498196,,,,LMC,Low and Middle Income
NAM,1991,2989.40001637296,2.84932994842529,,0.738,LMC,Low and Middle Income
NAM,1992,3104.24536078011,,,0.78,LMC,Low and Middle Income
NAM,1993,2959.27503800966,,,0.911,LMC,Low and Middle Income
NAM,1994,2918.37740296161,6.21911001205444,,1.001,LMC,Low and Middle Income
NAM,1995,2945.36226956201,7.09803009033203,,1.011,LMC,Low and Middle Income
NAM,1996,2958.24060697383,,4.27400863170624,1.044,LMC,Low and Middle Income
NAM,1997,3004.30804359997,5.32100009918213,,1.074,LMC,Low and Middle Income
NAM,1998,3025.32668011049,6.53711986541748,3.02797847986221,1.076,LMC,Low and Middle Income
NAM,1999,3050.46098873323,,,0.98,LMC,Low and Middle Income
NAM,2000,3083.59657884697,,2.0421364530921,0.945,LMC,Low and Middle Income
NAM,2001,3055.40444831936,7.40269994735718,,1.202,LMC,Low and Middle Income
NAM,2002,3145.94566281247,6.05016994476318,4.7435048520565,1.043,LMC,Low and Middle Income
NAM,2003,3232.30589658857,6.39102983474731,4.89898592233658,1.091,LMC,Low and Middle Income
NAM,2004,3582.89503259701,,-0.383133536204695,1.153,LMC,Low and Middle Income
NAM,2005,3627.75059772278,7.1070499420166,-1.12393750995398,1.287,LMC,Low and Middle Income
NAM,2006,3834.99894666178,6.75277996063232,3.33940444886685,1.267,LMC,Low and Middle Income
NAM,2007,3987.61796106565,,2.73322905600072,1.153,LMC,Low and Middle Income
NAM,2008,4036.38187484707,9.49368953704834,7.443608045578,1.396,LMC,Low and Middle Income
NAM,2009,3989.20711387651,,4.28576317429543,1.28,LMC,Low and Middle Income
NAM,2010,4165.12990200988,,3.64103125035762,1.322,LMC,Low and Middle Income
NAM,2011,4302.72451368462,,2.77293996512891,1.298,LMC,Low and Middle Income
NAM,2012,4420.96741373862,16.9048603106683,5.16922944784164,1.455,LMC,Low and Middle Income
NAM,2013,4549.26759093897,17.4603999838663,5.4234633743763,1.334,LMC,Low and Middle Income
NAM,2014,4701.95694189098,18.4653069281067,3.5091404914856,1.34,LMC,Low and Middle Income
NAM,2015,4774.10650865775,19.6551504993361,4.09643061459064,1.429,LMC,Low and Middle Income
NAM,2016,4648.62713460213,21.4367036193,7.83354088664054,1.469,LMC,Low and Middle Income
NAM,2017,4476.73324402105,22.4801755471009,4.76615783572197,1.432,LMC,Low and Middle Income
NAM,2018,4400.47537705743,23.7001690404035,5.66715520620346,1.41,LMC,Low and Middle Income
NAM,2019,4243.09274481966,25.8966511201824,6.25348061323166,1.407,LMC,Low and Middle Income
NAM,2020,3787.49943973286,25.9870484145026,5.74260857701302,1.261,LMC,Low and Middle Income
NER,1990,465.923889536505,0.630980014801025,,0.072,LIC,Low and Middle Income
NER,1991,449.719266854731,,,0.066,LIC,Low and Middle Income
NER,1992,444.632775312455,0.599449992179871,,0.059,LIC,Low and Middle Income
NER,1993,432.184449587188,,,0.066,LIC,Low and Middle Income
NER,1994,426.267506763664,,,0.061,LIC,Low and Middle Income
NER,1995,422.523153898523,,,0.057,LIC,Low and Middle Income
NER,1996,409.039358698404,,-11.1352447271347,0.064,LIC,Low and Middle Income
NER,1997,401.724988110363,,,0.062,LIC,Low and Middle Income
NER,1998,427.086030331896,,-11.6195525527,0.065,LIC,Low and Middle Income
NER,1999,411.735699209485,,,0.061,LIC,Low and Middle Income
NER,2000,392.898616941042,,-13.0125537514687,0.059,LIC,Low and Middle Income
NER,2001,406.923493665264,,,0.054,LIC,Low and Middle Income
NER,2002,412.123793192578,,-10.9960424900055,0.055,LIC,Low and Middle Income
NER,2003,406.333757497876,0.827859997749329,-8.88173562288284,0.058,LIC,Low and Middle Income
NER,2004,393.398781453199,0.796029984951019,-11.0407797694206,0.06,LIC,Low and Middle Income
NER,2005,407.190931059924,0.951579988002777,-12.2636443376541,0.05,LIC,Low and Middle Income
NER,2006,415.852022114801,0.960169970989227,-10.2267286777496,0.047,LIC,Low and Middle Income
NER,2007,413.419126261066,0.905510008335114,-10.4212022423744,0.048,LIC,Low and Middle Income
NER,2008,429.195542798877,1.03770005702972,-11.5754880905151,0.052,LIC,Low and Middle Income
NER,2009,421.650901333136,1.25635004043579,-8.3616169989109,0.06,LIC,Low and Middle Income
NER,2010,441.079166112039,1.30152108043912,-8.48581004142761,0.07,LIC,Low and Middle Income
NER,2011,434.986264873953,1.34816649944538,-6.9308600127697,0.076,LIC,Low and Middle Income
NER,2012,463.066265496402,1.54284142561837,-11.2874463200569,0.104,LIC,Low and Middle Income
NER,2013,469.690214200878,,-11.3255380392075,0.112,LIC,Low and Middle Income
NER,2014,482.74524741946,,-11.0620504021645,0.117,LIC,Low and Middle Income
NER,2015,485.662574175279,3.24257822413642,-10.0353897213936,0.11,LIC,Low and Middle Income
NER,2016,488.184823801581,3.45043638449437,-11.608121573925,0.104,LIC,Low and Middle Income
NER,2017,497.172608329608,3.66741981878978,-11.9455735683441,0.105,LIC,Low and Middle Income
NER,2018,513.423699765289,4.33801956751366,-10.2391648292542,0.081,LIC,Low and Middle Income
NER,2019,526.60361746086,4.15170730347346,-9.39868712425232,0.11,LIC,Low and Middle Income
NER,2020,532.208221196997,,-9.71741503477097,0.128,LIC,Low and Middle Income
NLD,1990,31308.9023923163,,,10.847,HIC,High Income
NLD,1991,31820.8200188143,,,11.314,HIC,High Income
NLD,1992,32119.9405340091,,,11.212,HIC,High Income
NLD,1993,32297.9651797151,,,11.123,HIC,High Income
NLD,1994,33054.4378569838,,,11.104,HIC,High Income
NLD,1995,33916.4887954068,,,11.146,HIC,High Income
NLD,1996,34915.1788311903,,28.8193681240082,11.671,HIC,High Income
NLD,1997,36211.6548633578,,,11.159,HIC,High Income
NLD,1998,37661.7102516626,,29.6229712963105,11.145,HIC,High Income
NLD,1999,39298.7167162926,,,10.731,HIC,High Income
NLD,2000,40665.3000211594,,29.6570154428482,10.72,HIC,High Income
NLD,2001,41297.284710124,52.9789810180664,,10.966,HIC,High Income
NLD,2002,41135.4020353856,54.2512283325195,29.0234100818634,10.851,HIC,High Income
NLD,2003,40981.839972092,54.9959297180176,29.0610432624817,11.008,HIC,High Income
NLD,2004,41663.1290344572,56.7709884643555,29.5463451147079,11.086,HIC,High Income
NLD,2005,42411.3480862811,58.7895011901855,29.7945883274079,10.818,HIC,High Income
NLD,2006,43841.0915818567,59.8265113830566,30.085685133934,10.506,HIC,High Income
NLD,2007,45445.542186196,60.3940391540527,30.0878798961639,10.467,HIC,High Income
NLD,2008,46227.1987545514,61.0170593261719,29.7436953783036,10.598,HIC,High Income
NLD,2009,44304.4041948677,61.4280090332031,30.7193411588669,10.215,HIC,High Income
NLD,2010,44659.2793901474,63.7049789428711,30.7994449138641,10.88,HIC,High Income
NLD,2011,45239.7198745589,75.518798828125,30.8137483596801,10.05,HIC,High Income
NLD,2012,44631.8855633239,75.8141632080078,31.495589852333,9.799,HIC,High Income
NLD,2013,44487.0378593394,,31.0304881334305,9.72,HIC,High Income
NLD,2014,45042.0515907444,,33.549130320549,9.249,HIC,High Income
NLD,2015,45793.8135434697,80.1601486206055,32.5083860158921,9.584,HIC,High Income
NLD,2016,46655.0340264754,79.8454895019531,31.4757449626922,9.579,HIC,High Income
NLD,2017,47670.0858101833,83.2009887695312,29.984271645546,9.373,HIC,High Income
NLD,2018,48463.0055608731,83.652473449707,29.7562829256058,9.085,HIC,High Income
NLD,2019,49254.024789064,,29.5970075130463,8.709,HIC,High Income
NLD,2020,47086.5674755497,85.3370819091797,29.1475455760956,7.766,HIC,High Income
NOR,1990,49851.0329994152,,,8.254,HIC,High Income
NOR,1991,51032.3512657967,,,7.853,HIC,High Income
NOR,1992,52547.0912157066,,,8.026,HIC,High Income
NOR,1993,53735.9945035246,,,8.337,HIC,High Income
NOR,1994,56123.4582597097,,,8.731,HIC,High Income
NOR,1995,58151.5422795873,,,8.825,HIC,High Income
NOR,1996,60732.7551542334,,32.6963598728179,9.482,HIC,High Income
NOR,1997,63480.1841751685,,,9.454,HIC,High Income
NOR,1998,64823.4786672121,,33.1470116376877,9.441,HIC,High Income
NOR,1999,65786.3001204135,,,9.55,HIC,High Income
NOR,2000,67611.3411021859,,31.1248837709428,9.381,HIC,High Income
NOR,2001,68725.4043162798,69.9630813598633,,9.642,HIC,High Income
NOR,2002,69352.0430510008,72.3173294067383,31.4288005828858,9.381,HIC,High Income
NOR,2003,69702.361157641,77.970588684082,31.9787719249726,9.622,HIC,High Income
NOR,2004,72292.1208978835,78.612548828125,33.3533658981324,9.638,HIC,High Income
NOR,2005,73933.7446235264,78.4450302124023,32.5121903419495,9.361,HIC,High Income
NOR,2006,75428.8816534082,77.9310684204102,33.4181265830994,9.411,HIC,High Income
NOR,2007,77205.7545984008,77.0373611450195,32.7809646129608,9.685,HIC,High Income
NOR,2008,76876.8705028009,73.5914688110352,33.282371520996,9.373,HIC,High Income
NOR,2009,74688.7531445371,73.0674514770508,31.8494856357575,8.926,HIC,High Income
NOR,2010,74505.4313586335,72.1170806884766,32.1278880834579,9.339,HIC,High Income
NOR,2011,74563.8349085669,71.0614166259766,31.6910270452499,9.04,HIC,High Income
NOR,2012,75669.0612719716,71.7047576904297,33.1675285100937,8.819,HIC,High Income
NOR,2013,75711.2410395262,75.8635787963867,33.506119132042,8.767,HIC,High Income
NOR,2014,76430.7374974687,78.109977722168,34.4139823913574,8.754,HIC,High Income
NOR,2015,77220.9524311414,79.206428527832,33.666694521904,8.772,HIC,High Income
NOR,2016,77532.2750022669,81.8827285766602,34.0041537284852,8.539,HIC,High Income
NOR,2017,78961.7757906168,83.7353363037109,33.7655807733536,8.376,HIC,High Income
NOR,2018,79313.2889434042,85.3883514404297,32.7769885063171,8.372,HIC,High Income
NOR,2019,79937.5097885912,85.7633819580078,33.1023732423782,8.016,HIC,High Income
NOR,2020,78387.0435023102,87.1685333251953,32.9470844268799,7.673,HIC,High Income
NPL,1990,422.724738575869,4.94331979751587,,0.037,LMC,Low and Middle Income
NPL,1991,438.15619419594,5.65020990371704,,0.051,LMC,Low and Middle Income
NPL,1992,443.462044821677,5.17172002792358,,0.06,LMC,Low and Middle Income
NPL,1993,448.13094087379,4.9591498374939,,0.066,LMC,Low and Middle Income
NPL,1994,472.951082824345,4.64684009552002,,0.075,LMC,Low and Middle Income
NPL,1995,477.741099613336,4.26433992385864,,0.104,LMC,Low and Middle Income
NPL,1996,492.212428031946,4.72988986968994,-0.104979428928345,0.103,LMC,Low and Middle Income
NPL,1997,506.426874424217,,,0.114,LMC,Low and Middle Income
NPL,1998,511.54871132025,,0.156761047430336,0.094,LMC,Low and Middle Income
NPL,1999,524.27256909301,,,0.132,LMC,Low and Middle Income
NPL,2000,547.221082273632,4.12185001373291,-3.58634813129902,0.124,LMC,Low and Middle Income
NPL,2001,564.28622920391,4.40957021713257,,0.13,LMC,Low and Middle Income
NPL,2002,556.438454538796,4.98775005340576,-8.79769325256348,0.103,LMC,Low and Middle Income
NPL,2003,570.28967363428,4.91134977340698,-10.3807237744331,0.109,LMC,Low and Middle Income
NPL,2004,589.46992868617,5.69477987289429,-12.8016093373299,0.099,LMC,Low and Middle Income
NPL,2005,603.190108570995,7.15422010421753,-14.0286749601364,0.114,LMC,Low and Middle Income
NPL,2006,617.477638588722,7.62671995162964,-10.5636449456215,0.092,LMC,Low and Middle Income
NPL,2007,633.226129136597,9.50374031066895,-10.0096650719643,0.096,LMC,Low and Middle Income
NPL,2008,666.865095417138,10.4749002456665,-11.3782077431679,0.124,LMC,Low and Middle Income
NPL,2009,692.400000816919,10.4467401504517,-14.7528968453407,0.152,LMC,Low and Middle Income
NPL,2010,721.265221364302,13.3236488235053,-16.3041357398033,0.177,LMC,Low and Middle Income
NPL,2011,742.617252662576,13.2867385971183,-15.1573856472969,0.19,LMC,Low and Middle Income
NPL,2012,775.310578479839,,-12.5351078510284,0.199,LMC,Low and Middle Income
NPL,2013,801.039060847856,15.4719563352624,-12.2241784930229,0.225,LMC,Low and Middle Income
NPL,2014,846.665541773599,13.2380540463977,-11.0369905233383,0.274,LMC,Low and Middle Income
NPL,2015,875.543635474862,12.282886814704,-11.7527567744255,0.248,LMC,Low and Middle Income
NPL,2016,875.188943730855,11.0932748536215,-13.7652612924576,0.361,LMC,Low and Middle Income
NPL,2017,951.857298563641,11.4357824790838,-11.7570825815201,0.443,LMC,Low and Middle Income
NPL,2018,1021.91492204011,12.613695863565,-8.30613723397255,0.5,LMC,Low and Middle Income
NPL,2019,1077.11796498188,13.8072821953912,-9.36212742328644,0.449,LMC,Low and Middle Income
NPL,2020,1031.53618783934,14.2002391888535,-8.64443504810333,0.54,LMC,Low and Middle Income
OMN,1990,16629.4556601528,3.60879993438721,,6.398,HIC,High Income
OMN,1991,16805.7218402658,3.75335001945496,,6.297,HIC,High Income
OMN,1992,17404.1314569504,4.22148990631104,,6.168,HIC,High Income
OMN,1993,17694.1605143981,4.19745016098022,,6.574,HIC,High Income
OMN,1994,17848.8187662711,4.31106996536255,,8.39,HIC,High Income
OMN,1995,18398.7242065917,5.00130987167358,,8.873,HIC,High Income
OMN,1996,18639.2039411697,4.77463006973267,9.35271579027176,8.437,HIC,High Income
OMN,1997,19458.9266441148,5.80454015731812,,8.282,HIC,High Income
OMN,1998,19167.755471589,7.2172999382019,7.20752570033074,8.343,HIC,High Income
OMN,1999,18965.2142322448,,,9.799,HIC,High Income
OMN,2000,19881.7364316776,,9.14411813020706,10.51,HIC,High Income
OMN,2001,20546.0554077598,,,9.744,HIC,High Income
OMN,2002,20150.1131971413,,7.65994209051132,11.544,HIC,High Income
OMN,2003,19485.6441506077,14.3313598632812,7.92412266135216,14.622,HIC,High Income
OMN,2004,19534.8601445269,15.1500101089478,8.68814665079116,12.162,HIC,High Income
OMN,2005,19629.0451546015,17.117769241333,5.20646339654923,12.942,HIC,High Income
OMN,2006,20096.3965576134,19.2329597473144,4.86902022361755,16.085,HIC,High Income
OMN,2007,20642.7489563377,20.4086494445801,6.82540756464005,17.629,HIC,High Income
OMN,2008,22007.7338963517,20.4462108612061,9.96389424800873,18.06,HIC,High Income
OMN,2009,22819.1977324647,21.9678993225098,9.34022814035415,16.577,HIC,High Income
OMN,2010,22766.0503620721,27.8526854365953,9.12600272893906,18.651,HIC,High Income
OMN,2011,20993.9079436935,31.5563508791784,7.8512912094593,18.625,HIC,High Income
OMN,2012,19824.1215485946,,8.82033801078796,17.791,HIC,High Income
OMN,2013,19299.9400516869,35.149615885003,8.27898451685905,17.107,HIC,High Income
OMN,2014,18726.2026946971,41.1818561581842,8.25052133202553,16.537,HIC,High Income
OMN,2015,18808.3077921839,45.1898945959512,6.05313915014267,16.221,HIC,High Income
OMN,2016,18830.6057208608,46.8235059845958,6.57195043563843,15.086,HIC,High Income
OMN,2017,18277.945563615,43.5767818520195,6.97726130485535,14.622,HIC,High Income
OMN,2018,18269.6769435562,44.9540216505645,7.48805782198906,15.372,HIC,High Income
OMN,2019,18089.586668488,45.1723183863131,9.03115022182465,15.69,HIC,High Income
OMN,2020,17743.8858800477,48.3754397440909,10.1481496095657,15.886,HIC,High Income
PAK,1990,950.884644833285,2.87730002403259,,0.584,LMC,Low and Middle Income
PAK,1991,966.522495703734,,,0.562,LMC,Low and Middle Income
PAK,1992,1011.6250844611,1.96153998374939,,0.583,LMC,Low and Middle Income
PAK,1993,1001.25854820003,,,0.608,LMC,Low and Middle Income
PAK,1994,1009.06429520182,,,0.643,LMC,Low and Middle Income
PAK,1995,1028.96592446155,,,0.621,LMC,Low and Middle Income
PAK,1996,1047.88663514614,,-10.6299235224724,0.675,LMC,Low and Middle Income
PAK,1997,1028.99804758369,,,0.658,LMC,Low and Middle Income
PAK,1998,1026.50033720969,,-13.4867510795593,0.66,LMC,Low and Middle Income
PAK,1999,1035.49888206288,,,0.66,LMC,Low and Middle Income
PAK,2000,1049.54229686852,,-17.0066167116165,0.671,LMC,Low and Middle Income
PAK,2001,1057.86767778646,,,0.662,LMC,Low and Middle Income
PAK,2002,1059.04171024589,,-15.8378359079361,0.677,LMC,Low and Middle Income
PAK,2003,1090.27523993746,2.37435007095337,-15.6506184339523,0.677,LMC,Low and Middle Income
PAK,2004,1146.99632842666,2.97886991500854,-16.9056394100189,0.728,LMC,Low and Middle Income
PAK,2005,1201.23359367214,4.32808017730713,-15.1354643702507,0.741,LMC,Low and Middle Income
PAK,2006,1243.94142602543,4.39564990997315,-14.5732080340385,0.768,LMC,Low and Middle Income
PAK,2007,1265.35567539842,4.95792007446289,-15.0882587432861,0.804,LMC,Low and Middle Income
PAK,2008,1258.05188934452,4.87824010848999,-16.5344327688217,0.78,LMC,Low and Middle Income
PAK,2009,1269.07432116444,5.97273015975952,-14.2626127004623,0.763,LMC,Low and Middle Income
PAK,2010,1256.69482201323,7.03303843576596,-12.5426942706108,0.74,LMC,Low and Middle Income
PAK,2011,1261.83161907857,7.31739557390399,-15.4126792550087,0.734,LMC,Low and Middle Income
PAK,2012,1275.48806898966,8.33303617018241,-15.0181428790092,0.725,LMC,Low and Middle Income
PAK,2013,1309.70080446386,8.71835995772812,-14.5532373189926,0.702,LMC,Low and Middle Income
PAK,2014,1343.30778121043,8.74569228544475,-12.7672496438026,0.704,LMC,Low and Middle Income
PAK,2015,1380.47020838317,8.43556648904153,-13.1558927893639,0.667,LMC,Low and Middle Income
PAK,2016,1452.18658269177,8.31973903550878,-13.8255597949028,0.803,LMC,Low and Middle Income
PAK,2017,1495.26187528032,8.62228080260493,-12.4124025702476,0.949,LMC,Low and Middle Income
PAK,2018,1561.68169819559,8.20683057963381,-11.5722088813782,0.897,LMC,Low and Middle Income
PAK,2019,1573.8330826937,11.103638528678,-11.6516662836075,0.827,LMC,Low and Middle Income
PAK,2020,1526.00597486307,11.7245978752314,-12.0593054890633,0.917,LMC,Low and Middle Income
PAN,1990,4828.75878297145,20.9681491851807,,1.066,HIC,High Income
PAN,1991,5172.60691959995,22.7339706420898,,1.231,HIC,High Income
PAN,1992,5480.880622945,24.4285793304443,,1.6,HIC,High Income
PAN,1993,5661.07625832598,26.2708797454834,,1.434,HIC,High Income
PAN,1994,5703.67338985136,26.0492897033691,,1.549,HIC,High Income
PAN,1995,5686.40441004349,28.6424999237061,,1.324,HIC,High Income
PAN,1996,5799.88560096133,30.0619602203369,-2.83865921199322,1.581,HIC,High Income
PAN,1997,6122.6466478841,,,1.612,HIC,High Income
PAN,1998,6504.97011881774,37.6058883666992,-2.21617838740348,2.016,HIC,High Income
PAN,1999,6709.72276088415,39.5324287414551,,1.881,HIC,High Income
PAN,2000,6856.14919005847,42.537109375,-3.1901963353157,1.872,HIC,High Income
PAN,2001,6787.86267897348,41.646728515625,,2.251,HIC,High Income
PAN,2002,6825.17747437166,40.7841186523438,-1.50172628462315,1.825,HIC,High Income
PAN,2003,7037.08165700349,44.2729110717773,-2.38858324289323,1.859,HIC,High Income
PAN,2004,7468.76593139801,43.0450782775879,-1.83071630448103,1.693,HIC,High Income
PAN,2005,7935.87135060821,41.6649894714355,-1.72238728404045,2.035,HIC,High Income
PAN,2006,8557.9801770364,42.6925010681152,-2.63930037617684,2.158,HIC,High Income
PAN,2007,9507.64641073854,42.9214782714844,-2.95967410504818,2.075,HIC,High Income
PAN,2008,10288.1549911493,43.0992698669434,-3.46765846014022,1.945,HIC,High Income
PAN,2009,10267.0633151993,43.0278511047363,-1.65356461703777,2.259,HIC,High Income
PAN,2010,10698.0717633911,43.9639480204278,-1.36498213559389,2.497,HIC,High Income
PAN,2011,11761.4988547604,41.8858795918623,0.43993703648448,2.68,HIC,High Income
PAN,2012,12668.2945474105,43.6626516529234,-3.77542623877525,2.538,HIC,High Income
PAN,2013,13236.8306754449,,-4.30790123343468,2.686,HIC,High Income
PAN,2014,13611.5490809559,44.6253501937764,-1.10064332932234,2.746,HIC,High Income
PAN,2015,14082.6548502728,47.5819435584313,-2.33894828706979,2.69,HIC,High Income
PAN,2016,14474.1243636349,48.3799959758914,0.63175019621849,2.565,HIC,High Income
PAN,2017,15045.5456426827,,0.18779026530683,2.334,HIC,High Income
PAN,2018,15375.6500855703,,-2.64536030590534,2.188,HIC,High Income
PAN,2019,15602.5315209709,,-3.20411357283592,2.94,HIC,High Income
PAN,2020,12647.0914227279,44.9372948646286,-4.79232981801033,1.527,HIC,High Income
PHL,1990,1704.07568899121,23.2742691040039,,0.649,UMC,Low and Middle Income
PHL,1991,1656.38349704781,25.9223308563232,,0.666,UMC,Low and Middle Income
PHL,1992,1624.34939806129,25.0141506195068,,0.725,UMC,Low and Middle Income
PHL,1993,1620.35505833942,,,0.716,UMC,Low and Middle Income
PHL,1994,1654.74613902838,,,0.775,UMC,Low and Middle Income
PHL,1995,1693.80873081644,27.0712604522705,,0.839,UMC,Low and Middle Income
PHL,1996,1752.23800104559,28.5230102539062,1.26669458299875,0.837,UMC,Low and Middle Income
PHL,1997,1800.25913137613,,,0.936,UMC,Low and Middle Income
PHL,1998,1746.52590513282,26.6495494842529,0.46341341175139,0.889,UMC,Low and Middle Income
PHL,1999,1759.42105225652,27.5217990875244,,0.865,UMC,Low and Middle Income
PHL,2000,1793.34761146436,,-6.60499659180641,0.898,UMC,Low and Middle Income
PHL,2001,1807.70892524758,28.6476802825928,,0.857,UMC,Low and Middle Income
PHL,2002,1837.25429286854,28.3481502532959,-6.57123363018036,0.837,UMC,Low and Middle Income
PHL,2003,1892.82161995051,27.230110168457,-9.35654902458191,0.82,UMC,Low and Middle Income
PHL,2004,1978.34489133113,26.5457592010498,-10.692188501358,0.833,UMC,Low and Middle Income
PHL,2005,2037.8776605946,25.823429107666,-5.67026549577713,0.822,UMC,Low and Middle Income
PHL,2006,2110.42044781284,26.2468109130859,-6.917187333107,0.733,UMC,Low and Middle Income
PHL,2007,2209.34651083329,,-7.87255892157555,0.769,UMC,Low and Middle Income
PHL,2008,2264.9462907288,27.1289901733398,-9.35377162694931,0.826,UMC,Low and Middle Income
PHL,2009,2256.72554835463,26.6055793762207,-9.77495419979095,0.801,UMC,Low and Middle Income
PHL,2010,2373.14312064664,27.7549235195177,-9.41449135541916,0.854,UMC,Low and Middle Income
PHL,2011,2416.75212064542,29.0709151463153,-8.6086174249649,0.845,UMC,Low and Middle Income
PHL,2012,2533.74141964959,29.6298942276846,-8.880974650383,0.873,UMC,Low and Middle Income
PHL,2013,2654.41506933978,31.8704183328366,-7.97034132480621,0.929,UMC,Low and Middle Income
PHL,2014,2776.92005909479,33.8741923214799,-6.27946627140046,0.964,UMC,Low and Middle Income
PHL,2015,2909.85818010301,35.8745887819664,-7.03423941135406,1.054,UMC,Low and Middle Income
PHL,2016,3076.3374186759,38.3447414525513,-7.27779203653336,1.126,UMC,Low and Middle Income
PHL,2017,3247.4503878362,33.6841018682349,-8.456717222929,1.235,UMC,Low and Middle Income
PHL,2018,3410.93647976109,28.1166228592308,-9.55083686113357,1.278,UMC,Low and Middle Income
PHL,2019,3575.88170922922,30.0548680110365,-9.69464808702469,1.287,UMC,Low and Middle Income
PHL,2020,3198.66690008413,31.6317598507085,-10.9974171519279,1.173,UMC,Low and Middle Income
POL,1990,5111.3453296443,,,9.889,HIC,High Income
POL,1991,4735.9276980893,,,9.786,HIC,High Income
POL,1992,4840.16858549117,,,9.528,HIC,High Income
POL,1993,5008.34908886395,,,9.53,HIC,High Income
POL,1994,5262.31523522496,,,9.388,HIC,High Income
POL,1995,5671.89573674798,,,9.448,HIC,High Income
POL,1996,6012.95806433166,,13.0474156141281,9.831,HIC,High Income
POL,1997,6391.13172823376,,,9.575,HIC,High Income
POL,1998,6684.11477782234,,13.5790547132492,8.845,HIC,High Income
POL,1999,6998.79475144289,,,8.598,HIC,High Income
POL,2000,7401.57697647848,,10.766323029995,8.294,HIC,High Income
POL,2001,7494.96089503246,56.3456916809082,,8.191,HIC,High Income
POL,2002,7640.99307757777,59.5361404418945,11.397415459156,8.0,HIC,High Income
POL,2003,7915.55424389704,60.6214714050293,8.6749507188797,8.343,HIC,High Income
POL,2004,8323.38773754587,61.7436981201172,7.07721802592278,8.479,HIC,High Income
POL,2005,8598.57681241557,63.7791404724121,7.99155333638191,8.461,HIC,High Income
POL,2006,9137.65850849801,65.0900726318359,6.50694766640663,8.836,HIC,High Income
POL,2007,9760.7042604352,66.9424667358398,6.95422875881195,8.83,HIC,High Income
POL,2008,10187.2017910883,70.2946319580078,9.3605768084526,8.67,HIC,High Income
POL,2009,10446.5289138524,72.6793594360352,10.9793953299522,8.312,HIC,High Income
POL,2010,10808.3975674238,76.5571212768555,12.1101031899452,8.768,HIC,High Income
POL,2011,11370.313427173,75.8021011352539,13.5134479403496,8.726,HIC,High Income
POL,2012,11542.2353368014,75.0382919311523,13.9037650227547,8.518,HIC,High Income
POL,2013,11628.2286809525,73.317268371582,14.2722973227501,8.41,HIC,High Income
POL,2014,12093.1622787394,70.2389678955078,14.8178863525391,8.086,HIC,High Income
POL,2015,12637.5220324406,69.3731994628906,13.7334446907043,8.168,HIC,High Income
POL,2016,13026.1858988718,69.8503799438477,10.1624577045441,8.449,HIC,High Income
POL,2017,13695.6452848724,70.6174621582031,6.86911636590958,8.796,HIC,High Income
POL,2018,14551.0850277089,71.0217437744141,6.47211167216301,8.779,HIC,High Income
POL,2019,15221.3090624454,70.9065017700195,6.70970785617828,8.304,HIC,High Income
POL,2020,15090.2228440113,70.9730377197266,8.90813803672791,7.914,HIC,High Income
PSE,1994,2137.38928909208,,,0.381,LMC,Low and Middle Income
PSE,1995,2189.26513719427,,,0.359,LMC,Low and Middle Income
PSE,1996,2118.82007591199,15.8326501846313,-0.674213148653507,0.377,LMC,Low and Middle Income
PSE,1997,2323.20642242172,18.3967094421387,,0.302,LMC,Low and Middle Income
PSE,1998,2589.20364997364,20.1686706542969,-0.882162943482399,0.492,LMC,Low and Middle Income
PSE,1999,2732.87293952355,22.7711391448975,,0.447,LMC,Low and Middle Income
PSE,2000,2436.01207739636,23.624870300293,-1.64178651571274,0.527,LMC,Low and Middle Income
PSE,2001,2153.45735383203,25.7727699279785,,0.415,LMC,Low and Middle Income
PSE,2002,1836.98042481351,27.5037307739258,-5.92711499333381,0.347,LMC,Low and Middle Income
PSE,2003,2041.60484619659,31.2601299285889,-1.8232307061553,0.375,LMC,Low and Middle Income
PSE,2004,2426.41565630382,35.1719093322754,-4.58038264513015,0.63,LMC,Low and Middle Income
PSE,2005,2632.24627423958,38.400749206543,-5.83481338620185,0.769,LMC,Low and Middle Income
PSE,2006,2540.26763083127,40.1437492370605,-6.65745201706887,0.622,LMC,Low and Middle Income
PSE,2007,2569.98434108953,43.544979095459,-10.6404575705528,0.623,LMC,Low and Middle Income
PSE,2008,2685.98601828464,44.7015686035156,-12.9009137153626,0.536,LMC,Low and Middle Income
PSE,2009,2840.01594969395,43.4091491699219,-5.35161256790161,0.533,LMC,Low and Middle Income
PSE,2010,2927.08101953403,45.0943742403046,-3.55812679231166,0.506,LMC,Low and Middle Income
PSE,2011,3128.10811061384,47.5094364758648,-7.42420426011086,0.546,LMC,Low and Middle Income
PSE,2012,3237.91619995789,47.0416991089195,-7.57691806554794,0.521,LMC,Low and Middle Income
PSE,2013,3309.63120243098,45.2354836861858,-6.81709405779839,0.565,LMC,Low and Middle Income
PSE,2014,3227.84934482645,44.8451220304662,-6.52073958516121,0.642,LMC,Low and Middle Income
PSE,2015,3272.15432360708,46.0871831764203,-8.88983905315399,0.664,LMC,Low and Middle Income
PSE,2016,3483.09903532972,45.3924907557838,-6.10113695263863,0.698,LMC,Low and Middle Income
PSE,2017,3462.97986107136,45.5044081379083,-7.34201818704605,0.688,LMC,Low and Middle Income
PSE,2018,3417.79440837962,46.4852162059319,-8.50864118337631,0.61,LMC,Low and Middle Income
PSE,2019,3378.4346209191,45.6330464687168,-8.52913200855255,0.658,LMC,Low and Middle Income
PSE,2020,2922.46801084844,45.3895360497376,-8.02270647883415,0.656,LMC,Low and Middle Income
QAT,1990,42210.1309227872,17.9684505462646,,25.962,HIC,High Income
QAT,1991,40169.0307706643,17.2565193176269,,38.285,HIC,High Income
QAT,1992,43310.767958526,16.9536304473877,,57.097,HIC,High Income
QAT,1993,41423.720599232,18.6690902709961,,63.4,HIC,High Income
QAT,1994,40756.9289476104,18.9698295593262,,64.819,HIC,High Income
QAT,1995,40528.4858249639,20.5342998504639,,64.491,HIC,High Income
QAT,1996,41126.2109141166,22.4816493988037,-0.605094730854034,65.162,HIC,High Income
QAT,1997,51382.616690416,23.9278392791748,,76.715,HIC,High Income
QAT,1998,54189.9837433703,21.5736999511719,2.92458577454089,63.665,HIC,High Income
QAT,1999,53562.7696068249,19.7645206451416,,59.305,HIC,High Income
QAT,2000,54948.2228055384,,8.30179655551911,62.646,HIC,High Income
QAT,2001,54316.5419511925,18.6874694824219,,67.727,HIC,High Income
QAT,2002,55493.6049997751,17.2873592376709,8.90958559513092,63.518,HIC,High Income
QAT,2003,54970.419888684,15.7512302398682,7.2132223546505,62.618,HIC,High Income
QAT,2004,63107.0086346445,16.8915996551514,5.76161715388299,61.344,HIC,High Income
QAT,2005,63555.6239820478,14.7242298126221,9.80101472139358,57.767,HIC,High Income
QAT,2006,68036.6212164734,12.8355398178101,10.6211079955101,61.421,HIC,High Income
QAT,2007,64614.0465071968,11.8196697235107,8.83617657423019,49.255,HIC,High Income
QAT,2008,64393.5954479866,11.3421602249146,11.3922953605652,43.359,HIC,High Income
QAT,2009,63939.8050831437,10.1654901504517,15.3399916887283,41.175,HIC,High Income
QAT,2010,74271.9022959058,9.64273278083432,14.3812301754951,43.09,HIC,High Income
QAT,2011,83533.4963791019,12.6008552690979,12.7624795436859,45.175,HIC,High Income
QAT,2012,82441.7405083009,12.2866942772156,16.1901935338974,49.152,HIC,High Income
QAT,2013,77379.6735599552,14.8707295209095,16.1868306398392,44.982,HIC,High Income
QAT,2014,71756.0649338302,17.3063613126932,14.6608129739761,41.31,HIC,High Income
QAT,2015,68985.2946961507,15.9339905308662,12.7169799208641,38.441,HIC,High Income
QAT,2016,67294.4585771356,14.8163562584538,13.0931172966957,35.154,HIC,High Income
QAT,2017,64497.6987225375,16.7774362605473,11.9045497179031,39.035,HIC,High Income
QAT,2018,64410.8171280981,17.4458250857575,12.0544720292091,37.166,HIC,High Income
QAT,2019,63430.4607609581,21.0931416049405,12.0866666436195,36.252,HIC,High Income
QAT,2020,57769.604104354,23.7649212314763,16.7010249495506,36.145,HIC,High Income
ROU,1990,5019.43702748333,,,7.696,HIC,High Income
ROU,1991,4409.1517208357,,,6.199,HIC,High Income
ROU,1992,4059.09860455382,,,5.761,HIC,High Income
ROU,1993,4126.76859277572,,,5.372,HIC,High Income
ROU,1994,4295.27065788629,,,5.311,HIC,High Income
ROU,1995,4572.25803354276,,,5.547,HIC,High Income
ROU,1996,4764.63682106299,,-0.37302246876061,5.728,HIC,High Income
ROU,1997,4546.66753054721,,,5.27,HIC,High Income
ROU,1998,4463.60791806212,,-1.87956483662129,4.702,HIC,High Income
ROU,1999,4453.78126046181,,,4.011,HIC,High Income
ROU,2000,4569.31124324524,,-3.09119442105293,4.228,HIC,High Income
ROU,2001,4875.30310600635,28.0544300079346,,4.513,HIC,High Income
ROU,2002,5248.54994632668,33.7016906738281,-4.51527795195579,4.551,HIC,High Income
ROU,2003,5410.30835796252,38.9063987731934,-3.57092425227165,4.803,HIC,High Income
ROU,2004,6008.64048461485,41.7997398376465,-3.17530594766141,4.823,HIC,High Income
ROU,2005,6328.09022324183,45.4637298583984,-2.62169642746449,4.777,HIC,High Income
ROU,2006,6876.77841417966,54.1389312744141,-2.29004313051701,4.958,HIC,High Income
ROU,2007,7483.97375820611,60.2831192016602,-1.79696347564458,5.199,HIC,High Income
ROU,2008,8318.00342795388,73.4470672607422,-0.264694255776704,5.164,HIC,High Income
ROU,2009,7924.87058070212,81.5331497192383,0.916986364871264,4.267,HIC,High Income
ROU,2010,7660.70667630517,75.2290267944336,1.80896259844303,4.135,HIC,High Income
ROU,2011,8044.57194920892,66.7865829467773,1.78002930432558,4.555,HIC,High Income
ROU,2012,8234.28553425194,54.9534912109375,1.57930912822485,4.457,HIC,High Income
ROU,2013,8287.95844089676,51.3826103210449,3.23342859745026,3.927,HIC,High Income
ROU,2014,8661.47397274241,51.0950393676758,4.11700873076916,3.973,HIC,High Income
ROU,2015,8977.01748158196,49.3609886169434,3.54544660449028,3.928,HIC,High Income
ROU,2016,9286.87678236598,49.911319732666,7.76617869734764,3.873,HIC,High Income
ROU,2017,10106.2269557253,50.5108184814453,7.48436340689659,4.034,HIC,High Income
ROU,2018,10714.1701157127,51.9943504333496,6.31668478250504,4.076,HIC,High Income
ROU,2019,11197.3162915853,52.4439697265625,7.13738051056862,3.933,HIC,High Income
ROU,2020,10854.049431887,53.4911117553711,6.33740985393524,3.813,HIC,High Income
RUS,1990,7849.51904296875,52.3742599487305,,17.024,HIC,High Income
RUS,1991,7432.021484375,50.4663314819336,,16.11,HIC,High Income
RUS,1992,6345.912109375,48.4463882446289,,13.185,HIC,High Income
RUS,1993,5798.91455078125,46.1837692260742,,12.6,HIC,High Income
RUS,1994,5071.74267578125,44.2100410461426,,11.112,HIC,High Income
RUS,1995,4862.646484375,42.86083984375,,10.913,HIC,High Income
RUS,1996,4686.86279296875,43.8972396850586,-13.5011892914772,10.714,HIC,High Income
RUS,1997,4760.33935546875,45.2858200073242,,10.023,HIC,High Income
RUS,1998,4515.50927734375,47.279411315918,-14.5485488772392,9.929,HIC,High Income
RUS,1999,4819.38037109375,52.1262397766113,,10.147,HIC,High Income
RUS,2000,5323.66650390625,55.2136611938477,-18.4228159189224,10.091,HIC,High Income
RUS,2001,5618.95556640625,60.3866996765137,,10.389,HIC,High Income
RUS,2002,5910.171875,65.0104217529297,-14.8665705323219,10.335,HIC,High Income
RUS,2003,6370.45361328125,69.0352096557617,-16.2803601622582,10.556,HIC,High Income
RUS,2004,6856.67822265625,69.818717956543,-15.5579794049263,10.644,HIC,High Income
RUS,2005,7323.38525390625,72.2228012084961,-16.3872266411781,10.816,HIC,High Income
RUS,2006,7949.89697265625,73.4398880004883,-16.7874394059181,11.266,HIC,High Income
RUS,2007,8640.40625,76.1305465698242,-17.1284857988358,11.291,HIC,High Income
RUS,2008,9093.7001953125,77.5339736938477,-17.1947501897812,11.492,HIC,High Income
RUS,2009,8381.8681640625,77.8685607910156,-13.7104699015617,10.741,HIC,High Income
RUS,2010,8755.1201171875,,-13.5284485220909,11.346,HIC,High Income
RUS,2011,9120.8203125,80.1629736412764,-12.7034915089607,11.698,HIC,High Income
RUS,2012,9464.0107421875,80.5323453975492,-14.5795612931252,11.782,HIC,High Income
RUS,2013,9601.537109375,82.8009567260742,-13.9682764410973,11.324,HIC,High Income
RUS,2014,9493.8125,84.5181387513356,-13.1415382027626,11.298,HIC,High Income
RUS,2015,9277.7138671875,84.2355651240256,-13.8044471144676,11.254,HIC,High Income
RUS,2016,9269.3173828125,83.860044350614,-14.3199190497398,11.177,HIC,High Income
RUS,2017,9418.99609375,81.7051021681418,-14.329351067543,11.362,HIC,High Income
RUS,2018,9674.787109375,81.5681115998523,-14.1087896823883,11.677,HIC,High Income
RUS,2019,9882.0244140625,80.9520697471091,-13.0540705919266,11.632,HIC,High Income
RUS,2020,9632.3251953125,57.2232854739754,-13.6355082988739,11.149,HIC,High Income
RWA,1990,365.724969994263,0.576889991760254,,0.071,LIC,Low and Middle Income
RWA,1991,349.345634840907,,,0.063,LIC,Low and Middle Income
RWA,1992,362.337679403993,,,0.062,LIC,Low and Middle Income
RWA,1993,320.530460792077,,,0.061,LIC,Low and Middle Income
RWA,1994,187.38014700737,,,0.068,LIC,Low and Middle Income
RWA,1995,303.318867879127,,,0.08,LIC,Low and Middle Income
RWA,1996,289.237930832775,,-25.5365895032883,0.069,LIC,Low and Middle Income
RWA,1997,284.862132396583,,,0.062,LIC,Low and Middle Income
RWA,1998,297.571387031591,,-24.8362820148467,0.06,LIC,Low and Middle Income
RWA,1999,307.99726200079,0.705209970474243,,0.062,LIC,Low and Middle Income
RWA,2000,331.096659537835,1.12785005569458,-23.3039124011994,0.063,LIC,Low and Middle Income
RWA,2001,356.017640545099,1.54308998584747,,0.063,LIC,Low and Middle Income
RWA,2002,397.558649363458,1.87186002731323,-18.2119505405426,0.061,LIC,Low and Middle Income
RWA,2003,397.480382602602,2.34143996238708,-16.2897633910179,0.059,LIC,Low and Middle Income
RWA,2004,415.943819000396,2.73148989677429,-14.4794695973396,0.058,LIC,Low and Middle Income
RWA,2005,443.00802474736,2.85111999511719,-14.6692922115326,0.057,LIC,Low and Middle Income
RWA,2006,471.150850642442,3.64229989051819,-11.4840599298477,0.055,LIC,Low and Middle Income
RWA,2007,493.803359157317,3.88545989990234,-9.85392409563064,0.057,LIC,Low and Middle Income
RWA,2008,534.678298622161,4.18300008773804,-8.03083208203316,0.054,LIC,Low and Middle Income
RWA,2009,553.621518556047,5.0719199180603,-8.57177156209946,0.055,LIC,Low and Middle Income
RWA,2010,579.419162804581,5.77316665562353,-5.62414002418518,0.056,LIC,Low and Middle Income
RWA,2011,610.376236415572,6.83723020553589,-5.17010644078254,0.061,LIC,Low and Middle Income
RWA,2012,647.436613845487,6.70938666027303,-4.25853535532952,0.066,LIC,Low and Middle Income
RWA,2013,661.893969452494,6.23149117030345,-2.49536646902561,0.07,LIC,Low and Middle Income
RWA,2014,682.709499066795,7.35861774339014,1.19355218857527,0.073,LIC,Low and Middle Income
RWA,2015,725.691418696952,7.53124856448318,0.722302474081517,0.083,LIC,Low and Middle Income
RWA,2016,748.798132068173,7.57807264441764,1.69964873790741,0.088,LIC,Low and Middle Income
RWA,2017,765.845359390541,7.34488296090452,2.02940178662538,0.096,LIC,Low and Middle Income
RWA,2018,808.704812752127,6.76094647714264,1.92306703329086,0.105,LIC,Low and Middle Income
RWA,2019,863.872077583172,6.3142892660234,1.13278859108686,0.111,LIC,Low and Middle Income
RWA,2020,821.257133282758,7.56709586345553,1.39877542853355,0.107,LIC,Low and Middle Income
SAU,1990,25918.9650837526,16.3262596130371,,17.101,HIC,High Income
SAU,1991,26742.682261559,17.2099800109863,,21.91,HIC,High Income
SAU,1992,26709.0328186878,17.4679698944092,,23.618,HIC,High Income
SAU,1993,25649.064468644,19.5948505401611,,24.374,HIC,High Income
SAU,1994,24808.6528928409,19.4799900054932,,22.84,HIC,High Income
SAU,1995,23876.246129794,21.5111103057861,,20.664,HIC,High Income
SAU,1996,23699.1352161738,22.0051803588867,1.94756472110748,19.485,HIC,High Income
SAU,1997,23406.0346643453,22.6720199584961,,15.802,HIC,High Income
SAU,1998,23179.8581162861,23.2514591217041,0.793910652399063,14.67,HIC,High Income
SAU,1999,22214.4256445476,27.5408992767334,,15.364,HIC,High Income
SAU,2000,22247.8566987439,28.3759498596191,-2.81199173629284,19.14,HIC,High Income
SAU,2001,21193.0922894351,27.2377300262451,,19.034,HIC,High Income
SAU,2002,20025.4319998275,25.1049709320068,-0.303086049854756,19.37,HIC,High Income
SAU,2003,20765.9387688082,26.6230297088623,1.85209041088819,18.695,HIC,High Income
SAU,2004,21545.894988606,26.2631301879883,0.205918028019368,20.728,HIC,High Income
SAU,2005,21838.1915349374,25.1983699798584,-0.385177034884692,20.05,HIC,High Income
SAU,2006,21616.3355772516,24.5137691497803,0.191533947363496,20.736,HIC,High Income
SAU,2007,21196.7926036633,24.3000392913818,1.15579956024885,18.925,HIC,High Income
SAU,2008,21629.8405734551,24.4659805297852,1.16838157176971,20.158,HIC,High Income
SAU,2009,20577.5453445336,25.0353107452393,0.766883209347725,20.81,HIC,High Income
SAU,2010,21830.1424272816,29.3244802795728,2.54204130172729,22.087,HIC,High Income
SAU,2011,23314.5576023168,28.9419498443604,0.791117548942566,20.694,HIC,High Income
SAU,2012,23643.0358324647,36.0444107055664,2.45394606888294,22.382,HIC,High Income
SAU,2013,23057.3494468535,43.163501739502,2.60259807109833,20.808,HIC,High Income
SAU,2014,23404.7306039825,53.1803840195563,2.25522874295711,20.177,HIC,High Income
SAU,2015,23256.1549553531,57.0892771397236,1.70129794627428,20.836,HIC,High Income
SAU,2016,22783.0328538685,63.9826623355369,5.41140720248222,20.873,HIC,High Income
SAU,2017,23035.1199977707,70.7471342981424,1.35780138522387,20.937,HIC,High Income
SAU,2018,24393.5188306638,73.1971736383918,2.0561348348856,21.479,HIC,High Income
SAU,2019,24905.6697428558,77.9664942011008,2.5218443274498,23.245,HIC,High Income
SAU,2020,22827.671935548,73.7510866368859,3.72150252759457,21.089,HIC,High Income
SDN,1990,764.450439453125,,,0.217,LIC,Low and Middle Income
SDN,1991,805.367309570313,,,0.199,LIC,Low and Middle Income
SDN,1992,842.008605957031,,,0.175,LIC,Low and Middle Income
SDN,1993,862.978149414063,,,0.117,LIC,Low and Middle Income
SDN,1994,850.299438476563,,,0.16,LIC,Low and Middle Income
SDN,1995,877.693298339844,,,0.161,LIC,Low and Middle Income
SDN,1996,908.66015625,,-29.0502072572708,0.162,LIC,Low and Middle Income
SDN,1997,1050.31994628906,,,0.195,LIC,Low and Middle Income
SDN,1998,1069.27197265625,,-28.3914968967437,0.165,LIC,Low and Middle Income
SDN,1999,1074.88098144531,6.56864023208618,,0.175,LIC,Low and Middle Income
SDN,2000,1111.11865234375,6.69480991363525,-27.7375104427338,0.19,LIC,Low and Middle Income
SDN,2001,1150.17626953125,8.25726985931396,,0.211,LIC,Low and Middle Income
SDN,2002,1185.21533203125,9.31309986114502,-22.4462913274764,0.261,LIC,Low and Middle Income
SDN,2003,1226.42077636719,8.65738010406494,-26.4681839942933,0.285,LIC,Low and Middle Income
SDN,2004,1255.67114257813,10.5490598678589,-26.037878870964,0.356,LIC,Low and Middle Income
SDN,2005,1290.24438476563,11.823320388794,-28.0491504669189,0.338,LIC,Low and Middle Income
SDN,2006,1336.1240234375,13.3374099731445,-23.3929816484451,0.361,LIC,Low and Middle Income
SDN,2007,1372.10961914063,13.0165500640869,-24.222697019577,0.414,LIC,Low and Middle Income
SDN,2008,1381.62561035156,14.3921899795532,-24.5654041767121,0.422,LIC,Low and Middle Income
SDN,2009,1301.34729003906,14.6098203659058,-21.5911993980408,0.428,LIC,Low and Middle Income
SDN,2010,1311.22314453125,14.8035297393799,-22.7329256534577,0.426,LIC,Low and Middle Income
SDN,2011,1388.21813964844,14.5120697021484,-22.1240706443787,0.407,LIC,Low and Middle Income
SDN,2012,1288.25854492188,14.8181400299072,-21.142012834549,0.427,LIC,Low and Middle Income
SDN,2013,1283.45922851563,16.6676292419434,-21.8151026964188,0.46,LIC,Low and Middle Income
SDN,2014,1307.3896484375,15.958589553833,-19.8844715356827,0.337,LIC,Low and Middle Income
SDN,2015,1292.37963867188,15.8645696640015,-20.9085614681244,0.356,LIC,Low and Middle Income
SDN,2016,1297.15454101563,,-21.7610650062562,0.478,LIC,Low and Middle Income
SDN,2017,1261.87353515625,,-19.0681010484695,0.475,LIC,Low and Middle Income
SDN,2018,1185.94445800781,,-19.3132674694062,0.464,LIC,Low and Middle Income
SDN,2019,1126.55297851563,,-19.9263427257538,0.483,LIC,Low and Middle Income
SDN,2020,1056.86474609375,,-18.4570287466049,0.423,LIC,Low and Middle Income
SEN,1990,990.777522619822,,,0.38,LMC,Low and Middle Income
SEN,1991,988.63221583773,,,0.391,LMC,Low and Middle Income
SEN,1992,974.054860027128,3.05016994476318,,0.388,LMC,Low and Middle Income
SEN,1993,960.506561720788,,,0.391,LMC,Low and Middle Income
SEN,1994,934.692068072302,,,0.422,LMC,Low and Middle Income
SEN,1995,960.84709282163,,,0.338,LMC,Low and Middle Income
SEN,1996,956.588791201654,,-3.08623492717743,0.358,LMC,Low and Middle Income
SEN,1997,962.736689457399,3.11023998260498,,0.343,LMC,Low and Middle Income
SEN,1998,995.979085689636,,1.17019230127335,0.351,LMC,Low and Middle Income
SEN,1999,1033.76396461633,3.20563006401062,,0.37,LMC,Low and Middle Income
SEN,2000,1048.37474052363,,1.35979908704758,0.391,LMC,Low and Middle Income
SEN,2001,1067.36886550595,,,0.417,LMC,Low and Middle Income
SEN,2002,1042.25509944289,,1.51727948337793,0.424,LMC,Low and Middle Income
SEN,2003,1074.38578467686,,-0.884518247097731,0.46,LMC,Low and Middle Income
SEN,2004,1098.20064546027,4.75202989578247,0.343148661777376,0.477,LMC,Low and Middle Income
SEN,2005,1119.0505307548,5.26141023635864,0.166879112832248,0.493,LMC,Low and Middle Income
SEN,2006,1118.7830430051,5.46575021743774,-3.76220573484898,0.385,LMC,Low and Middle Income
SEN,2007,1123.99862153285,6.1223201751709,-4.07667128741741,0.441,LMC,Low and Middle Income
SEN,2008,1138.66883930214,7.75537014007568,-4.76720291376114,0.393,LMC,Low and Middle Income
SEN,2009,1142.65317233964,7.9150800704956,-6.24281471967697,0.426,LMC,Low and Middle Income
SEN,2010,1153.53431121583,7.62979751289774,-6.75755789875984,0.543,LMC,Low and Middle Income
SEN,2011,1139.74447892639,10.121109956384,-7.75277769565583,0.603,LMC,Low and Middle Income
SEN,2012,1154.05677992367,10.2635537254668,-4.79344025254249,0.553,LMC,Low and Middle Income
SEN,2013,1147.3859217191,10.5725397458545,-4.0158547013998,0.573,LMC,Low and Middle Income
SEN,2014,1180.7987108505,10.8787568632408,-1.28558729588985,0.616,LMC,Low and Middle Income
SEN,2015,1218.00613555438,10.8409366679467,-2.65282301604748,0.675,LMC,Low and Middle Income
SEN,2016,1257.40906916238,10.8875992426245,-2.04721689969301,0.666,LMC,Low and Middle Income
SEN,2017,1312.10932775878,11.3494415127099,-2.83713427186012,0.695,LMC,Low and Middle Income
SEN,2018,1355.09610863533,12.4178375059947,-3.75623565912247,0.712,LMC,Low and Middle Income
SEN,2019,1379.60875249843,12.60825139125,-3.59295168519021,0.777,LMC,Low and Middle Income
SEN,2020,1361.7914374888,13.3136624860931,-5.33602324128151,0.644,LMC,Low and Middle Income
SLV,1990,2348.20460167761,14.6922903060913,,0.458,UMC,Low and Middle Income
SLV,1991,2341.93382299132,16.1209907531738,,0.573,UMC,Low and Middle Income
SLV,1992,2465.75989060719,,,0.593,UMC,Low and Middle Income
SLV,1993,2574.95134564317,17.6409893035889,,0.701,UMC,Low and Middle Income
SLV,1994,2670.21278543567,19.5335502624512,,0.788,UMC,Low and Middle Income
SLV,1995,2773.32529027549,20.6800804138184,,0.865,UMC,Low and Middle Income
SLV,1996,2775.04629038695,19.8966503143311,-14.7938414216042,0.758,UMC,Low and Middle Income
SLV,1997,2842.88487409077,,,0.924,UMC,Low and Middle Income
SLV,1998,2900.32064261101,20.4799194335938,-11.7429263591766,0.971,UMC,Low and Middle Income
SLV,1999,2946.4330235012,20.4824199676514,,0.941,UMC,Low and Middle Income
SLV,2000,2964.89346881406,19.7553405761719,-13.6587055325508,0.95,UMC,Low and Middle Income
SLV,2001,2978.59734844668,18.9663391113281,,0.977,UMC,Low and Middle Income
SLV,2002,3016.06307728602,19.7187805175781,-9.63085782527923,1.008,UMC,Low and Middle Income
SLV,2003,3057.16467629097,20.5764999389648,-8.78653907775879,1.066,UMC,Low and Middle Income
SLV,2004,3081.23629665234,21.6425590515137,-8.34543696045876,1.035,UMC,Low and Middle Income
SLV,2005,3163.36118376833,22.4542694091797,-8.5885443687439,1.043,UMC,Low and Middle Income
SLV,2006,3302.34817354347,23.2541999816894,-11.7596069574356,1.114,UMC,Low and Middle Income
SLV,2007,3359.1623024135,24.743709564209,-12.2899125814438,1.135,UMC,Low and Middle Income
SLV,2008,3420.44927357443,25.5441799163818,-11.8038041591644,1.057,UMC,Low and Middle Income
SLV,2009,3337.81150878211,25.9216804504394,-13.3164675235748,1.039,UMC,Low and Middle Income
SLV,2010,3398.49346060363,26.3151708858206,-14.7177482247353,1.036,UMC,Low and Middle Income
SLV,2011,3515.19664634846,27.32486420544,-12.7790598273277,1.062,UMC,Low and Middle Income
SLV,2012,3600.31912505518,28.0979076272602,-12.3862571716309,1.053,UMC,Low and Middle Income
SLV,2013,3665.90044167854,28.2731299038736,-10.8294725418091,0.987,UMC,Low and Middle Income
SLV,2014,3713.94992016222,27.5441027812368,-7.97592476010324,0.993,UMC,Low and Middle Income
SLV,2015,3790.34089108162,27.3929262374809,-10.4244424104691,1.073,UMC,Low and Middle Income
SLV,2016,3875.84691357954,27.1794802471695,-12.8384984135628,1.06,UMC,Low and Middle Income
SLV,2017,3954.84014277572,27.6409104549006,-14.7958461046219,0.956,UMC,Low and Middle Income
SLV,2018,4046.16291720583,28.194336537252,-15.7689205408096,1.037,UMC,Low and Middle Income
SLV,2019,4143.11437097867,28.5178063545936,-14.6657777428627,1.227,UMC,Low and Middle Income
SLV,2020,3808.53195436409,30.9986370324013,-13.1220484972,0.984,UMC,Low and Middle Income
SRB,1995,3012.49816736822,,,4.991,UMC,Low and Middle Income
SRB,1996,3200.76825835814,,-21.4623832702637,5.853,UMC,Low and Middle Income
SRB,1997,3497.55048957119,,,6.303,UMC,Low and Middle Income
SRB,1998,3699.40380796484,,-21.494400858879,6.656,UMC,Low and Middle Income
SRB,1999,3329.4517344386,,,4.609,UMC,Low and Middle Income
SRB,2000,3542.35365914848,,-21.7257810831071,5.147,UMC,Low and Middle Income
SRB,2001,3788.98233947399,37.7618789672852,,5.56,UMC,Low and Middle Income
SRB,2002,4038.65251197442,35.6637191772461,-15.3615289330482,5.972,UMC,Low and Middle Income
SRB,2003,4233.77644906089,39.6133613586426,-15.381973862648,6.409,UMC,Low and Middle Income
SRB,2004,4527.43498659451,40.9337997436523,-12.5521734952927,6.998,UMC,Low and Middle Income
SRB,2005,4809.1384076488,44.205249786377,-16.1279133558273,6.64,UMC,Low and Middle Income
SRB,2006,5016.41289322251,46.819580078125,-9.12812453508377,7.152,UMC,Low and Middle Income
SRB,2007,5431.27887426624,47.966869354248,-7.89261019229889,6.97,UMC,Low and Middle Income
SRB,2008,5735.94772695749,48.6653785705566,-8.35974445939064,6.941,UMC,Low and Middle Income
SRB,2009,5578.0119741931,49.8496704101562,-8.06579679250717,6.184,UMC,Low and Middle Income
SRB,2010,5690.70327182682,49.0825119018555,-7.31024634838104,6.178,UMC,Low and Middle Income
SRB,2011,5737.00120175811,51.5937690734863,-5.52583879232407,6.647,UMC,Low and Middle Income
SRB,2012,5739.3075023532,53.5000305175781,-5.65820798277855,5.975,UMC,Low and Middle Income
SRB,2013,5793.33614525565,56.3808784484863,-5.07800126075744,6.126,UMC,Low and Middle Income
SRB,2014,5716.54047153506,58.0549697875977,-1.60902109742165,5.165,UMC,Low and Middle Income
SRB,2015,5820.3215576888,58.2876892089844,-1.22667413204908,6.116,UMC,Low and Middle Income
SRB,2016,6024.95754653784,62.1369705200195,-2.10561370104551,6.342,UMC,Low and Middle Income
SRB,2017,6200.26118592152,66.4867401123047,-2.99894128739834,6.457,UMC,Low and Middle Income
SRB,2018,6524.08029755191,67.1586608886719,-2.83577583730221,6.336,UMC,Low and Middle Income
SRB,2019,6870.75810896296,67.7898406982422,-2.38084204494953,6.38,UMC,Low and Middle Income
SRB,2020,6850.96742168834,68.1431121826172,-2.02185589820147,6.566,UMC,Low and Middle Income
SVK,1990,8597.46391527645,,,11.684,HIC,High Income
SVK,1991,7338.79874023232,,,10.092,HIC,High Income
SVK,1992,6843.30017436782,,,9.221,HIC,High Income
SVK,1993,6946.84564117976,,,8.71,HIC,High Income
SVK,1994,7348.918397432,,,8.198,HIC,High Income
SVK,1995,7755.6233338553,,,8.254,HIC,High Income
SVK,1996,8212.83193942756,,2.71257995069026,8.219,HIC,High Income
SVK,1997,8647.39434311517,,,8.221,HIC,High Income
SVK,1998,8966.21926231252,,2.87013418972492,8.164,HIC,High Income
SVK,1999,8914.68326467255,,,8.012,HIC,High Income
SVK,2000,8997.21199594319,,5.09909179806709,7.656,HIC,High Income
SVK,2001,9277.35808851002,30.8164901733398,,8.044,HIC,High Income
SVK,2002,9690.68468262889,32.7422409057617,4.8567321896553,7.816,HIC,High Income
SVK,2003,10168.02256533,34.5505905151367,5.64040568470955,7.879,HIC,High Income
SVK,2004,10718.2101858841,36.6599617004395,7.88946092128754,7.972,HIC,High Income
SVK,2005,11412.1593630008,40.7710609436035,8.33970028162003,7.971,HIC,High Income
SVK,2006,12430.2015488557,45.0326881408691,8.30269128084183,7.93,HIC,High Income
SVK,2007,13770.9602691527,50.5563583374023,7.28668913245201,7.631,HIC,High Income
SVK,2008,14497.1114407172,54.1637115478516,8.97525215148926,7.701,HIC,High Income
SVK,2009,13680.7537106597,56.7700996398926,9.07824385166168,6.997,HIC,High Income
SVK,2010,14596.1477776887,58.0442390441895,9.57158505916595,7.134,HIC,High Income
SVK,2011,14950.8735178599,57.1524887084961,10.1618312001228,7.048,HIC,High Income
SVK,2012,15159.6570420004,57.0384407043457,8.26049986481668,6.654,HIC,High Income
SVK,2013,15249.8824513785,55.253978729248,7.88250270485878,6.584,HIC,High Income
SVK,2014,15647.6491763517,53.8843002319336,8.24649593234063,6.225,HIC,High Income
SVK,2015,16442.0760860018,52.7206687927246,7.99786427617073,6.37,HIC,High Income
SVK,2016,16740.7413996428,50.3014488220215,10.2190195322037,6.445,HIC,High Income
SVK,2017,17195.2888721963,49.1256103515625,8.78745490312576,6.657,HIC,High Income
SVK,2018,17869.0149173679,47.8138313293457,8.10703182220459,6.648,HIC,High Income
SVK,2019,18250.9802475637,48.1902389526367,8.56883990764618,6.211,HIC,High Income
SVK,2020,17763.8563847352,48.3790016174316,11.1896883845329,5.715,HIC,High Income
SVN,1990,13615.5853511552,,,7.556,HIC,High Income
SVN,1991,12395.9173883243,,,6.991,HIC,High Income
SVN,1992,11735.8458123902,,,6.957,HIC,High Income
SVN,1993,12098.3412867237,,,7.16,HIC,High Income
SVN,1994,12757.6301288509,,,7.363,HIC,High Income
SVN,1995,13278.7428559643,,,7.724,HIC,High Income
SVN,1996,13674.183297426,,18.1682903766632,8.054,HIC,High Income
SVN,1997,14400.670888341,,,8.321,HIC,High Income
SVN,1998,14874.2904782546,,20.011773109436,8.103,HIC,High Income
SVN,1999,15646.6885879812,,,7.782,HIC,High Income
SVN,2000,16146.1216848394,,16.4395260214806,7.58,HIC,High Income
SVN,2001,16576.7158840406,60.8455085754395,,8.197,HIC,High Income
SVN,2002,17099.658209132,66.6545715332031,15.0125333666801,8.321,HIC,High Income
SVN,2003,17635.3608581831,69.6047668457031,14.4397926330566,8.17,HIC,High Income
SVN,2004,18425.2601213581,73.348876953125,15.5335462093353,8.382,HIC,High Income
SVN,2005,19102.2776603905,81.2728118896484,15.0202069282532,8.484,HIC,High Income
SVN,2006,20166.5323431214,85.2738876342773,15.2972981929779,8.579,HIC,High Income
SVN,2007,21485.780992381,87.2651672363281,16.0755987763405,8.614,HIC,High Income
SVN,2008,22175.2369557321,88.5987091064453,17.1334447860718,9.029,HIC,High Income
SVN,2009,20307.6188322273,87.96533203125,18.1713747978211,7.963,HIC,High Income
SVN,2010,20444.1201295876,90.2514877319336,17.033699631691,8.053,HIC,High Income
SVN,2011,20535.4155754108,87.1887130737305,17.7685275077819,7.987,HIC,High Income
SVN,2012,19894.8697964548,89.0215606689453,17.1541399955749,7.678,HIC,High Income
SVN,2013,19704.2186005128,87.8572082519531,16.904859662056,7.361,HIC,High Income
SVN,2014,20228.7081986391,84.3780288696289,16.994106054306,6.592,HIC,High Income
SVN,2015,20697.2748530619,82.1997833251953,16.1473740935326,6.631,HIC,High Income
SVN,2016,21309.7122138949,79.4747467041016,17.9353448152542,7.019,HIC,High Income
SVN,2017,22397.7634988337,79.2703475952148,16.9505195021629,7.097,HIC,High Income
SVN,2018,23293.966665323,77.3015975952148,17.4939734935761,7.037,HIC,High Income
SVN,2019,23943.1800949889,76.4720077514648,18.5238018035888,6.745,HIC,High Income
SVN,2020,22811.8050540778,75.8166809082031,17.7252494096756,6.123,HIC,High Income
SWE,1990,34903.3480401006,,,6.709,HIC,High Income
SWE,1991,34268.9743998346,,,6.692,HIC,High Income
SWE,1992,33673.8489875564,,,6.635,HIC,High Income
SWE,1993,32787.2810455518,,,6.597,HIC,High Income
SWE,1994,33862.4221711967,,,6.833,HIC,High Income
SWE,1995,35064.4138802129,,,6.74,HIC,High Income
SWE,1996,35605.4537507466,,30.5296411514282,7.166,HIC,High Income
SWE,1997,36675.7506543343,,,6.597,HIC,High Income
SWE,1998,38211.7233090832,,29.7744078636169,6.64,HIC,High Income
SWE,1999,39786.0271902555,,,6.315,HIC,High Income
SWE,2000,41561.7747635857,,30.6031768321991,6.187,HIC,High Income
SWE,2001,42014.4022302506,70.0115203857422,,6.27,HIC,High Income
SWE,2002,42831.7584103774,74.7414321899414,31.3219604492188,6.345,HIC,High Income
SWE,2003,43475.3655433221,80.4902877807617,32.0740870237351,6.387,HIC,High Income
SWE,2004,45114.6701230708,83.0349807739258,31.8335589170457,6.274,HIC,High Income
SWE,2005,46189.6828420555,81.7390899658203,30.5617722272873,5.957,HIC,High Income
SWE,2006,48078.3520110084,79.3352279663086,31.4699984788895,5.908,HIC,High Income
SWE,2007,49262.152916545,75.3943710327148,32.1610729694367,5.78,HIC,High Income
SWE,2008,48428.6587081751,71.158073425293,32.6256654262542,5.506,HIC,High Income
SWE,2009,45974.3911151254,71.0115814208984,33.2907878160477,5.07,HIC,High Income
SWE,2010,48205.5492512742,73.0818328857422,32.8152499198914,5.654,HIC,High Income
SWE,2011,49356.5905257047,71.9184112548828,32.6066218614578,5.198,HIC,High Income
SWE,2012,48789.7906883637,68.742301940918,32.7807193994522,4.896,HIC,High Income
SWE,2013,48928.4994141291,65.7820892333984,33.1597031354904,4.698,HIC,High Income
SWE,2014,49557.6183647959,64.9541931152344,33.5777397155762,4.474,HIC,High Income
SWE,2015,51188.1652120493,66.4283218383789,33.9223642349243,4.42,HIC,High Income
SWE,2016,51626.3235312369,68.306037902832,33.2817512750626,4.364,HIC,High Income
SWE,2017,51894.3748177808,70.4342498779297,31.0141100883484,4.211,HIC,High Income
SWE,2018,52203.0872589761,73.4083786010742,30.4257482290267,4.113,HIC,High Income
SWE,2019,53024.4099494317,75.1148529052734,30.560319185257,3.967,HIC,High Income
SWE,2020,51624.5811789573,79.1196365356445,30.1316159963607,3.537,HIC,High Income
SYR,1990,931.884004809498,17.3862705230713,,2.962,LIC,Low and Middle Income
SYR,1991,972.284722031189,17.3162403106689,,3.268,LIC,Low and Middle Income
SYR,1992,1065.20347690082,16.5408096313477,,3.198,LIC,Low and Middle Income
SYR,1993,1097.10915461797,16.5476303100586,,3.3,LIC,Low and Middle Income
SYR,1994,1142.06267499391,15.1282196044922,,3.234,LIC,Low and Middle Income
SYR,1995,1188.1740389135,14.5729703903198,,3.174,LIC,Low and Middle Income
SYR,1996,1270.04979705395,,-9.28465282917023,3.159,LIC,Low and Middle Income
SYR,1997,1299.29708277572,,,3.217,LIC,Low and Middle Income
SYR,1998,1352.12635287652,,-9.13042974472046,3.381,LIC,Low and Middle Income
SYR,1999,1271.32082241485,,,3.422,LIC,Low and Middle Income
SYR,2000,1248.38345857564,,-8.60294610261917,3.277,LIC,Low and Middle Income
SYR,2001,1264.321407912,,,3.011,LIC,Low and Middle Income
SYR,2002,1331.12579353123,12.6482696533203,-9.52392446994782,2.331,LIC,Low and Middle Income
SYR,2003,1307.48124980131,13.2320003509522,-8.21205347776413,3.096,LIC,Low and Middle Income
SYR,2004,1363.6138135409,15.2420597076416,-8.09976190328598,2.819,LIC,Low and Middle Income
SYR,2005,1411.6316668592,18.2976398468018,-10.1048190593719,2.719,LIC,Low and Middle Income
SYR,2006,1420.72014052107,20.8499908447266,-15.8201217651367,2.752,LIC,Low and Middle Income
SYR,2007,1411.68909698729,21.3354091644287,-14.189325273037,3.207,LIC,Low and Middle Income
SYR,2008,1423.59407304833,21.8033008575439,-12.2738744020462,3.147,LIC,Low and Middle Income
SYR,2009,1484.40718049155,22.903039932251,-9.84709763526916,2.879,LIC,Low and Middle Income
SYR,2010,1526.36518590261,24.7345008850098,-10.0831693410873,2.76,LIC,Low and Middle Income
SYR,2011,1542.71903961106,24.5282592773438,-13.2390955686569,2.582,LIC,Low and Middle Income
SYR,2012,1142.29215064994,28.8359394073486,-19.1835513114929,2.036,LIC,Low and Middle Income
SYR,2013,884.328816905262,31.4127197265625,-23.9092051982879,1.581,LIC,Low and Middle Income
SYR,2014,847.658909813856,44.4609794616699,-23.0849878787994,1.72,LIC,Low and Middle Income
SYR,2015,847.731545352582,47.8358993530273,-24.3702737092972,1.602,LIC,Low and Middle Income
SYR,2016,802.968607901263,43.7606582641602,-33.866929769516,1.519,LIC,Low and Middle Income
SYR,2017,795.881817153216,,-35.6290285587311,1.793,LIC,Low and Middle Income
SYR,2018,792.412864720441,,-34.9007935523987,1.623,LIC,Low and Middle Income
SYR,2019,771.517948289192,,-35.4537663459778,1.645,LIC,Low and Middle Income
SYR,2020,753.135305709477,,-35.4442856311798,1.537,LIC,Low and Middle Income
TGO,1990,757.568150002531,2.16568994522095,,0.263,LMC,Low and Middle Income
TGO,1991,730.890821015159,2.39435005187988,,0.275,LMC,Low and Middle Income
TGO,1992,682.175898912642,2.63255000114441,,0.262,LMC,Low and Middle Income
TGO,1993,585.840956389145,2.21612000465393,,0.275,LMC,Low and Middle Income
TGO,1994,670.817431721652,2.38979005813599,,0.258,LMC,Low and Middle Income
TGO,1995,687.145176769208,2.71031999588013,,0.286,LMC,Low and Middle Income
TGO,1996,716.372671266443,2.69524002075195,-12.4312437176704,0.295,LMC,Low and Middle Income
TGO,1997,792.111709235126,,,0.198,LMC,Low and Middle Income
TGO,1998,754.708267677364,3.07287001609802,-12.9137468934059,0.283,LMC,Low and Middle Income
TGO,1999,754.520837025414,,,0.397,LMC,Low and Middle Income
TGO,2000,730.148392769906,,-11.0337466001511,0.278,LMC,Low and Middle Income
TGO,2001,718.084179469825,,,0.236,LMC,Low and Middle Income
TGO,2002,727.322768684689,,-14.1102479696274,0.263,LMC,Low and Middle Income
TGO,2003,757.076842057466,,-16.250710606575,0.35,LMC,Low and Middle Income
TGO,2004,731.610797958447,,-18.7457580566406,0.33,LMC,Low and Middle Income
TGO,2005,680.485159475257,,-18.0952410697937,0.318,LMC,Low and Middle Income
TGO,2006,678.890227390526,4.9507098197937,-16.1287482976913,0.269,LMC,Low and Middle Income
TGO,2007,650.046681355874,5.5628399848938,-15.8152002692223,0.264,LMC,Low and Middle Income
TGO,2008,654.896723036341,,-14.167527616024,0.257,LMC,Low and Middle Income
TGO,2009,668.669623161752,,-15.2341749668121,0.414,LMC,Low and Middle Income
TGO,2010,686.014185396121,8.90678270945479,-15.9048622846603,0.41,LMC,Low and Middle Income
TGO,2011,706.442158827353,9.66968081043628,-15.1964566707611,0.385,LMC,Low and Middle Income
TGO,2012,733.683602929868,10.7079137745625,-16.1170206069946,0.333,LMC,Low and Middle Income
TGO,2013,759.841612443554,10.8397865677878,-16.7319915294647,0.241,LMC,Low and Middle Income
TGO,2014,786.587399651446,10.5384945175632,-14.5934497117996,0.215,LMC,Low and Middle Income
TGO,2015,813.894676975085,10.8146472215817,-13.8662019371986,0.254,LMC,Low and Middle Income
TGO,2016,832.959515987733,12.0913340463942,-11.0444981455803,0.318,LMC,Low and Middle Income
TGO,2017,851.735728621337,12.3068653432672,-12.3942910432816,0.261,LMC,Low and Middle Income
TGO,2018,876.562800915869,12.9031599603185,-10.4758440852165,0.273,LMC,Low and Middle Income
TGO,2019,900.166602437871,13.1551472123617,-9.99287909269333,0.31,LMC,Low and Middle Income
TGO,2020,899.748802355348,14.9029897765252,-11.3898708820343,0.353,LMC,Low and Middle Income
THA,1990,2631.51971095863,15.9281196594238,,1.581,UMC,Low and Middle Income
THA,1991,2810.56702001316,,,1.708,UMC,Low and Middle Income
THA,1992,2989.85385369019,,,1.867,UMC,Low and Middle Income
THA,1993,3186.99707103229,19.8854808807373,,2.123,UMC,Low and Middle Income
THA,1994,3391.48986604062,,,2.349,UMC,Low and Middle Income
THA,1995,3614.93244016732,21.1048393249512,,2.6,UMC,Low and Middle Income
THA,1996,3766.86364433088,22.2134990692139,9.17368966341019,2.897,UMC,Low and Middle Income
THA,1997,3614.60848543994,24.7779598236084,,2.984,UMC,Low and Middle Income
THA,1998,3295.36018381294,28.7875995635986,8.65870177745819,2.596,UMC,Low and Middle Income
THA,1999,3403.08737356896,34.5813102722168,,2.684,UMC,Low and Middle Income
THA,2000,3514.71662970608,35.3038711547852,9.84330695867539,2.656,UMC,Low and Middle Income
THA,2001,3599.02524877358,38.9344787597656,,2.706,UMC,Low and Middle Income
THA,2002,3783.75422073266,40.1257095336914,6.57769075036049,2.873,UMC,Low and Middle Income
THA,2003,4018.15538187068,41.1551513671875,2.6130896359682,2.946,UMC,Low and Middle Income
THA,2004,4232.77157261934,42.1445999145508,1.06058395281434,3.168,UMC,Low and Middle Income
THA,2005,4372.25730206261,44.3367195129395,-0.128470275085419,3.246,UMC,Low and Middle Income
THA,2006,4551.5250018314,44.1761817932129,-1.17903620004654,3.242,UMC,Low and Middle Income
THA,2007,4760.66708464831,47.55419921875,-2.33648829162121,3.339,UMC,Low and Middle Income
THA,2008,4805.76393990836,46.3521308898926,-2.71558710932731,3.316,UMC,Low and Middle Income
THA,2009,4737.45679763314,46.2023391723633,-4.42089506983757,3.359,UMC,Low and Middle Income
THA,2010,5059.35747831657,46.3783774485726,-3.97158463299274,3.514,UMC,Low and Middle Income
THA,2011,5070.23740191942,52.7332765596589,-3.90579293668271,3.549,UMC,Low and Middle Income
THA,2012,5403.87846036273,50.7403100613359,-2.93027482926846,3.778,UMC,Low and Middle Income
THA,2013,5516.61164164135,49.6879408184566,-2.36509495973587,3.776,UMC,Low and Middle Income
THA,2014,5541.46599361845,49.9091820021394,-3.74533577263355,3.881,UMC,Low and Middle Income
THA,2015,5688.85335397884,45.713134717198,-3.13803331553936,3.928,UMC,Low and Middle Income
THA,2016,5857.78052935926,49.3227291503798,-0.425279166549444,4.009,UMC,Low and Middle Income
THA,2017,6076.74307700082,47.427491541895,0.29532456677407,3.982,UMC,Low and Middle Income
THA,2018,6314.19948412043,46.1667791174286,-0.0061445427127184,4.039,UMC,Low and Middle Income
THA,2019,6434.53770518034,44.9880040072053,1.57157772034407,3.941,UMC,Low and Middle Income
THA,2020,6032.42244606793,42.5900878816865,1.92326297610998,3.796,UMC,Low and Middle Income
TJK,1990,1312.94701318034,21.2453308105469,,2.28,LMC,Low and Middle Income
TJK,1991,1188.37461269952,21.2790393829346,,1.807,LMC,Low and Middle Income
TJK,1992,827.586884623268,21.0363006591797,,1.298,LMC,Low and Middle Income
TJK,1993,682.727259317268,20.7430591583252,,0.9,LMC,Low and Middle Income
TJK,1994,528.04821736829,20.4126892089844,,0.403,LMC,Low and Middle Income
TJK,1995,452.904385394465,20.391580581665,,0.409,LMC,Low and Middle Income
TJK,1996,369.934883507426,,-28.0186750888825,0.465,LMC,Low and Middle Income
TJK,1997,371.661243144454,,,0.35,LMC,Low and Middle Income
TJK,1998,389.089746664022,,-26.0715987682343,0.404,LMC,Low and Middle Income
TJK,1999,401.406381787908,16.6428604125977,,0.406,LMC,Low and Middle Income
TJK,2000,429.537300984643,17.1997108459473,-23.4887284040451,0.356,LMC,Low and Middle Income
TJK,2001,461.681195760256,16.7238998413086,,0.357,LMC,Low and Middle Income
TJK,2002,501.80856647117,16.9350700378418,-18.4201915264129,0.287,LMC,Low and Middle Income
TJK,2003,546.391479808684,18.3057403564453,-18.1318265199661,0.311,LMC,Low and Middle Income
TJK,2004,590.957111385699,19.5840606689453,-20.1133320331573,0.377,LMC,Low and Middle Income
TJK,2005,618.333702588577,20.1519508361816,-18.7041203975677,0.352,LMC,Low and Middle Income
TJK,2006,649.163328755334,21.302490234375,-20.0969594717026,0.376,LMC,Low and Middle Income
TJK,2007,686.48090192413,22.2864494323731,-22.0328005552292,0.449,LMC,Low and Middle Income
TJK,2008,726.185491338269,22.7512302398682,-22.0243437290191,0.395,LMC,Low and Middle Income
TJK,2009,739.212878526331,22.5239295959473,-21.6319169998169,0.326,LMC,Low and Middle Income
TJK,2010,770.604105393791,22.8308906555176,-20.6192277669907,0.331,LMC,Low and Middle Income
TJK,2011,809.368229154093,22.3199405670166,-20.9507888555526,0.299,LMC,Low and Middle Income
TJK,2012,849.519080831738,22.6923599243164,-20.5295383930206,0.366,LMC,Low and Middle Income
TJK,2013,889.882383099979,22.6164398193359,-21.4758427143097,0.354,LMC,Low and Middle Income
TJK,2014,925.970961482804,24.2260093688965,-17.2027438879013,0.547,LMC,Low and Middle Income
TJK,2015,956.916310930656,26.0669097900391,-18.2332096099854,0.614,LMC,Low and Middle Income
TJK,2016,997.352614556708,28.5179100036621,-19.7981877326965,0.679,LMC,Low and Middle Income
TJK,2017,1042.26391757642,30.2374706268311,-23.3524354696274,0.757,LMC,Low and Middle Income
TJK,2018,1094.8002018221,,-22.1260262727738,0.868,LMC,Low and Middle Income
TJK,2019,1148.34676712493,,-21.2610667943954,0.914,LMC,Low and Middle Income
TJK,2020,1171.90127480359,34.6676458195911,-21.1697263717651,0.967,LMC,Low and Middle Income
TUN,1990,2114.47034536085,7.63667011260986,,1.757,LMC,Low and Middle Income
TUN,1991,2151.20851677353,8.36275959014893,,1.971,LMC,Low and Middle Income
TUN,1992,2270.86449442765,9.21152973175049,,1.825,LMC,Low and Middle Income
TUN,1993,2274.64182637585,10.3985395431519,,1.939,LMC,Low and Middle Income
TUN,1994,2305.16127524434,11.0246095657349,,1.858,LMC,Low and Middle Income
TUN,1995,2322.59207185194,11.4788904190063,,1.815,LMC,Low and Middle Income
TUN,1996,2452.90929820496,12.3348503112793,-5.15785184502602,1.852,LMC,Low and Middle Income
TUN,1997,2551.55055160864,13.0872402191162,,1.89,LMC,Low and Middle Income
TUN,1998,2639.87498120997,14.4664297103882,-5.43074154853821,1.917,LMC,Low and Middle Income
TUN,1999,2766.57007135231,16.0545997619629,,1.938,LMC,Low and Middle Income
TUN,2000,2864.54703666618,18.2472705841064,-4.76786711812019,1.99,LMC,Low and Middle Income
TUN,2001,2941.73893592906,20.5963401794434,,2.053,LMC,Low and Middle Income
TUN,2002,2950.20410959054,22.0570907592773,-2.83503825962543,2.044,LMC,Low and Middle Income
TUN,2003,3058.22895827842,25.9742908477783,-3.23977455496788,2.089,LMC,Low and Middle Income
TUN,2004,3218.72320748457,28.3220500946045,0.79380077496171,2.178,LMC,Low and Middle Income
TUN,2005,3301.93817216029,30.4263496398926,-0.616566441953182,2.196,LMC,Low and Middle Income
TUN,2006,3444.5513526091,31.5884609222412,1.92030143737793,2.215,LMC,Low and Middle Income
TUN,2007,3642.11977444786,32.1416816711426,1.37409252673388,2.368,LMC,Low and Middle Income
TUN,2008,3760.11828478704,33.5827484130859,1.35266623646021,2.414,LMC,Low and Middle Income
TUN,2009,3835.25011939301,35.3081817626953,2.03986911475658,2.38,LMC,Low and Middle Income
TUN,2010,3906.90625867605,36.0425300598145,0.660506587475539,2.591,LMC,Low and Middle Income
TUN,2011,3784.7412903401,35.942798614502,-3.27855299413203,2.428,LMC,Low and Middle Income
TUN,2012,3900.04620132702,36.0693092346191,-2.78543926775455,2.561,LMC,Low and Middle Income
TUN,2013,3947.58763533174,34.2130088806152,-3.0387704372406,2.583,LMC,Low and Middle Income
TUN,2014,4021.59954703591,33.7252311706543,-1.16795532405376,2.65,LMC,Low and Middle Income
TUN,2015,4014.94773686432,33.373851776123,-0.728510400280357,2.752,LMC,Low and Middle Income
TUN,2016,4015.28893802703,31.2128105163574,0.424603609368205,2.686,LMC,Low and Middle Income
TUN,2017,4062.80606534519,30.9277496337891,1.65194684267044,2.719,LMC,Low and Middle Income
TUN,2018,4127.97005697994,30.9594707489014,0.970635298639536,2.645,LMC,Low and Middle Income
TUN,2019,4153.27978615515,31.4410896301269,1.54750811308622,2.575,LMC,Low and Middle Income
TUN,2020,3749.26841452928,32.5181999206543,2.51012188196182,2.409,LMC,Low and Middle Income
TUR,1990,5188.18244439241,12.0200004577637,,2.759,UMC,Low and Middle Income
TUR,1991,5134.41760877172,12.9068098068237,,2.826,UMC,Low and Middle Income
TUR,1992,5301.80855982172,13.753210067749,,2.884,UMC,Low and Middle Income
TUR,1993,5609.85056730997,15.4898300170898,,2.954,UMC,Low and Middle Income
TUR,1994,5255.80339736897,18.9496097564697,,2.842,UMC,Low and Middle Income
TUR,1995,5577.82539654281,19.2497100830078,,3.026,UMC,Low and Middle Income
TUR,1996,5887.67309798528,,-2.35951125621796,3.278,UMC,Low and Middle Income
TUR,1997,6230.18622126407,22.7995204925537,,3.429,UMC,Low and Middle Income
TUR,1998,6261.28870069222,22.0010604858398,-1.6916796118021,3.383,UMC,Low and Middle Income
TUR,1999,5989.55700860592,22.4771995544434,,3.27,UMC,Low and Middle Income
TUR,2000,6326.25746472488,,-1.20608555525541,3.56,UMC,Low and Middle Income
TUR,2001,5906.92348536699,25.0384502410889,,3.274,UMC,Low and Middle Income
TUR,2002,6211.70542960394,25.9334297180176,-1.39711447805166,3.346,UMC,Low and Middle Income
TUR,2003,6496.07277294612,29.7210502624512,1.75167294591666,3.536,UMC,Low and Middle Income
TUR,2004,7061.62219794984,30.7662506103516,1.43988776952028,3.613,UMC,Low and Middle Income
TUR,2005,7623.14640948457,33.2225189208984,1.99696536362171,3.861,UMC,Low and Middle Income
TUR,2006,8078.5153787571,37.3102416992188,-0.0573634714819491,4.075,UMC,Low and Middle Income
TUR,2007,8477.53328393352,39.3874015808105,-0.608700547367335,4.473,UMC,Low and Middle Income
TUR,2008,8447.93976396947,40.7729606628418,0.388359680771829,4.369,UMC,Low and Middle Income
TUR,2009,7925.30110421185,46.9404602050781,0.83144535496831,4.396,UMC,Low and Middle Income
TUR,2010,8472.57809050119,56.7506217956543,0.849662084132433,4.345,UMC,Low and Middle Income
TUR,2011,9265.85910238578,61.516300201416,0.262781200930476,4.638,UMC,Low and Middle Income
TUR,2012,9588.32066531438,70.1044998168945,-0.622345425188542,4.769,UMC,Low and Middle Income
TUR,2013,10269.4489140773,79.6469573974609,-0.0774601586163044,4.589,UMC,Low and Middle Income
TUR,2014,10597.9801881716,86.9976806640625,-1.29033758491278,4.706,UMC,Low and Middle Income
TUR,2015,11064.6494504662,95.5645065307617,-3.89093637466431,4.845,UMC,Low and Middle Income
TUR,2016,11279.6169531569,103.71558380127,-5.76481238007546,4.967,UMC,Low and Middle Income
TUR,2017,12005.6459824832,110.534072875977,-5.35149377584457,5.183,UMC,Low and Middle Income
TUR,2018,12255.0082146169,115.462463378906,-6.58419981598854,5.021,UMC,Low and Middle Income
TUR,2019,12238.2950220128,117.005470275879,-5.85279816389084,4.763,UMC,Low and Middle Income
TUR,2020,12338.643833135,118.883682250977,-7.09937283396721,4.836,UMC,Low and Middle Income
TZA,1990,541.544799804688,,,0.081,LMC,Low and Middle Income
TZA,1991,538.966979980469,0.33186000585556,,0.084,LMC,Low and Middle Income
TZA,1992,528.781555175781,0.338530004024506,,0.079,LMC,Low and Middle Income
TZA,1993,518.66259765625,0.378969997167587,,0.086,LMC,Low and Middle Income
TZA,1994,506.972503662109,0.394089996814728,,0.07,LMC,Low and Middle Income
TZA,1995,508.840423583984,0.448469996452331,,0.08,LMC,Low and Middle Income
TZA,1996,522.333251953125,0.505940020084381,-3.16604913771152,0.082,LMC,Low and Middle Income
TZA,1997,529.954223632813,0.603569984436035,,0.089,LMC,Low and Middle Income
TZA,1998,535.363159179688,0.521799981594086,-2.82689175009727,0.077,LMC,Low and Middle Income
TZA,1999,546.605529785156,0.602710008621216,,0.074,LMC,Low and Middle Income
TZA,2000,555.348083496094,0.64341002702713,-5.7292069196701,0.075,LMC,Low and Middle Income
TZA,2001,573.400146484375,0.662460029125214,,0.086,LMC,Low and Middle Income
TZA,2002,598.421569824219,0.697420001029968,-5.80552354454994,0.096,LMC,Low and Middle Income
TZA,2003,621.720703125,0.897960007190704,-5.24915486574172,0.099,LMC,Low and Middle Income
TZA,2004,650.516540527344,1.21524000167847,-6.62431627511978,0.111,LMC,Low and Middle Income
TZA,2005,680.051208496094,1.42771995067596,-4.86716440320015,0.137,LMC,Low and Middle Income
TZA,2006,704.502746582031,,-7.55930829048156,0.146,LMC,Low and Middle Income
TZA,2007,731.52001953125,1.46310997009277,-6.44095888733864,0.138,LMC,Low and Middle Income
TZA,2008,752.540466308594,,-6.03917706012725,0.141,LMC,Low and Middle Income
TZA,2009,772.929565429688,,-8.16227918863296,0.133,LMC,Low and Middle Income
TZA,2010,801.29931640625,2.13913621753427,-8.26788970828056,0.161,LMC,Low and Middle Income
TZA,2011,838.999267578125,,-8.75319308042526,0.183,LMC,Low and Middle Income
TZA,2012,851.910705566406,3.96461947161333,-9.13976812362671,0.219,LMC,Low and Middle Income
TZA,2013,882.8115234375,3.67337417645482,-8.11359035968781,0.23,LMC,Low and Middle Income
TZA,2014,913.811218261719,,-6.81530642509461,0.218,LMC,Low and Middle Income
TZA,2015,939.127319335938,3.98361077132501,-6.6836151778698,0.246,LMC,Low and Middle Income
TZA,2016,970.156127929688,3.72893939925404,-6.68355175852776,0.251,LMC,Low and Middle Income
TZA,2017,1001.55895996094,4.78205361153138,-7.9352200627327,0.243,LMC,Low and Middle Income
TZA,2018,1024.01525878906,4.27996511118124,-9.68726873397827,0.248,LMC,Low and Middle Income
TZA,2019,1051.7666015625,2.85588898826608,-9.64939486980438,0.274,LMC,Low and Middle Income
TZA,2020,1041.25964355469,7.18188265775187,-10.3840205073357,0.262,LMC,Low and Middle Income
UKR,1990,3102.310546875,46.6147499084473,,13.573,UMC,Low and Middle Income
UKR,1991,2826.06469726563,45.6067581176758,,12.137,UMC,Low and Middle Income
UKR,1992,2538.85278320313,45.6464614868164,,11.267,UMC,Low and Middle Income
UKR,1993,2177.23486328125,43.9720497131348,,9.752,UMC,Low and Middle Income
UKR,1994,1687.48449707031,41.6465492248535,,8.058,UMC,Low and Middle Income
UKR,1995,1493.38208007813,43.5848693847656,,7.552,UMC,Low and Middle Income
UKR,1996,1355.57336425781,43.0763893127441,-14.0002930164337,6.868,UMC,Low and Middle Income
UKR,1997,1326.27795410156,,,6.706,UMC,Low and Middle Income
UKR,1998,1311.59362792969,46.2560806274414,-16.6987653374672,6.528,UMC,Low and Middle Income
UKR,1999,1319.533203125,48.1569786071777,,5.976,UMC,Low and Middle Income
UKR,2000,1409.22265625,50.5071182250977,-18.5932413339614,5.764,UMC,Low and Middle Income
UKR,2001,1547.2783203125,52.9101104736328,,6.188,UMC,Low and Middle Income
UKR,2002,1644.28125,56.645679473877,-14.3479236960411,6.079,UMC,Low and Middle Income
UKR,2003,1814.25854492188,60.2553215026855,-13.994698703289,6.359,UMC,Low and Middle Income
UKR,2004,2042.44494628906,63.4407501220703,-13.176497220993,6.474,UMC,Low and Middle Income
UKR,2005,2122.6015625,66.8898620605469,-13.677259683609,6.588,UMC,Low and Middle Income
UKR,2006,2298.13232421875,71.939811706543,-13.9632951617241,7.044,UMC,Low and Middle Income
UKR,2007,2498.35205078125,76.2627563476562,-12.6881180405617,7.157,UMC,Low and Middle Income
UKR,2008,2567.69409179688,79.7325210571289,-11.9512646198273,6.963,UMC,Low and Middle Income
UKR,2009,2188.17016601563,82.4992523193359,-13.3743824958801,5.954,UMC,Low and Middle Income
UKR,2010,2285.93383789063,81.9082510858655,-14.3507061600685,6.336,UMC,Low and Middle Income
UKR,2011,2418.12084960938,84.7981059629784,-14.4694016575813,6.659,UMC,Low and Middle Income
UKR,2012,2426.92944335938,83.8798999891598,-13.8947630524635,6.588,UMC,Low and Middle Income
UKR,2013,2432.41625976563,81.5320112568844,-14.3610925078392,6.45,UMC,Low and Middle Income
UKR,2014,2308.6435546875,83.7842174613245,-14.1023866534233,5.606,UMC,Low and Middle Income
UKR,2015,2094.47387695313,76.8646556476929,-14.7882878780365,4.889,UMC,Low and Middle Income
UKR,2016,2156.0830078125,77.0398374695438,-13.8395413160324,5.132,UMC,Low and Middle Income
UKR,2017,2217.7529296875,80.1990246943391,-12.793693125248,4.914,UMC,Low and Middle Income
UKR,2018,2308.6669921875,81.4946716210446,-12.8730698227882,5.13,UMC,Low and Middle Income
UKR,2019,2398.07836914063,84.48135621115,-12.6040042042732,4.942,UMC,Low and Middle Income
UKR,2020,2324.107421875,82.1345992180731,-12.0465478301048,4.635,UMC,Low and Middle Income
URY,1990,8320.3559048693,30.11083984375,,1.281,HIC,High Income
URY,1991,8565.26927800028,30.7541999816894,,1.453,HIC,High Income
URY,1992,9193.55122074713,28.0859699249268,,1.641,HIC,High Income
URY,1993,9388.10939080161,,,1.409,HIC,High Income
URY,1994,10019.3479243955,,,1.274,HIC,High Income
URY,1995,9822.89680356996,,,1.431,HIC,High Income
URY,1996,10316.2027570949,29.964319229126,9.55010455846787,1.688,HIC,High Income
URY,1997,11138.8676127212,,,1.713,HIC,High Income
URY,1998,11584.9491858277,35.4384002685547,10.4963500499725,1.745,HIC,High Income
URY,1999,11357.0866859804,33.6197891235352,,2.056,HIC,High Income
URY,2000,11096.3309569487,33.8414497375488,9.46715146303177,1.616,HIC,High Income
URY,2001,10643.5574019273,37.7791595458984,,1.539,HIC,High Income
URY,2002,9806.7713064359,39.5832290649414,11.4629766345024,1.394,HIC,High Income
URY,2003,9878.75684344081,41.7629699707031,11.1607783436775,1.383,HIC,High Income
URY,2004,10366.9067382871,42.7656097412109,7.75829854607582,1.698,HIC,High Income
URY,2005,11131.3984890038,44.3836708068848,7.80044284462928,1.746,HIC,High Income
URY,2006,11574.470540231,45.3399810791016,9.37630492448807,2.01,HIC,High Income
URY,2007,12310.482735502,50.3921318054199,10.2119814157486,1.809,HIC,High Income
URY,2008,13165.83628166,51.0627593994141,10.4322966337204,2.489,HIC,High Income
URY,2009,13691.71420689,50.9438095092773,12.8481705188751,2.414,HIC,High Income
URY,2010,14722.3780081191,51.8884303512712,13.3754403591156,1.905,HIC,High Income
URY,2011,15443.9961926395,52.5558159999377,12.4371055364609,2.31,HIC,High Income
URY,2012,15949.3176985435,54.7069093768187,10.4497078061104,2.58,HIC,High Income
URY,2013,16639.4054750651,59.9512588300598,9.80462086200714,2.239,HIC,High Income
URY,2014,17122.0364563225,59.826704311423,12.9504177570343,1.991,HIC,High Income
URY,2015,17125.9016800298,57.7897211461691,12.603279709816,2.001,HIC,High Income
URY,2016,17357.2349992841,59.6462945758069,10.5963941812515,1.93,HIC,High Income
URY,2017,17611.6036800874,59.7518904286933,9.54070407152176,1.815,HIC,High Income
URY,2018,17608.94412947,60.2781342968002,9.77711546421051,1.936,HIC,High Income
URY,2019,17758.4384273402,61.9644279466795,10.3389347195625,1.886,HIC,High Income
URY,2020,16443.363490131,64.9332150107214,11.1167252659798,1.906,HIC,High Income
UZB,1990,1726.30546724627,16.854549407959,,5.039,LMC,Low and Middle Income
UZB,1991,1677.00705207512,17.0046997070312,,4.881,LMC,Low and Middle Income
UZB,1992,1452.98873488236,16.4374408721924,,5.166,LMC,Low and Middle Income
UZB,1993,1387.10439786651,,,5.258,LMC,Low and Middle Income
UZB,1994,1287.14935182537,,,4.887,LMC,Low and Middle Income
UZB,1995,1250.27933587957,,,4.573,LMC,Low and Middle Income
UZB,1996,1247.8810920149,,-21.0660371780396,4.633,LMC,Low and Middle Income
UZB,1997,1290.28380529458,,,4.589,LMC,Low and Middle Income
UZB,1998,1324.80194060935,,-21.3762768507004,5.012,LMC,Low and Middle Income
UZB,1999,1362.51315204654,12.9796800613403,,5.049,LMC,Low and Middle Income
UZB,2000,1397.01202350998,13.0081100463867,-20.413580775261,4.982,LMC,Low and Middle Income
UZB,2001,1437.5947280451,13.297869682312,,5.031,LMC,Low and Middle Income
UZB,2002,1476.49258739973,13.7379999160767,-24.4811419248582,5.22,LMC,Low and Middle Income
UZB,2003,1520.35493285443,13.8350601196289,-21.1924923658371,5.068,LMC,Low and Middle Income
UZB,2004,1613.64273882937,13.8527898788452,-22.7257658243179,4.96,LMC,Low and Middle Income
UZB,2005,1704.33893207214,9.84444999694824,-25.1380527019501,4.614,LMC,Low and Middle Income
UZB,2006,1807.87328626177,9.96053028106689,-24.7111096382141,4.678,LMC,Low and Middle Income
UZB,2007,1951.57878907892,9.83143043518066,-20.8199846744537,4.573,LMC,Low and Middle Income
UZB,2008,2095.38214534409,9.89933967590332,-19.9518092870711,4.669,LMC,Low and Middle Income
UZB,2009,2228.0552685669,9.8161096572876,-22.5453231334686,3.91,LMC,Low and Middle Income
UZB,2010,2359.64199067641,8.85653237012253,-24.0829111337662,3.793,LMC,Low and Middle Income
UZB,2011,2512.68783806993,8.58497947573208,-24.6908318996429,4.051,LMC,Low and Middle Income
UZB,2012,2657.09909084172,7.84954008903504,-22.0876898765563,4.062,LMC,Low and Middle Income
UZB,2013,2823.00205379328,7.97676963416095,-21.0007585287095,3.781,LMC,Low and Middle Income
UZB,2014,2990.56339751192,7.99231869405469,-19.2831604480744,3.557,LMC,Low and Middle Income
UZB,2015,3172.89899391083,8.05320814639575,-19.3390423059463,3.362,LMC,Low and Middle Income
UZB,2016,3327.90932206401,8.33958377998093,-19.1611485481263,3.511,LMC,Low and Middle Income
UZB,2017,3425.78819696408,8.64750307019382,-19.2474831342697,3.422,LMC,Low and Middle Income
UZB,2018,3559.85436594803,9.95855522351711,-18.6381042003632,3.161,LMC,Low and Middle Income
UZB,2019,3733.50435754861,13.0316667432446,-18.3297736644745,3.275,LMC,Low and Middle Income
UZB,2020,3723.82133264406,15.9720957084892,-18.8459914922715,3.22,LMC,Low and Middle Income
VNM,1990,687.860316254161,3.05396008491516,,0.325,UMC,Low and Middle Income
VNM,1991,713.747210806804,2.04989004135132,,0.32,UMC,Low and Middle Income
VNM,1992,759.910853953724,1.62644994258881,,0.314,UMC,Low and Middle Income
VNM,1993,805.606443630458,2.01602005958557,,0.328,UMC,Low and Middle Income
VNM,1994,861.122422555836,2.24714994430542,,0.386,UMC,Low and Middle Income
VNM,1995,927.625512005765,2.83200001716614,,0.418,UMC,Low and Middle Income
VNM,1996,998.924907248853,4.06363010406494,-8.20125243067742,0.485,UMC,Low and Middle Income
VNM,1997,1064.77802859908,6.84087991714478,,0.613,UMC,Low and Middle Income
VNM,1998,1110.1126773248,9.53810024261475,-6.84626337885855,0.636,UMC,Low and Middle Income
VNM,1999,1148.04465210832,10.4174203872681,,0.636,UMC,Low and Middle Income
VNM,2000,1212.19657794381,9.24740982055664,-5.87456330657005,0.699,UMC,Low and Middle Income
VNM,2001,1273.8052690094,9.30103015899658,,0.782,UMC,Low and Middle Income
VNM,2002,1340.51670460271,9.55722999572754,-11.5430276989937,0.883,UMC,Low and Middle Income
VNM,2003,1418.74337471509,9.91792964935303,-10.8260000944138,0.971,UMC,Low and Middle Income
VNM,2004,1510.94449049599,,-10.2692083716393,1.107,UMC,Low and Middle Income
VNM,2005,1609.96268313651,15.8760204315185,-5.39841288328171,1.182,UMC,Low and Middle Income
VNM,2006,1699.67620343393,16.8052501678467,-8.82128036022186,1.213,UMC,Low and Middle Income
VNM,2007,1788.9485028957,18.9504508972168,-8.33350509405136,1.213,UMC,Low and Middle Income
VNM,2008,1856.00519883979,20.0552005767822,-7.8957163989544,1.342,UMC,Low and Middle Income
VNM,2009,1927.13427057454,21.5007190704346,-9.03600430488586,1.44,UMC,Low and Middle Income
VNM,2010,2027.58184375924,23.9250975429329,-9.88218343257904,1.596,UMC,Low and Middle Income
VNM,2011,2132.90453762087,25.8674734818525,-9.21197336912155,1.725,UMC,Low and Middle Income
VNM,2012,2224.11404253256,25.7487091222031,-9.43370413780213,1.612,UMC,Low and Middle Income
VNM,2013,2320.08431444934,25.6249412769592,-8.76136136054992,1.672,UMC,Low and Middle Income
VNM,2014,2439.28655744423,31.3306389293887,-6.12698546051979,1.964,UMC,Low and Middle Income
VNM,2015,2577.56885340113,29.7250797402999,-6.01068121194839,2.299,UMC,Low and Middle Income
VNM,2016,2715.57887431272,29.0811980839409,1.16495337337255,2.351,UMC,Low and Middle Income
VNM,2017,2868.13680013379,25.9526307046456,0.755685947835446,2.392,UMC,Low and Middle Income
VNM,2018,3048.28327602145,,-0.536167188547552,2.655,UMC,Low and Middle Income
VNM,2019,3241.07648966529,30.2241191864014,-0.786004833877086,3.492,UMC,Low and Middle Income
VNM,2020,3303.16949807493,,-3.13635498285293,3.697,UMC,Low and Middle Income
